transaction_amount,transaction_hour,account_age_days,distance_km,transactions_24h,avg_amount_7d,device_changes_30d,failed_attempts_24h,num_prior_transactions,is_new_device,email_address_match,billing_shipping_match,card_present,merchant_risk_score,velocity_score,isFraud
49.24,9,630,0.47,1,7.48,0,0,40,0,1,1,1,0.216,5.67,0
26.09,23,283,9.83,2,17.35,0,0,13,0,1,1,1,0.266,21.47,0
57.26,16,1100,23.81,1,21.55,0,0,48,0,1,1,0,0.081,3.9,0
137.42,20,187,15.62,1,30.46,1,0,9,0,1,0,1,0.262,34.12,0
23.71,1,22,50.86,3,29.28,0,0,1,0,1,1,0,0.026,29.12,0
23.71,5,525,27.8,2,36.51,0,0,47,0,1,1,1,0.103,15.92,0
145.36,4,576,11.22,1,3.28,0,0,47,0,1,1,1,0.134,0.22,0
64.55,3,403,3.47,2,27.95,0,0,19,0,1,1,1,0.319,12.96,0
18.74,1,575,0.06,1,14.96,0,0,10,0,1,1,1,0.628,12.07,0
51.55,11,371,59.06,1,76.02,0,0,17,0,0,1,1,0.227,25.08,0
18.85,2,590,41.79,3,48.58,0,0,50,0,1,1,1,0.104,15.96,0
18.81,5,22,4.81,0,58.36,1,0,0,1,1,1,1,0.153,7.01,0
38.17,23,230,15.25,2,59.28,0,0,16,0,1,0,0,0.232,21.13,0
4.42,13,118,19.6,2,30.06,0,0,10,0,1,1,0,0.149,6.66,0
5.34,7,52,12.94,0,18.41,0,0,2,0,1,0,1,0.43,9.39,0
17.08,20,133,27.77,1,23.69,0,1,2,0,1,1,1,0.073,5.14,0
10.88,20,106,1.22,2,56.65,0,0,6,0,1,1,0,0.338,24.44,0
41.03,13,1808,34.02,0,21.26,0,0,134,0,1,1,0,0.187,2.54,0
12.09,2,169,7.46,1,28.64,0,0,12,1,1,1,1,0.066,12.31,0
7.3,15,131,9.83,1,24.83,0,0,7,0,1,1,1,0.335,18.29,0
129.76,14,901,8.82,0,21.75,0,0,60,0,1,1,1,0.063,0.0,0
23.91,6,272,11.37,4,73.36,0,0,10,1,1,1,1,0.088,35.82,0
32.06,14,274,13.68,1,17.67,0,0,9,0,1,1,1,0.142,10.86,0
7.21,12,293,18.59,2,10.96,1,0,26,0,1,0,1,0.08,24.32,0
17.39,5,269,11.16,1,46.37,0,0,10,0,1,1,1,0.32,11.07,0
33.48,14,198,17.32,1,23.9,0,0,14,0,1,1,0,0.128,17.46,0
9.48,16,169,6.19,1,16.97,0,0,5,0,1,1,1,0.217,6.92,0
43.63,3,1068,41.39,3,18.35,0,0,56,0,1,1,1,0.168,34.09,0
16.43,21,88,1.0,3,20.35,0,0,2,0,1,1,1,0.146,17.97,0
22.38,21,100,11.83,0,14.98,0,0,4,0,1,1,1,0.209,5.78,0
16.42,13,424,1.37,1,94.03,0,0,13,0,1,1,1,0.145,6.69,0
191.0,14,211,8.77,2,64.81,0,0,20,0,1,1,1,0.145,5.33,0
29.56,11,274,4.47,2,9.65,0,0,4,0,0,1,1,0.097,17.71,0
10.41,18,821,41.45,2,16.46,0,1,37,0,1,1,0,0.4,28.77,0
68.21,21,1170,0.2,3,20.24,1,0,80,0,1,1,1,0.159,39.39,0
8.84,9,782,7.44,2,4.17,0,0,70,0,1,1,0,0.401,19.49,0
36.92,5,134,22.85,2,15.78,1,0,13,0,1,1,0,0.108,45.98,0
4.22,8,1955,3.13,1,39.36,0,0,131,0,1,1,1,0.127,3.63,0
7.94,1,226,25.36,0,22.75,0,0,21,0,1,1,1,0.124,8.69,0
36.48,3,93,29.46,3,74.92,0,0,8,0,1,1,0,0.074,17.22,0
62.71,8,346,18.47,1,37.32,0,0,21,0,1,1,1,0.276,5.2,0
35.57,14,646,3.52,1,83.12,0,0,17,0,1,1,1,0.117,12.09,0
26.69,12,43,4.76,0,45.99,0,0,2,0,1,1,1,0.438,13.43,0
22.17,19,503,2.74,3,24.15,0,0,28,0,0,1,1,0.342,32.83,0
6.83,7,976,3.05,0,11.9,1,0,60,0,0,1,0,0.098,6.98,0
14.59,18,152,0.56,0,10.59,0,1,6,0,1,1,0,0.184,0.0,0
18.9,18,591,29.21,1,34.68,0,0,42,0,1,1,0,0.254,4.95,0
86.24,15,255,11.28,1,56.34,0,1,14,0,1,0,1,0.475,0.0,0
42.25,10,267,5.96,0,30.39,0,0,17,0,1,1,0,0.329,0.0,0
5.14,9,165,5.13,2,38.65,1,0,6,0,1,1,0,0.384,29.75,0
41.43,7,490,11.8,3,46.79,0,0,26,0,1,1,1,0.151,26.99,0
20.39,0,224,5.93,1,19.61,0,0,17,0,1,1,1,0.224,8.03,0
15.23,9,889,29.9,4,39.52,0,0,22,0,1,1,1,0.19,41.38,0
55.24,17,1647,3.55,2,41.65,0,0,137,0,1,1,0,0.278,27.51,0
84.02,2,1367,32.09,3,11.16,0,0,70,0,1,0,1,0.206,23.41,0
76.04,10,89,16.36,4,30.93,1,0,8,0,1,1,0,0.015,36.25,0
12.95,17,7,47.07,3,37.8,0,0,0,0,1,1,0,0.156,27.75,0
21.99,2,289,0.23,2,36.5,0,0,6,0,0,1,1,0.383,11.44,0
41.73,7,653,0.91,1,33.72,0,0,38,0,0,1,1,0.111,15.33,0
79.48,13,1896,10.42,4,50.77,0,1,115,0,1,1,0,0.028,31.34,0
18.56,5,765,36.52,1,157.45,0,0,55,0,1,1,0,0.43,7.87,0
24.89,14,434,19.68,1,31.67,0,0,13,0,1,1,1,0.195,20.37,0
9.91,13,13,14.6,2,96.1,0,0,0,0,1,1,0,0.418,17.84,0
9.06,6,873,0.48,1,6.97,0,0,42,0,1,0,0,0.455,0.08,0
67.53,9,97,6.56,0,30.39,0,0,9,0,1,1,1,0.113,0.0,0
116.31,14,29,6.37,0,7.68,0,1,1,1,1,1,1,0.2,12.49,1
27.88,9,950,11.72,1,18.09,0,0,17,0,1,1,0,0.09,3.08,0
81.74,21,418,4.47,1,104.66,0,0,24,0,1,1,1,0.406,0.0,0
43.02,16,69,4.66,2,51.49,0,0,6,0,1,1,1,0.065,28.75,0
15.72,18,244,14.55,0,29.57,0,0,17,0,1,1,0,0.208,8.81,0
43.01,16,45,43.39,0,67.64,0,0,3,0,1,1,0,0.274,4.55,0
139.5,11,508,16.19,2,33.17,0,0,43,0,1,1,0,0.25,18.34,0
28.91,14,166,16.55,0,19.72,0,0,4,0,1,1,0,0.347,13.04,0
143.26,11,1005,64.26,0,6.96,0,0,46,0,1,1,0,0.31,9.55,0
2.18,8,221,2.5,2,38.08,1,0,7,1,1,1,0,0.278,33.69,0
68.16,4,341,0.52,3,12.53,1,0,16,0,1,1,1,0.03,32.36,0
32.69,3,33,20.53,0,26.86,0,0,0,0,1,1,0,0.207,0.0,0
22.22,11,161,8.66,4,24.77,0,0,8,0,1,1,1,0.114,42.13,0
32.84,15,565,8.4,2,20.03,0,0,16,0,1,1,0,0.219,10.63,0
4.11,8,666,3.83,1,35.04,0,1,45,0,1,1,0,0.373,7.96,0
24.05,2,139,10.6,0,114.81,0,1,7,0,1,1,1,0.144,0.0,0
42.82,20,350,8.76,1,30.98,0,0,25,0,1,1,0,0.122,9.48,0
131.35,2,851,6.36,2,25.3,0,0,45,0,1,0,1,0.348,10.23,1
17.85,17,239,8.77,1,22.65,0,0,16,0,1,1,0,0.419,0.0,0
13.35,16,72,7.26,1,27.57,0,1,1,0,1,1,1,0.176,0.0,0
18.14,9,283,42.18,1,63.34,0,0,8,0,1,1,0,0.1,19.68,0
74.84,1,459,58.87,1,1.84,0,0,44,0,1,1,1,0.423,3.17,0
41.63,23,4,27.48,0,22.02,0,1,0,0,1,1,1,0.145,5.91,0
17.64,10,214,69.71,2,4.2,0,1,13,0,1,1,1,0.163,20.81,0
50.06,23,468,4.63,0,18.51,0,0,46,1,1,1,0,0.092,0.0,0
33.02,2,1517,27.77,1,28.33,0,0,29,0,1,1,1,0.036,17.62,0
78.94,22,263,7.83,1,60.87,2,0,25,0,1,1,1,0.189,27.22,0
14.85,22,89,20.56,2,50.27,1,0,1,0,1,0,1,0.087,25.91,0
21.59,1,382,3.37,1,79.6,0,0,26,0,1,1,1,0.174,12.15,0
20.24,8,168,25.07,2,20.47,0,0,10,0,1,1,0,0.311,14.1,0
6.93,18,121,1.31,3,13.01,0,0,10,0,1,1,0,0.179,14.39,0
40.29,1,446,4.73,0,16.94,0,0,29,0,1,1,1,0.165,0.0,0
38.9,18,1238,25.89,0,45.39,0,0,43,0,1,1,0,0.089,0.0,0
30.12,1,902,20.62,0,82.82,0,0,31,0,1,1,1,0.216,10.93,1
23.7,14,101,10.43,3,38.21,2,1,7,0,1,1,1,0.251,41.42,1
7.28,23,726,16.76,2,18.33,0,0,62,0,1,0,0,0.064,15.01,0
19.68,20,131,3.08,1,9.0,0,1,7,0,0,0,0,0.053,13.23,0
21.27,2,172,16.53,1,22.45,0,0,14,0,1,1,0,0.173,18.51,0
13.43,4,1263,0.12,1,46.69,0,0,37,0,1,1,1,0.171,2.77,0
25.5,10,1210,26.87,3,9.88,0,0,73,0,1,1,1,0.236,22.7,0
44.88,23,92,10.89,2,134.01,0,1,5,1,1,1,1,0.118,12.99,1
197.59,6,33,43.2,3,23.07,0,0,2,0,1,1,1,0.158,35.73,0
35.68,5,173,9.76,0,60.56,0,1,16,0,1,1,0,0.615,0.0,0
38.77,13,436,8.51,1,11.5,0,0,11,1,1,1,0,0.29,14.36,0
27.81,0,1047,8.97,1,18.74,0,0,68,0,1,1,0,0.263,2.39,0
4.4,16,63,6.69,2,78.48,2,0,3,1,1,1,0,0.225,33.67,1
29.18,16,268,2.73,4,10.54,0,0,15,0,1,1,0,0.24,38.71,0
31.82,13,159,27.68,0,42.12,0,0,13,0,1,0,1,0.261,5.41,0
351.86,9,8,7.39,3,13.53,0,1,0,0,1,1,0,0.132,14.57,1
24.72,7,777,11.3,3,13.06,0,0,45,0,1,1,1,0.222,25.41,0
40.51,7,839,0.3,1,25.49,0,1,53,1,1,1,1,0.156,4.67,0
28.94,13,125,0.93,0,15.97,0,0,10,1,1,1,1,0.066,0.0,0
9.31,6,82,13.64,1,34.64,0,0,7,0,1,1,1,0.117,20.43,0
93.96,5,78,31.71,0,22.44,1,0,3,0,1,1,1,0.169,2.31,0
63.56,3,312,10.2,1,15.06,0,0,8,0,1,1,1,0.133,6.69,0
66.09,0,142,2.7,2,23.34,1,0,4,0,1,1,0,0.253,10.63,0
12.07,14,358,1.85,1,91.49,0,0,15,0,1,1,1,0.145,0.0,0
121.85,14,243,34.51,1,12.84,0,0,23,0,1,1,1,0.077,12.3,0
7.38,0,118,18.14,2,11.52,2,0,11,0,1,1,0,0.182,41.48,0
53.89,19,696,50.81,1,12.27,0,0,63,0,1,1,0,0.177,16.54,0
267.86,2,81,1.29,3,12.51,0,0,5,0,1,1,0,0.276,20.4,0
11.13,22,802,34.94,2,13.02,0,0,46,0,1,1,0,0.16,24.67,0
17.01,4,412,28.03,0,9.36,0,0,15,0,1,0,0,0.243,9.32,0
33.1,4,892,33.55,0,54.84,0,0,65,0,1,1,0,0.372,17.91,0
18.11,3,2,0.09,0,31.17,0,0,0,1,1,1,0,0.082,0.0,0
6.36,16,692,20.32,3,26.07,0,0,60,0,1,1,0,0.038,18.63,0
32.09,20,26,11.94,2,185.08,1,0,2,0,1,1,0,0.26,35.88,0
10.36,19,1499,12.77,3,43.54,0,0,55,0,1,1,1,0.261,25.9,0
48.11,13,607,9.5,1,465.56,0,0,39,0,1,1,1,0.243,16.56,0
11.95,7,193,20.36,0,76.3,0,0,6,0,1,1,1,0.082,3.54,0
141.17,1,193,131.04,1,10.26,0,0,16,0,1,1,0,0.496,11.03,1
13.69,7,988,18.6,1,9.33,0,0,92,0,1,1,1,0.031,0.0,0
21.71,0,1166,17.0,0,17.95,0,0,110,0,1,1,1,0.311,0.0,0
67.59,3,1111,15.94,2,20.44,1,0,103,0,1,1,1,0.075,17.09,0
8.75,18,827,17.82,0,75.31,0,1,33,0,1,1,0,0.024,5.57,0
37.62,4,855,6.28,2,19.51,0,0,29,0,1,1,1,0.253,30.71,0
110.74,4,425,5.79,1,24.81,0,1,10,0,1,0,1,0.336,12.97,0
6.0,20,14,23.01,2,10.65,0,0,1,0,1,1,1,0.02,0.0,0
36.04,19,45,0.82,1,46.02,0,0,4,0,1,1,1,0.112,8.45,0
38.86,23,524,21.36,2,65.26,0,0,13,0,1,1,1,0.16,6.31,0
65.49,18,256,25.22,0,50.38,0,0,14,0,1,1,1,0.2,0.0,0
8.7,11,419,11.06,2,30.09,0,0,16,0,1,1,1,0.019,12.81,0
8.0,19,131,36.14,0,61.57,0,0,10,0,1,1,1,0.219,0.0,0
50.5,0,524,9.61,2,41.57,0,0,46,1,1,1,1,0.332,29.09,0
40.33,6,139,2.94,2,51.0,0,0,6,0,1,1,1,0.263,19.54,0
38.49,16,309,6.73,2,14.51,0,0,22,0,1,1,1,0.21,12.36,0
42.37,1,326,35.45,2,21.47,1,0,16,0,1,1,0,0.094,27.29,0
15.18,10,98,76.1,2,44.53,0,0,9,0,1,1,1,0.377,21.58,0
37.8,6,1045,8.22,2,18.7,0,0,17,0,1,1,0,0.212,9.85,0
40.17,16,373,2.74,2,138.52,0,0,30,1,1,1,1,0.151,0.0,0
14.67,2,1008,5.06,1,38.06,0,0,20,0,1,1,0,0.215,0.0,0
193.6,21,152,12.09,1,42.96,1,0,11,0,1,1,0,0.135,19.61,0
48.13,5,95,12.73,1,63.0,0,1,9,0,1,1,0,0.075,5.33,0
9.1,21,9,14.92,2,33.65,1,0,0,0,0,1,1,0.181,26.98,0
57.77,10,49,27.06,0,39.53,0,0,1,0,1,1,0,0.125,0.0,0
11.31,17,80,18.63,0,17.09,0,0,1,0,1,1,1,0.262,8.3,0
65.83,17,41,4.53,2,20.7,1,0,3,0,1,1,0,0.251,19.57,0
95.45,21,1136,7.54,1,27.04,0,0,44,0,1,1,0,0.399,0.49,0
13.19,9,1212,27.47,2,11.28,1,0,37,0,1,1,0,0.21,30.17,0
78.52,4,1385,15.05,1,98.38,0,0,50,0,1,1,1,0.29,3.96,0
45.28,22,1608,2.73,1,10.9,1,0,98,0,1,1,0,0.364,24.1,0
68.17,22,338,5.91,1,11.48,0,0,7,0,1,1,0,0.097,5.62,0
199.7,20,378,23.49,1,27.32,0,0,7,0,1,1,1,0.233,15.29,0
23.44,23,70,2.83,1,38.95,0,2,4,1,1,1,1,0.209,15.46,0
14.1,21,74,17.62,2,15.15,0,0,3,0,1,1,0,0.24,21.78,0
12.31,14,741,12.44,2,17.98,0,1,67,0,1,1,0,0.182,11.27,0
13.25,20,968,2.39,1,21.82,0,0,61,0,1,1,1,0.253,21.13,0
27.74,19,768,17.51,2,27.84,1,0,50,0,1,1,1,0.275,27.13,0
42.15,22,900,2.3,1,45.33,0,1,83,0,1,1,1,0.243,6.38,0
39.52,3,162,7.62,2,14.89,0,0,3,0,1,1,0,0.122,35.01,0
68.52,20,314,5.53,1,19.33,0,0,17,1,1,1,1,0.107,25.0,0
30.36,20,307,17.57,2,36.79,0,0,15,0,1,1,1,0.115,1.95,0
128.19,0,2678,22.87,1,69.69,0,0,218,0,1,1,0,0.267,8.71,0
23.0,14,1490,2.76,2,56.29,0,0,76,0,1,1,1,0.094,22.66,0
454.94,16,456,25.07,1,36.83,2,0,25,0,1,1,1,0.09,24.97,1
56.02,18,74,0.11,4,5.23,0,0,4,0,1,1,0,0.153,33.89,0
12.72,13,150,11.33,0,13.47,0,0,12,0,1,1,1,0.287,0.65,0
10.27,18,226,10.91,2,14.48,0,0,16,0,1,1,0,0.215,30.47,0
48.54,17,1033,14.67,1,61.03,0,0,53,0,1,1,0,0.347,16.7,0
23.96,1,94,4.11,0,11.6,2,0,2,0,1,1,0,0.385,13.36,0
61.19,5,124,0.15,2,7.93,0,0,10,0,1,1,1,0.072,25.32,0
48.1,12,215,9.1,0,37.01,0,0,21,0,1,1,1,0.066,9.51,0
27.86,16,1308,1.11,0,40.34,1,0,102,0,1,0,0,0.193,12.88,0
12.85,5,350,33.41,1,14.82,1,0,18,0,1,1,1,0.294,21.29,0
6.59,20,520,2.86,2,19.04,0,0,25,0,1,1,1,0.17,15.47,0
19.17,21,245,8.31,0,97.43,0,1,16,0,1,1,0,0.228,0.0,0
70.56,4,104,8.54,3,9.02,1,0,3,0,0,1,1,0.193,23.04,0
37.12,6,126,12.07,2,11.8,1,0,3,0,1,1,0,0.121,22.49,0
8.62,0,811,22.89,2,44.22,0,0,21,0,1,1,1,0.045,33.65,0
35.63,12,1120,9.58,2,29.73,0,0,109,0,0,0,1,0.333,16.98,0
44.05,18,340,0.39,1,25.69,0,1,24,1,1,1,0,0.293,12.77,0
12.38,21,221,22.12,1,7.86,0,0,13,0,1,1,0,0.422,10.95,0
34.94,0,825,1.29,0,12.61,0,0,74,0,1,1,0,0.144,2.7,0
31.76,12,559,15.39,2,21.13,0,0,24,1,1,1,1,0.293,6.39,0
9.55,10,21,24.4,3,123.75,0,0,1,0,1,1,1,0.193,31.61,0
42.85,6,216,4.98,0,17.73,0,0,6,0,1,1,0,0.084,13.9,0
52.5,19,573,8.94,0,8.28,0,0,38,0,1,1,0,0.206,0.0,0
88.5,2,426,0.22,1,19.0,0,0,38,0,1,1,1,0.116,7.54,0
85.95,0,1910,24.44,2,15.28,0,0,150,0,1,1,0,0.246,18.38,0
7.56,7,1005,18.22,1,43.0,0,0,64,0,1,1,1,0.319,1.15,0
11.73,16,31,3.95,1,3.35,1,0,1,0,1,1,1,0.065,26.07,0
50.15,12,647,7.42,1,15.74,0,0,43,0,0,1,1,0.069,12.55,0
50.09,13,205,17.83,2,84.95,0,0,14,0,1,1,0,0.09,14.99,0
50.15,4,573,6.65,1,44.63,0,0,38,0,1,1,0,0.155,9.94,0
1411.96,23,480,2.66,1,28.52,0,0,26,0,1,1,0,0.076,13.4,1
53.03,21,350,10.96,2,17.36,0,1,24,0,1,1,0,0.014,16.49,0
93.28,22,958,19.29,1,46.51,0,0,57,1,1,0,1,0.526,20.25,0
77.79,23,617,5.8,1,45.16,0,0,31,0,1,1,0,0.076,6.23,0
57.48,5,1102,1.95,5,11.04,0,0,66,0,1,1,1,0.173,39.75,0
21.86,21,165,26.54,1,65.28,0,0,14,0,1,1,1,0.189,24.66,0
64.01,5,214,4.37,1,161.9,0,0,19,0,1,1,1,0.209,0.0,0
13.83,20,486,10.79,4,19.67,0,1,33,0,1,1,0,0.147,25.19,0
23.65,7,1698,17.63,2,12.08,0,0,150,0,1,1,0,0.118,20.99,0
18.44,12,232,5.72,0,51.56,1,2,3,0,1,1,1,0.285,0.0,0
32.52,17,16,15.69,1,57.14,1,0,1,0,1,1,1,0.226,13.68,0
303.28,22,295,9.23,2,21.98,1,0,5,0,1,1,1,0.136,41.43,1
4.63,3,393,12.67,3,10.37,0,0,37,0,1,1,1,0.087,23.47,0
59.52,16,807,13.4,0,38.4,0,0,25,0,1,1,1,0.294,6.89,0
5.97,4,652,26.07,4,2.66,0,0,15,0,1,1,1,0.079,36.52,0
18.69,2,1671,16.02,1,30.35,0,0,151,0,0,1,0,0.219,1.77,0
89.03,3,763,4.6,1,2.11,0,1,13,0,1,1,1,0.157,4.9,0
31.95,22,177,0.92,0,19.28,0,0,15,0,1,1,0,0.206,4.91,0
10.2,4,513,0.03,1,71.18,0,0,17,0,1,0,1,0.234,10.47,0
14.65,13,558,35.22,1,152.09,0,0,27,0,1,1,0,0.069,9.67,0
59.12,14,3112,42.74,0,62.82,0,1,54,0,1,0,0,0.179,0.79,0
14.43,19,75,1.48,1,31.02,0,0,7,0,1,1,0,0.059,4.48,0
37.21,16,106,10.01,1,39.83,0,0,5,0,1,1,1,0.318,12.57,0
31.36,5,85,2.47,2,32.59,0,0,4,0,1,1,0,0.23,30.27,0
15.62,9,445,44.57,1,11.89,0,0,8,0,1,1,0,0.286,18.65,0
255.68,21,73,4.25,2,38.03,0,0,2,0,1,1,0,0.508,7.56,1
56.48,22,534,10.45,2,20.5,0,0,17,0,1,1,0,0.216,24.55,0
3.95,15,814,2.72,2,51.22,0,0,14,0,1,1,0,0.24,13.05,0
36.11,16,284,6.07,4,67.67,0,0,8,0,1,1,1,0.131,33.67,0
15.46,13,411,4.66,1,19.01,1,0,39,0,1,1,0,0.348,26.15,0
70.28,19,1219,9.68,3,25.55,0,0,79,0,1,1,1,0.245,24.99,0
13.56,11,421,8.17,4,32.96,0,0,7,0,1,1,0,0.178,18.86,0
26.72,8,117,6.03,1,32.36,0,0,4,0,1,1,1,0.326,11.73,0
49.65,14,210,1.68,0,157.79,0,0,10,0,1,1,1,0.301,1.13,0
71.22,11,377,9.94,2,21.73,0,0,11,0,1,1,1,0.043,3.89,0
9.02,13,84,28.48,0,6.04,0,0,2,0,1,1,1,0.265,0.0,0
21.45,21,474,19.65,0,23.0,0,0,45,0,1,0,0,0.329,5.29,0
18.64,17,3595,19.13,2,124.86,1,0,357,0,1,1,0,0.117,17.31,0
15.59,19,529,6.84,3,37.57,0,0,36,0,1,1,0,0.173,36.36,0
175.12,5,233,18.49,0,29.54,0,1,20,0,1,1,1,0.209,0.0,0
44.92,3,202,9.4,1,10.34,0,0,10,0,1,1,1,0.07,6.24,0
8.49,22,1341,2.44,4,24.33,0,0,23,0,1,1,0,0.243,40.28,0
75.03,11,1026,8.15,3,92.27,0,0,66,0,1,1,1,0.124,31.45,0
250.17,12,320,2.14,4,65.51,0,1,9,0,1,1,0,0.202,55.11,1
84.14,18,218,1.82,1,86.26,1,0,14,0,1,1,1,0.138,12.02,0
6.56,21,620,0.35,1,10.04,1,0,56,1,1,1,0,0.539,19.73,0
18.46,12,189,4.99,1,48.96,0,0,14,0,1,0,1,0.243,2.89,0
106.37,11,64,6.03,2,5.25,0,1,2,1,1,0,0,0.088,19.77,0
14.77,19,186,18.03,0,25.22,0,0,15,0,1,1,1,0.368,1.41,0
46.7,2,285,11.58,0,34.83,0,0,21,0,1,1,0,0.218,0.0,0
65.02,2,147,29.33,3,69.5,0,0,13,0,0,1,1,0.302,28.1,0
11.86,13,122,2.91,0,57.14,0,0,8,0,1,1,0,0.184,0.0,0
28.23,17,3,4.64,1,74.49,0,0,0,0,1,1,0,0.217,0.56,0
1.17,18,498,42.47,0,83.28,0,0,30,0,1,1,1,0.534,0.0,0
10.76,9,477,8.81,0,25.54,0,0,28,0,1,1,1,0.118,0.0,0
23.28,16,104,23.34,5,9.34,0,1,1,0,1,1,1,0.169,58.83,0
8.6,14,1438,10.16,1,42.51,2,0,136,0,1,1,0,0.211,36.14,0
153.3,18,263,9.55,1,53.41,0,0,13,0,1,1,1,0.09,16.62,0
7.17,8,13,2.4,0,17.57,1,0,1,0,1,0,1,0.232,13.51,0
19.3,3,124,28.58,0,28.78,0,0,6,0,1,0,1,0.111,0.0,0
34.15,14,589,1.22,3,46.95,1,0,55,0,1,1,1,0.091,36.58,0
126.63,18,113,5.57,0,92.52,0,0,10,0,1,1,1,0.028,0.0,0
7.13,15,28,16.79,0,8.81,0,0,0,1,1,1,1,0.356,6.84,0
95.89,7,481,10.62,1,72.57,0,0,36,0,1,1,1,0.011,6.12,0
30.27,16,365,31.98,1,25.85,0,0,7,0,1,1,1,0.068,9.08,0
11.23,20,716,0.6,3,23.77,0,1,17,0,1,1,0,0.199,18.05,0
47.57,0,741,15.72,3,73.75,0,0,14,1,1,1,0,0.064,14.66,0
36.56,6,1609,9.74,1,17.59,0,0,30,0,1,1,0,0.104,19.48,0
16.44,20,29,2.51,0,41.64,0,0,1,0,1,1,1,0.058,13.51,0
32.13,17,20,20.39,1,15.59,0,1,1,0,1,1,1,0.28,0.0,0
20.38,11,2179,7.95,3,22.97,0,2,121,0,1,1,1,0.09,24.5,0
33.57,15,518,11.38,1,88.27,1,0,15,0,1,1,1,0.292,11.43,0
58.1,0,628,51.29,1,38.09,0,0,24,0,1,1,1,0.132,13.26,0
146.35,14,51,9.99,1,75.59,0,0,4,0,1,1,1,0.23,13.6,0
8.69,6,36,26.01,2,5.26,0,0,1,0,1,1,1,0.572,22.1,0
252.91,16,87,22.02,3,77.9,1,0,3,0,1,1,1,0.185,41.46,1
4.25,2,279,16.3,0,11.96,0,0,12,1,1,1,0,0.369,0.0,0
25.74,10,58,34.07,1,16.4,1,0,5,0,1,1,0,0.244,8.39,0
53.96,5,296,4.35,3,18.77,1,0,26,0,1,0,0,0.035,30.0,0
39.69,5,412,25.79,1,36.65,0,0,21,0,1,1,0,0.08,2.69,0
16.08,14,1,7.12,0,37.12,3,0,0,0,0,1,0,0.089,42.89,1
24.33,6,61,25.11,0,44.27,0,0,2,0,1,1,1,0.068,4.19,0
18.3,10,235,10.21,0,36.61,0,0,5,1,1,1,0,0.408,0.0,0
16.62,16,27,29.25,1,37.04,0,0,1,0,1,1,0,0.389,24.9,0
70.08,22,72,33.78,0,21.24,0,0,6,0,1,1,1,0.022,13.19,0
42.82,17,132,13.66,1,32.52,2,0,2,0,1,1,0,0.328,26.01,0
14.99,21,281,10.63,0,38.53,0,0,10,0,1,1,0,0.363,0.0,0
73.67,23,627,22.94,4,8.73,0,0,13,0,1,0,1,0.263,34.33,1
40.74,20,71,4.66,4,41.54,0,0,5,0,1,1,1,0.162,30.71,1
67.55,18,670,0.23,4,32.36,0,0,56,0,1,1,0,0.136,30.21,0
56.24,7,966,7.84,1,63.01,0,0,87,0,1,0,0,0.073,14.53,0
13.08,23,527,10.63,3,90.52,0,0,12,0,1,1,1,0.074,23.31,0
17.11,19,22,5.29,1,94.82,0,1,1,0,1,1,0,0.167,7.3,0
63.26,7,290,7.25,1,2.08,0,0,17,0,1,0,0,0.034,7.69,0
55.17,20,540,2.14,2,13.58,0,0,20,0,1,1,1,0.218,21.9,0
29.34,10,1920,4.87,2,12.01,0,0,140,0,1,1,1,0.188,16.3,0
33.69,20,1516,4.12,1,27.81,0,0,27,0,1,1,0,0.145,0.0,0
107.52,2,252,5.37,1,16.0,0,0,6,0,1,0,0,0.089,3.4,0
16.58,22,478,5.33,1,59.19,1,0,44,0,1,1,0,0.068,27.54,0
51.78,13,1107,12.28,0,15.84,1,0,77,0,1,1,1,0.238,3.12,0
24.48,8,889,4.33,1,31.94,0,1,22,0,1,1,1,0.424,13.4,0
24.1,0,326,42.44,1,14.48,0,0,23,0,1,1,1,0.222,18.59,0
89.91,0,151,10.74,2,30.18,0,0,5,1,1,1,0,0.193,16.59,0
68.4,11,74,2.07,3,3.41,0,1,3,0,1,1,1,0.085,27.1,0
67.59,10,335,4.92,0,15.97,0,0,8,0,1,0,1,0.057,14.82,0
110.55,20,642,19.63,1,6.66,0,0,49,0,1,1,1,0.292,13.94,0
30.6,0,1749,0.21,2,65.88,0,0,71,0,1,0,0,0.366,24.26,0
59.26,19,990,41.67,1,29.7,1,0,29,0,1,1,1,0.304,12.78,0
21.97,11,114,8.84,0,24.64,0,0,11,0,1,1,0,0.371,0.0,0
41.44,16,636,11.04,2,19.76,0,0,19,0,1,1,0,0.147,31.05,0
26.31,14,171,66.87,2,23.41,0,0,11,0,1,1,0,0.125,11.77,0
33.02,1,575,10.5,3,63.28,0,0,15,0,1,1,1,0.099,24.46,0
54.33,17,548,44.27,3,27.15,0,0,52,0,1,1,1,0.223,23.78,0
13.22,15,159,37.02,1,19.82,0,0,8,0,1,1,0,0.076,3.92,0
242.84,3,134,42.53,1,6.71,0,0,9,0,1,1,1,0.282,11.69,0
10.96,7,55,25.1,1,17.47,0,0,1,0,1,1,0,0.324,3.66,0
8.9,1,26,5.27,1,24.66,0,0,2,1,1,1,0,0.161,0.0,0
95.4,13,978,6.38,1,36.52,0,0,70,0,1,1,1,0.1,10.3,0
66.13,14,26,6.81,2,41.43,0,0,0,0,1,1,1,0.345,17.13,0
55.93,8,46,58.08,0,47.9,1,0,2,0,1,1,1,0.247,3.86,0
56.17,1,136,6.71,0,24.27,0,0,11,0,1,1,1,0.387,0.0,0
29.6,16,1093,1.73,1,13.15,0,1,86,1,1,1,0,0.344,0.03,0
12.22,9,202,22.6,0,23.43,0,0,18,0,1,1,1,0.077,0.79,0
32.32,8,106,6.84,0,12.74,0,0,10,0,1,1,1,0.091,3.77,0
15.22,1,629,14.55,2,6.38,0,1,12,0,1,0,0,0.093,21.85,0
79.45,23,192,38.73,0,37.78,1,0,13,0,0,1,0,0.325,7.24,0
25.87,18,203,12.85,1,5.76,0,1,4,0,1,1,1,0.123,9.48,0
13.12,16,672,15.23,3,11.29,0,1,11,0,1,1,1,0.466,21.74,0
21.73,10,145,15.44,2,25.95,0,1,3,0,1,1,0,0.362,8.48,0
45.28,16,1135,14.22,1,101.48,0,0,112,0,1,1,1,0.04,15.48,0
17.05,9,412,2.61,1,15.65,0,0,6,0,1,1,0,0.185,23.68,0
13.17,17,386,9.14,2,5.15,0,0,27,0,1,1,1,0.362,17.43,0
38.23,22,154,0.12,0,23.89,0,0,10,0,1,1,1,0.324,12.83,0
38.28,5,901,14.76,3,25.05,0,0,74,0,1,1,0,0.183,32.63,0
18.05,15,425,12.85,2,12.56,0,0,30,0,1,1,0,0.26,16.45,0
18.71,17,85,5.74,0,22.2,0,0,8,0,1,1,1,0.285,0.0,0
37.79,19,116,11.13,2,14.53,0,0,10,0,1,1,1,0.091,22.57,0
7.04,17,316,10.19,2,35.67,1,0,12,0,1,1,1,0.134,27.49,0
7.33,0,756,4.33,2,14.91,0,0,67,0,1,1,1,0.101,28.06,0
14.61,2,1401,5.21,0,15.03,1,0,55,0,1,1,0,0.122,0.0,0
24.2,14,545,21.57,1,50.75,0,0,39,0,0,1,0,0.299,7.56,0
40.89,19,353,21.14,1,22.83,0,0,13,0,0,1,1,0.167,0.0,0
131.02,9,144,9.52,0,16.8,0,1,13,0,1,1,0,0.076,0.0,0
70.64,20,559,18.96,3,90.73,0,0,42,0,1,1,0,0.171,27.39,0
25.54,4,2015,8.99,1,35.62,0,1,114,0,0,1,1,0.284,7.42,0
29.4,14,323,28.59,0,6.94,1,0,26,0,1,1,1,0.216,11.06,0
11.0,22,88,6.07,5,10.11,0,1,1,1,0,1,0,0.08,62.1,0
29.41,13,55,39.32,3,24.87,0,0,3,0,1,1,1,0.143,14.51,0
22.45,14,157,11.72,1,54.66,1,0,3,0,1,1,0,0.108,18.45,0
41.38,9,421,11.51,0,4.82,0,1,15,0,1,1,1,0.171,1.36,0
13.1,23,1467,16.67,2,9.84,0,0,62,0,0,0,1,0.064,14.94,0
50.37,8,178,6.25,0,80.61,0,0,14,0,1,1,1,0.254,0.0,0
138.76,11,182,19.33,0,14.12,1,0,16,0,1,1,0,0.341,14.99,0
26.88,6,328,5.79,0,14.19,0,1,15,0,1,1,1,0.112,0.0,0
44.78,4,1254,7.6,1,8.45,1,0,85,0,1,1,0,0.122,26.99,0
59.75,23,272,16.85,0,41.88,0,0,22,0,1,1,1,0.198,5.26,0
20.06,9,126,7.13,4,7.06,1,1,10,0,1,1,1,0.137,31.53,0
37.49,7,89,3.35,2,24.86,1,1,8,0,1,1,0,0.477,36.3,0
30.34,21,305,30.82,2,39.05,0,0,24,0,1,1,0,0.244,22.31,0
33.04,19,806,38.3,0,28.7,0,0,15,0,1,0,0,0.048,0.0,0
13.83,15,172,14.78,1,32.15,0,0,4,0,1,0,1,0.22,6.6,0
30.71,11,359,25.0,4,16.61,0,0,30,0,1,1,1,0.086,26.99,0
49.3,8,462,64.75,0,64.53,0,0,18,0,1,0,0,0.229,0.0,0
127.89,9,299,14.31,5,37.37,0,0,7,0,1,1,1,0.162,41.64,0
78.2,15,106,35.92,0,8.57,0,1,10,0,1,1,0,0.286,4.69,0
258.06,9,1274,6.68,0,17.84,0,1,61,0,1,1,1,0.268,0.0,0
13.91,8,417,18.08,1,124.52,0,0,19,0,1,1,1,0.089,15.16,0
71.69,2,653,0.86,0,36.29,0,0,17,0,1,1,1,0.236,3.99,0
35.99,18,505,23.34,3,47.55,1,0,43,0,1,1,1,0.152,40.93,0
267.68,10,3119,26.56,1,10.42,3,1,169,0,0,1,0,0.445,32.97,0
13.35,5,305,7.69,2,60.72,0,0,12,1,1,1,0,0.179,7.01,0
12.94,5,277,15.28,1,5.06,0,0,23,1,1,1,0,0.288,14.97,0
16.45,14,223,29.32,1,34.74,1,0,19,0,1,1,0,0.092,27.02,0
3.58,14,224,32.26,1,21.07,0,0,17,0,1,1,0,0.265,15.28,0
17.71,12,161,1.69,0,21.63,1,0,8,0,1,1,0,0.133,12.41,0
14.03,21,1972,26.36,2,61.58,0,0,82,0,1,1,0,0.055,4.98,0
34.83,4,1023,4.81,3,11.03,0,0,60,0,1,1,0,0.208,12.82,0
42.17,13,190,19.49,2,32.76,0,0,12,0,1,1,0,0.043,12.87,0
195.62,20,182,5.9,1,33.41,0,0,11,1,1,1,0,0.058,12.2,0
77.51,1,55,0.87,2,33.18,1,0,4,0,1,1,0,0.11,16.17,0
16.83,22,1048,3.53,1,84.09,1,0,22,0,1,1,1,0.056,12.02,0
12.2,11,232,7.88,2,26.27,0,0,16,0,1,1,0,0.297,12.28,0
49.0,19,425,20.28,1,38.8,2,0,37,0,0,0,1,0.185,22.83,0
8.0,13,1153,1.59,0,62.1,1,0,31,0,1,1,0,0.223,16.09,0
187.07,18,262,25.14,3,14.84,0,0,16,0,1,1,1,0.148,20.5,0
97.46,23,822,86.89,2,23.91,0,0,60,0,1,1,0,0.24,17.99,0
18.74,19,281,23.29,1,9.8,0,0,27,0,1,1,1,0.107,4.55,0
5.4,14,604,9.63,2,42.45,0,1,14,0,1,1,1,0.293,15.39,0
116.03,19,282,12.6,3,29.56,1,1,21,0,1,1,0,0.136,24.53,0
26.72,23,249,0.09,3,48.84,0,0,16,0,1,1,1,0.151,10.04,0
103.32,16,2339,3.52,2,25.45,1,0,105,0,1,1,1,0.12,30.84,0
6.08,13,474,34.39,0,17.51,1,0,9,0,1,1,1,0.453,11.86,0
16.45,22,229,0.33,0,36.26,0,0,10,0,1,1,0,0.022,0.0,0
30.12,17,149,35.28,1,85.84,0,1,12,0,1,1,0,0.132,11.07,0
31.41,21,20,1.8,4,43.19,0,0,1,0,1,1,0,0.012,37.95,0
19.1,23,613,2.14,1,8.64,0,0,21,0,1,1,0,0.266,11.59,0
55.86,4,233,2.89,0,31.53,0,0,23,0,1,1,0,0.187,10.67,0
10.3,21,861,24.1,2,148.56,0,0,67,0,1,1,1,0.16,2.84,0
25.99,11,226,9.76,0,15.99,0,1,7,0,1,1,1,0.462,0.0,0
33.79,9,234,2.35,1,18.38,0,0,19,0,1,1,0,0.134,15.36,0
50.12,7,755,17.41,1,5.66,0,0,64,0,1,1,0,0.175,8.05,0
61.05,5,336,42.37,3,25.26,0,0,29,0,1,1,1,0.327,22.73,0
9.73,14,1081,12.75,4,18.86,0,0,84,1,1,1,0,0.164,34.38,0
6.46,11,446,1.56,0,39.65,0,0,10,0,1,1,1,0.15,8.83,0
107.52,5,138,0.84,3,27.35,0,0,11,0,1,1,0,0.202,14.25,0
41.78,11,420,23.84,0,31.47,2,0,39,0,1,1,1,0.144,21.16,0
14.18,14,2,14.76,1,42.22,0,1,0,0,1,1,1,0.188,21.7,0
141.34,11,187,38.39,0,6.33,0,0,14,0,1,1,1,0.283,7.76,0
33.64,8,117,11.89,0,67.76,0,0,6,0,1,1,1,0.245,5.64,0
97.45,18,531,0.97,3,37.78,0,0,37,0,1,1,1,0.256,14.62,0
32.06,20,73,7.75,3,59.05,0,0,5,1,1,1,1,0.164,27.62,0
235.27,1,171,16.09,2,37.86,0,0,9,0,1,1,0,0.298,14.95,1
173.35,12,201,7.29,0,37.02,0,0,9,0,1,1,0,0.131,0.0,0
23.36,12,2,117.04,1,23.44,1,0,0,0,1,1,0,0.061,14.51,0
79.17,7,24,7.8,5,18.33,0,1,1,1,1,1,0,0.163,45.78,0
57.13,12,186,11.85,0,54.44,0,1,11,0,1,1,1,0.055,8.1,0
117.76,3,126,3.83,1,38.38,0,0,8,0,1,1,0,0.173,6.76,0
11.42,5,62,2.48,1,20.59,0,0,1,0,1,0,1,0.153,0.0,0
59.5,5,84,15.55,1,78.75,0,0,4,0,1,0,1,0.133,8.95,0
86.35,20,903,13.32,3,23.36,0,0,20,0,1,1,0,0.091,15.58,0
5.16,11,575,0.07,1,37.46,0,0,45,0,1,1,0,0.109,16.93,0
9.18,11,331,5.03,0,10.82,0,0,12,0,1,1,1,0.309,0.0,0
3.9,16,1198,15.47,0,18.95,1,1,54,0,1,1,0,0.241,6.76,0
22.89,6,15,25.09,2,11.17,0,0,1,0,1,1,0,0.326,17.65,0
61.41,14,212,5.62,1,11.27,1,0,9,0,1,1,0,0.13,30.19,0
134.61,23,867,15.64,3,23.17,0,0,67,0,1,1,0,0.095,38.01,0
32.27,16,495,4.62,1,17.7,0,1,43,1,1,1,0,0.06,13.13,0
152.72,9,2000,17.59,0,58.39,0,0,139,0,1,1,0,0.21,2.5,0
7.54,22,1446,17.96,6,16.29,0,0,42,0,1,1,0,0.08,52.76,0
5.46,19,93,2.09,0,39.98,1,1,5,0,1,1,0,0.031,19.21,0
28.35,5,1788,16.41,0,14.98,0,0,138,0,1,1,1,0.232,0.0,0
43.99,8,1455,6.09,1,26.87,1,0,57,0,1,1,1,0.267,17.3,0
29.0,14,234,2.84,0,11.27,1,0,22,0,1,1,1,0.231,10.89,0
3.79,15,2034,10.41,1,46.18,0,0,193,0,1,1,1,0.217,14.1,0
27.41,20,18,9.03,2,88.44,0,2,0,0,1,1,1,0.253,8.58,0
8.13,7,541,22.3,1,10.69,0,0,36,0,1,1,1,0.042,19.29,0
58.54,15,155,1.32,0,43.05,0,0,7,0,1,1,0,0.027,0.68,0
43.23,4,69,23.39,2,97.15,0,0,5,0,1,0,1,0.093,20.99,0
11.71,17,431,1.68,1,14.06,0,0,35,0,1,1,1,0.283,13.04,0
17.92,19,183,3.49,1,87.17,1,0,5,0,1,1,0,0.14,16.84,0
10.39,13,550,10.88,0,27.85,0,0,33,0,1,1,0,0.43,0.0,0
28.14,1,388,9.33,0,24.75,0,0,17,0,1,0,1,0.18,8.23,0
77.88,22,249,67.46,2,21.43,0,0,23,0,1,1,0,0.098,8.86,0
11.18,22,100,13.35,1,21.7,1,0,3,0,1,1,1,0.29,7.49,0
49.6,2,460,5.95,2,10.23,0,0,43,0,1,1,1,0.116,9.19,0
17.63,13,884,34.56,5,17.02,1,0,45,0,1,1,1,0.162,46.52,0
13.56,6,458,5.61,0,149.92,1,1,40,0,0,1,1,0.28,6.05,0
26.92,14,471,4.8,1,8.66,1,0,26,0,1,1,1,0.032,13.1,0
10.64,16,359,10.23,1,31.22,1,1,24,0,1,1,0,0.096,9.84,0
17.22,0,246,36.66,1,25.35,0,0,24,0,1,1,1,0.141,4.94,0
9.04,8,306,18.49,1,24.04,1,0,23,0,1,1,1,0.293,23.83,0
213.73,21,2280,16.97,1,14.32,0,0,75,0,1,0,1,0.133,2.29,0
31.04,13,692,19.42,2,6.78,0,0,26,0,1,1,1,0.144,27.67,0
14.88,15,282,16.17,2,33.89,1,0,15,0,1,1,1,0.263,24.67,0
37.11,20,306,21.39,2,16.11,0,0,20,0,1,0,0,0.181,16.56,0
26.78,12,346,3.21,1,29.04,0,1,7,0,1,1,0,0.142,12.94,0
24.02,5,538,2.93,2,14.92,1,0,10,0,1,1,1,0.102,32.67,0
55.38,21,314,6.75,1,40.8,0,0,17,0,1,1,0,0.189,7.75,0
63.91,0,579,28.55,3,25.78,0,0,34,0,1,1,0,0.054,33.25,0
17.63,20,200,18.8,0,31.43,0,0,4,0,1,1,1,0.257,0.0,0
16.85,3,264,12.54,4,40.56,0,0,14,0,1,1,1,0.137,29.59,0
22.76,2,998,0.29,1,27.24,0,0,81,0,1,1,0,0.083,21.15,0
3.0,16,199,4.03,1,14.44,0,0,12,0,1,1,1,0.208,8.49,0
6.59,1,1668,24.41,2,53.79,1,0,94,0,1,1,1,0.117,32.0,0
117.55,18,95,4.17,1,119.5,1,1,2,0,1,1,1,0.241,20.52,0
155.24,19,138,19.66,2,36.48,0,0,13,0,1,1,0,0.305,7.07,0
23.36,22,312,3.06,1,3.0,0,0,19,1,1,1,0,0.366,9.79,0
53.33,21,798,13.99,1,13.73,0,0,43,0,1,1,1,0.433,25.08,0
40.9,7,658,14.84,1,22.89,0,1,15,0,0,1,0,0.32,10.13,0
651.24,14,96,20.91,4,19.88,0,1,7,0,1,0,0,0.195,31.86,1
91.8,5,135,8.65,1,7.76,1,0,5,1,1,1,0,0.299,9.38,0
26.37,22,428,15.02,1,14.75,0,0,9,0,1,1,1,0.054,10.86,0
11.52,19,175,10.01,3,26.35,0,0,13,0,1,1,0,0.131,13.67,0
6.01,1,274,44.16,1,31.99,0,0,15,0,1,1,1,0.204,0.0,0
36.73,14,333,11.07,1,26.68,1,0,7,0,1,1,0,0.106,19.93,0
14.06,19,451,3.53,3,13.35,0,0,39,0,0,1,1,0.217,16.26,0
7.23,11,145,16.53,2,10.07,0,1,7,0,1,1,1,0.069,15.77,0
15.7,2,89,11.93,2,18.06,0,0,2,0,1,1,1,0.185,20.38,0
10.16,9,254,24.43,1,18.16,0,0,11,0,1,1,1,0.228,16.14,0
161.93,13,43,2.92,1,38.28,1,0,0,0,1,1,0,0.128,17.01,0
72.36,21,374,4.54,1,10.28,0,0,36,0,1,1,0,0.154,0.0,0
29.73,13,915,38.19,1,30.67,2,0,72,1,1,1,1,0.409,30.57,0
131.62,2,63,39.89,0,25.63,1,1,1,0,1,1,0,0.066,0.0,1
32.37,0,60,8.76,2,19.68,0,1,2,0,1,1,1,0.153,13.13,0
12.66,19,42,0.73,1,36.58,0,1,2,0,1,1,1,0.139,16.17,0
137.43,0,941,5.49,3,18.7,1,0,71,0,1,1,1,0.252,30.38,0
51.36,1,42,4.26,4,60.61,0,1,2,0,1,1,0,0.345,32.75,0
10.62,18,2051,8.03,1,47.84,0,0,109,0,1,1,0,0.147,4.03,0
24.77,23,222,5.74,2,15.67,0,0,13,0,0,1,1,0.057,17.81,0
12.48,9,199,26.49,0,93.94,0,0,4,1,1,1,0,0.225,0.0,0
7.52,3,48,0.05,2,5.49,0,0,4,1,1,1,1,0.388,16.32,0
75.65,3,441,15.52,0,92.69,1,1,39,0,1,1,0,0.429,8.96,0
202.23,12,441,16.37,1,81.96,0,0,19,0,1,1,1,0.092,17.29,0
7.4,8,340,16.21,2,11.26,0,0,8,0,1,1,1,0.102,16.18,0
52.61,6,186,11.03,2,21.17,0,0,12,0,1,0,0,0.166,16.87,0
15.63,15,230,14.17,3,11.07,0,0,21,0,1,1,1,0.05,17.94,0
18.41,17,193,24.95,2,18.65,0,0,14,0,1,1,1,0.202,21.28,0
16.57,2,278,23.0,1,81.06,1,1,6,0,1,1,0,0.072,19.88,0
12.63,19,209,0.53,0,23.8,0,0,10,0,1,1,1,0.244,0.0,0
31.45,19,563,0.46,1,5.29,0,0,43,0,1,1,1,0.336,13.65,0
13.05,9,175,27.39,2,48.66,0,0,6,0,1,1,0,0.207,15.3,0
39.27,23,216,12.83,1,32.2,0,0,15,0,1,1,0,0.278,7.58,0
28.5,21,286,47.35,3,10.47,0,0,18,0,1,1,1,0.335,31.57,0
23.6,15,2,8.47,2,94.26,0,0,0,0,1,1,0,0.114,21.8,0
12.09,2,339,2.92,0,47.25,1,1,26,0,0,1,1,0.201,12.42,0
16.83,10,148,9.62,1,20.94,0,1,7,0,1,1,0,0.143,11.19,0
63.78,9,29,8.6,2,33.0,0,0,0,0,1,0,0,0.303,15.1,0
49.45,15,1210,10.92,3,74.43,0,0,113,1,1,1,1,0.237,38.57,0
11.27,7,195,24.75,1,42.91,0,0,15,0,1,1,0,0.152,12.94,0
33.09,8,278,15.99,0,8.23,0,1,21,0,1,1,1,0.114,0.0,0
63.52,14,878,3.07,1,15.03,1,0,47,0,1,1,1,0.075,5.71,0
5.64,20,91,19.89,1,5.69,1,0,6,0,1,1,0,0.069,9.42,0
51.59,2,950,13.44,2,22.94,0,0,66,0,1,1,1,0.366,17.31,0
15.45,3,138,12.95,0,5.67,0,0,3,0,1,1,0,0.223,0.0,0
53.02,12,445,17.01,1,29.39,1,0,40,0,1,1,0,0.214,24.53,0
13.97,11,579,12.45,1,51.76,0,1,49,0,1,1,0,0.18,13.59,0
4.93,20,1177,9.17,4,24.04,0,1,33,0,1,1,0,0.038,32.82,0
5.89,8,468,15.34,3,9.76,0,0,20,0,0,1,0,0.05,20.11,0
31.44,13,302,19.3,2,25.98,0,0,6,0,1,1,1,0.23,9.84,0
38.85,18,425,3.84,1,32.51,0,0,19,1,1,1,1,0.202,4.78,0
12.13,6,113,10.31,3,56.25,0,0,8,0,1,1,1,0.067,15.52,0
56.75,15,584,9.19,0,15.74,1,1,9,0,1,1,0,0.232,0.0,0
5.69,21,103,0.61,1,40.42,0,0,6,0,1,1,0,0.33,1.57,0
28.05,19,407,26.98,1,10.73,1,0,36,0,1,1,1,0.15,15.56,0
8.93,4,521,7.11,0,12.89,0,0,22,0,1,1,0,0.394,12.35,0
15.61,9,1144,1.13,1,73.65,0,0,88,0,1,1,0,0.41,16.39,0
31.42,17,299,9.18,3,126.57,0,0,6,0,1,1,1,0.05,13.06,0
12.67,10,747,2.64,1,14.75,1,0,47,0,1,1,0,0.182,16.45,0
20.4,6,92,18.28,2,68.12,0,0,8,0,1,1,0,0.117,15.66,0
81.97,13,85,12.72,1,46.75,0,0,4,0,1,1,1,0.364,5.79,0
16.83,19,372,4.72,0,18.21,0,0,25,0,1,1,0,0.383,0.0,0
69.11,17,454,45.08,1,25.28,0,1,31,0,1,1,0,0.437,0.0,0
9.68,10,500,5.17,4,40.89,0,0,38,0,1,1,1,0.127,41.24,0
50.9,21,685,12.15,0,44.36,0,0,24,0,1,1,0,0.021,1.35,0
126.67,11,175,24.26,0,79.58,0,0,13,0,0,1,0,0.099,0.0,0
2.53,17,487,10.82,0,12.84,0,0,17,0,1,1,0,0.227,0.0,0
13.51,1,104,48.61,1,54.39,0,0,6,1,1,1,0,0.239,7.99,0
53.36,22,124,27.85,0,49.24,0,1,3,0,1,1,1,0.273,5.05,0
24.46,0,35,38.08,1,88.51,0,1,2,1,1,1,1,0.264,0.0,0
43.43,22,687,7.0,0,20.79,0,0,27,0,1,1,0,0.116,9.62,0
16.38,9,354,11.92,4,66.53,0,0,25,0,0,0,1,0.376,33.37,0
32.67,20,136,27.5,1,86.74,0,0,4,0,1,1,1,0.137,5.99,0
25.64,0,406,35.07,1,34.05,2,0,14,0,1,1,1,0.013,26.47,0
96.33,5,219,43.33,3,32.62,0,0,18,1,0,1,0,0.252,27.22,0
38.65,6,908,31.7,0,27.08,0,0,22,0,1,1,0,0.45,0.0,0
42.0,16,376,19.68,1,53.47,0,0,9,0,1,1,0,0.245,5.58,0
19.85,8,15,0.37,1,66.68,0,0,1,0,0,1,1,0.197,0.0,0
18.4,6,2103,5.67,3,43.97,0,0,56,0,1,1,0,0.217,35.48,0
19.44,16,39,2.07,1,45.88,1,2,3,0,1,1,0,0.354,25.48,0
44.45,2,595,2.52,1,15.9,1,1,16,0,1,0,0,0.225,33.76,0
19.67,15,287,5.16,3,16.17,0,1,21,0,1,1,1,0.015,19.63,0
40.04,4,143,1.17,4,10.22,0,1,9,0,1,1,0,0.243,18.83,0
238.75,19,564,4.18,1,136.82,1,1,43,1,1,1,0,0.054,15.59,0
71.6,17,67,47.19,0,19.82,0,0,4,0,1,1,0,0.155,0.0,0
21.63,0,977,5.61,2,47.2,0,0,46,0,1,1,0,0.081,14.28,0
99.61,3,144,2.61,1,12.57,1,0,13,0,1,1,1,0.207,31.78,0
19.92,22,224,19.0,1,18.36,0,0,13,0,1,1,0,0.402,3.4,0
3.9,10,501,26.45,2,10.59,0,0,48,0,1,1,1,0.17,23.26,0
10.93,19,1,5.65,4,13.75,0,0,0,0,0,1,1,0.243,25.57,0
4.61,8,320,4.9,2,28.84,0,0,19,0,1,1,1,0.092,31.29,0
21.08,7,1123,4.15,1,35.07,0,1,73,0,1,1,1,0.172,18.1,0
30.52,7,570,7.49,1,28.16,0,0,36,0,1,1,1,0.216,14.43,0
160.2,4,245,1.37,1,14.33,0,0,17,0,1,1,1,0.107,17.77,0
41.55,11,540,16.59,2,23.32,1,0,21,0,1,1,0,0.649,32.89,0
24.07,0,1379,25.91,3,55.42,0,0,30,0,1,1,0,0.006,28.39,0
68.68,14,104,16.35,4,67.63,0,0,3,0,1,1,0,0.126,30.17,0
3.28,17,379,8.2,1,47.27,0,1,24,1,1,1,0,0.042,10.6,0
37.93,5,134,5.12,3,35.57,0,0,11,0,1,1,1,0.376,17.45,0
64.77,9,963,7.9,0,21.32,0,1,54,0,1,1,1,0.112,4.46,0
6.83,13,638,8.27,1,15.86,0,0,27,0,1,1,1,0.066,20.65,0
94.04,20,807,16.45,2,25.49,0,1,62,0,1,1,1,0.198,14.18,0
42.03,7,1432,39.48,1,31.11,1,0,71,0,1,1,0,0.081,14.05,0
19.78,2,132,1.1,2,60.89,0,0,11,0,1,1,1,0.196,23.48,0
56.42,21,25,45.98,1,16.62,0,0,0,0,1,1,0,0.151,15.91,0
290.24,21,172,36.15,2,12.07,0,0,4,1,0,0,0,0.14,19.15,0
35.94,18,255,1.88,3,5.67,0,0,6,0,1,1,0,0.074,35.86,0
38.41,11,491,3.04,3,64.24,0,0,9,0,1,1,0,0.027,38.69,0
18.93,11,799,5.6,2,24.58,0,1,24,0,1,0,1,0.245,9.69,0
12.81,14,215,12.3,2,7.68,0,0,21,0,1,0,1,0.236,17.66,0
68.74,6,321,2.17,1,17.09,0,0,18,0,1,1,0,0.105,25.57,0
12.73,3,770,3.35,1,15.32,0,1,39,0,1,1,1,0.357,0.75,0
32.19,20,128,34.95,0,17.94,0,0,11,0,1,1,1,0.388,0.0,0
18.58,8,122,1.74,0,44.56,0,0,10,0,1,1,1,0.418,0.0,0
48.37,21,445,7.63,0,11.58,0,0,17,0,1,0,1,0.234,2.68,0
41.83,15,286,21.6,3,52.78,1,0,23,0,1,1,1,0.262,39.9,0
84.57,12,1487,32.92,0,15.68,0,0,35,0,1,1,1,0.238,0.0,0
17.99,3,221,6.14,0,14.4,0,1,16,0,1,1,0,0.08,0.0,0
22.88,23,713,2.69,0,10.68,0,2,12,0,1,1,1,0.172,1.26,0
11.26,8,437,20.03,3,24.94,1,0,14,0,0,1,1,0.14,40.59,0
19.22,20,28,22.21,3,33.73,0,0,2,0,1,1,0,0.344,16.09,0
43.7,17,44,58.71,0,19.4,1,0,2,0,1,1,0,0.118,2.46,0
63.88,14,114,2.25,1,25.73,0,1,6,0,1,1,1,0.323,0.0,0
11.92,14,77,18.54,1,21.8,0,0,5,0,1,1,0,0.094,19.81,0
71.49,5,200,8.1,0,54.79,0,0,14,0,1,0,0,0.09,2.06,0
116.24,10,433,36.91,0,22.51,3,0,12,0,0,1,1,0.564,30.57,0
45.31,7,461,7.86,0,28.45,1,0,43,0,1,1,0,0.042,0.0,0
195.74,20,443,8.86,1,93.44,0,1,28,0,1,1,1,0.128,0.0,0
13.82,16,63,2.03,0,233.92,0,0,4,0,0,1,1,0.021,0.0,0
8.63,23,458,5.81,1,13.97,0,1,32,0,1,1,1,0.183,7.7,0
5.06,16,264,7.68,0,81.42,0,0,23,1,1,1,0,0.032,0.0,0
133.76,23,1167,0.26,0,12.45,0,0,39,0,0,1,1,0.593,3.36,0
57.65,17,1215,8.63,0,47.92,0,0,112,0,1,1,0,0.106,0.0,0
28.34,3,731,6.15,1,112.12,1,2,59,0,1,0,0,0.376,14.38,0
39.65,14,607,24.43,2,44.16,1,0,21,0,1,0,1,0.473,26.15,0
9.72,1,61,1.7,1,26.47,0,0,5,0,1,1,1,0.129,7.57,0
345.76,1,44,21.42,4,6.09,1,0,2,1,1,1,1,0.322,33.61,1
34.1,9,919,18.78,0,17.06,0,2,59,0,1,1,1,0.287,0.0,0
33.43,2,278,4.15,2,16.44,2,0,27,0,1,0,1,0.488,33.65,0
61.92,7,300,1.3,2,15.5,1,0,5,0,1,1,1,0.257,35.82,0
48.47,19,941,27.66,0,27.47,0,0,89,0,1,1,1,0.177,0.72,0
37.48,6,486,4.3,3,33.52,1,0,37,0,1,1,0,0.204,39.79,0
13.59,11,99,2.36,1,4.43,0,0,4,0,1,1,1,0.164,8.11,0
48.01,18,119,6.67,1,7.22,0,0,9,0,0,1,1,0.142,8.58,0
196.77,14,3,7.68,1,71.12,0,1,0,0,1,1,0,0.197,6.64,1
115.06,13,620,5.92,0,20.46,0,0,36,0,1,1,1,0.249,0.0,0
147.41,15,332,56.25,2,16.46,0,1,28,0,1,1,1,0.115,15.25,0
17.97,13,1498,31.91,0,35.1,2,0,51,0,1,1,1,0.154,29.85,0
11.14,2,626,30.95,3,70.96,0,0,39,0,1,1,0,0.136,11.97,0
26.42,17,54,7.63,0,6.91,0,0,1,0,0,1,1,0.126,0.0,0
31.68,21,88,49.4,4,9.87,1,1,7,0,1,1,0,0.268,40.43,1
89.5,5,348,17.28,0,18.05,1,0,15,0,1,1,0,0.164,12.88,0
5.52,16,1294,26.76,1,77.83,0,0,56,0,0,1,1,0.034,0.0,0
138.32,22,142,10.42,3,101.55,1,0,5,0,1,1,1,0.144,21.86,0
25.58,13,873,2.63,1,28.3,0,0,66,1,1,1,0,0.252,1.39,0
19.55,13,187,32.69,0,37.81,0,0,5,0,1,1,1,0.05,0.0,0
10.89,19,157,10.0,1,16.38,0,0,3,0,1,1,1,0.083,16.67,0
5.73,12,1158,51.89,2,25.19,0,1,46,0,1,1,1,0.341,30.63,0
68.25,2,24,4.41,2,27.4,0,0,1,0,0,0,1,0.301,15.13,0
32.24,12,540,73.15,1,10.69,0,0,11,0,0,1,0,0.384,10.65,0
8.25,23,22,3.77,3,34.48,0,0,1,0,1,1,0,0.16,34.73,0
8.21,1,807,6.89,3,50.05,0,0,67,0,1,1,1,0.193,39.11,0
21.42,8,884,13.52,4,45.26,0,0,46,0,1,1,1,0.175,32.26,0
159.02,12,1119,17.73,2,12.67,1,0,70,0,1,1,0,0.37,36.97,0
23.11,7,103,19.11,2,16.57,0,0,5,0,1,1,1,0.108,12.72,0
6.66,15,66,9.7,1,18.82,0,1,2,0,1,1,1,0.312,9.42,0
23.44,23,350,1.2,1,34.32,0,0,34,0,1,1,1,0.097,4.17,0
22.81,2,158,10.28,2,32.17,0,0,5,0,1,1,1,0.309,22.67,0
2.02,12,466,6.11,1,69.05,0,0,31,0,1,1,1,0.177,20.37,0
28.38,3,361,16.08,0,31.39,1,0,14,0,1,1,1,0.366,18.48,0
23.79,17,78,3.02,2,75.14,0,0,6,0,1,1,1,0.182,8.61,0
60.11,1,672,7.51,1,75.25,0,0,55,0,1,1,0,0.036,0.85,0
190.37,19,814,50.77,1,16.9,0,1,44,0,1,1,0,0.215,0.0,0
92.44,21,1649,1.4,1,29.48,0,0,53,0,1,1,1,0.608,5.6,0
22.9,20,252,13.83,1,23.46,0,0,5,0,1,1,1,0.378,6.25,0
9.91,14,206,1.43,2,42.01,0,0,11,0,1,1,1,0.119,6.07,0
392.82,16,107,2.56,0,41.83,0,0,3,0,1,1,1,0.269,0.0,1
31.79,9,100,13.93,3,41.4,1,0,9,0,1,0,0,0.139,32.66,0
30.38,0,194,8.8,1,25.96,0,0,5,0,1,1,1,0.058,6.17,0
29.25,5,2004,11.93,2,30.48,0,0,72,0,1,1,1,0.086,35.8,0
36.53,2,48,31.79,2,114.77,0,0,3,0,1,1,1,0.043,5.35,0
25.94,18,150,25.49,2,19.29,0,2,7,0,1,1,0,0.205,16.98,1
16.88,6,45,32.84,0,18.48,1,0,2,0,1,1,1,0.08,13.02,0
17.34,12,160,14.37,0,15.4,0,0,7,0,1,1,0,0.511,0.0,0
29.0,12,48,10.09,2,45.61,0,0,2,0,1,0,0,0.138,12.9,0
17.4,16,355,9.22,1,37.87,0,0,21,0,1,0,0,0.088,14.73,0
14.69,0,288,20.2,0,28.98,0,0,12,0,1,1,0,0.456,0.0,0
33.33,13,96,11.05,1,18.17,0,0,7,0,1,1,1,0.684,13.26,0
23.22,2,96,1.68,2,33.24,0,0,3,0,1,1,1,0.029,13.02,0
134.83,13,492,2.3,0,43.06,0,1,18,0,1,1,1,0.165,3.93,0
2.11,23,245,6.63,2,11.75,0,1,21,0,1,1,0,0.446,7.9,0
89.26,0,29,1.05,0,44.57,2,0,0,0,1,1,0,0.181,14.19,0
104.18,15,1264,4.1,0,10.08,0,0,123,0,1,1,0,0.405,0.0,0
3.77,9,260,16.02,3,126.08,0,0,16,0,0,1,1,0.427,16.81,0
21.27,12,447,0.19,2,24.23,0,1,42,0,1,1,0,0.174,19.73,0
20.67,3,1083,13.9,2,76.69,0,0,106,0,1,1,1,0.302,19.42,0
7.33,8,257,22.2,3,25.81,0,1,13,0,1,1,1,0.111,35.77,0
13.77,13,859,2.8,1,77.99,0,0,28,0,1,1,0,0.117,15.1,0
9.87,3,1231,2.99,1,92.73,0,0,116,0,1,1,1,0.149,5.59,0
172.82,9,96,0.44,0,40.27,0,0,8,0,1,1,1,0.269,1.1,0
76.38,7,1115,10.78,4,13.29,0,1,35,1,1,1,1,0.125,28.27,1
106.86,22,64,15.95,2,13.99,0,0,1,0,1,1,1,0.113,14.74,0
61.66,2,161,9.16,2,35.55,0,1,15,0,1,1,1,0.056,6.37,0
9.69,22,826,7.4,2,29.97,0,1,53,0,1,1,1,0.127,23.95,0
17.73,6,1155,9.09,0,56.9,0,0,62,0,1,1,0,0.45,0.0,0
48.88,9,576,22.82,2,24.52,0,0,39,0,1,1,0,0.204,10.44,0
8.83,2,55,0.51,4,39.15,0,0,4,0,0,0,0,0.075,29.34,0
61.13,1,370,22.97,1,27.5,0,0,6,0,1,1,0,0.237,5.54,0
23.56,14,425,16.46,2,38.22,0,0,10,0,1,1,1,0.084,29.28,0
20.6,8,166,4.14,1,35.83,0,0,12,0,1,1,0,0.131,0.0,0
61.01,14,2372,11.16,2,51.47,1,1,173,1,1,1,1,0.19,24.67,0
46.72,16,204,0.76,1,37.06,1,0,20,0,1,1,1,0.612,15.42,0
20.89,6,118,7.16,1,84.8,2,0,2,0,1,1,0,0.155,24.05,0
95.52,19,58,2.87,0,130.52,1,0,1,1,1,1,1,0.248,5.77,0
10.16,17,238,0.34,3,64.96,0,1,13,0,1,1,0,0.26,21.77,0
55.48,14,590,6.63,1,25.79,0,1,42,0,1,1,1,0.29,12.17,0
54.22,17,132,19.43,0,53.91,0,0,5,0,1,1,1,0.121,2.93,0
21.99,23,734,38.08,1,50.91,0,0,27,0,1,0,0,0.297,0.0,0
41.52,22,73,16.28,1,16.48,0,0,1,0,1,0,1,0.175,10.1,0
8.58,11,290,7.71,1,130.12,0,0,5,0,1,1,1,0.131,0.0,0
75.49,22,606,113.9,1,72.39,0,0,14,0,1,1,0,0.276,0.95,0
24.91,20,73,4.99,2,24.21,0,0,1,0,1,1,0,0.211,0.0,0
17.77,7,455,3.11,2,28.66,0,0,40,0,1,1,0,0.166,12.83,0
85.54,1,802,9.35,2,10.92,0,0,40,0,1,1,1,0.08,13.55,0
14.82,1,453,10.55,0,28.15,1,0,36,0,1,1,1,0.433,8.13,0
7.33,4,358,6.57,1,40.45,0,1,9,0,1,1,1,0.277,11.28,0
6.32,0,911,17.84,0,23.9,0,0,16,0,1,1,1,0.218,0.0,0
54.93,21,2114,3.05,2,11.15,0,0,211,0,1,1,0,0.273,19.83,0
8.33,3,100,10.71,1,44.16,1,1,8,0,1,1,1,0.237,4.47,0
173.26,5,588,10.4,1,21.97,0,0,50,0,1,1,1,0.257,8.41,0
3.74,22,42,26.04,0,14.61,1,1,2,0,1,1,1,0.356,8.95,0
163.44,12,22,39.25,3,37.11,0,0,0,0,1,1,1,0.038,20.4,1
37.0,18,165,16.33,0,11.2,0,0,3,0,1,1,0,0.292,0.0,0
27.2,10,1769,5.47,2,29.61,1,0,139,0,1,1,1,0.191,34.89,0
17.38,12,402,17.55,1,72.42,0,0,33,0,1,1,0,0.273,12.7,0
44.66,7,156,4.34,0,55.39,0,0,8,1,1,1,1,0.193,0.0,0
28.86,6,71,50.96,2,40.2,0,0,4,0,1,1,1,0.388,10.19,0
90.31,12,1264,25.92,1,28.58,0,0,124,0,1,1,1,0.193,7.65,0
33.59,0,225,8.46,0,5.17,1,0,10,0,1,1,1,0.206,7.53,0
34.82,5,183,23.01,1,21.24,0,0,16,0,1,1,0,0.164,0.0,0
20.83,6,976,7.88,1,27.12,0,0,87,0,1,1,0,0.248,7.29,0
28.31,15,464,1.16,1,50.33,0,0,10,0,1,1,1,0.311,12.07,0
40.76,14,92,18.4,3,13.59,0,0,5,0,1,1,0,0.175,30.87,0
5.42,19,274,7.78,3,41.59,1,1,17,0,1,1,1,0.254,39.0,0
7.78,1,1317,39.96,0,45.11,0,2,37,0,1,0,0,0.155,5.29,0
63.01,22,1157,5.49,0,28.71,0,0,58,0,1,0,0,0.124,0.0,0
35.55,15,36,27.8,0,55.37,0,0,1,0,0,1,0,0.167,0.0,0
24.93,16,156,17.11,0,10.16,0,0,6,0,1,1,0,0.185,2.63,0
30.52,23,84,28.79,2,13.16,0,1,2,0,1,1,0,0.2,10.95,0
42.42,14,382,5.18,1,29.53,0,0,17,0,1,1,1,0.185,11.99,0
17.47,2,693,9.28,1,15.14,0,0,46,0,1,1,0,0.187,3.94,0
13.76,3,175,25.99,0,25.09,0,0,8,0,1,1,1,0.133,0.0,0
36.45,11,709,15.48,0,67.78,1,0,25,0,1,1,0,0.176,28.94,0
11.26,4,552,6.69,2,2.2,0,0,18,0,1,1,0,0.047,19.09,0
45.07,16,651,10.76,3,177.61,0,0,32,0,1,1,1,0.158,19.36,0
5.46,5,1481,83.19,0,45.55,0,0,144,0,1,1,1,0.021,11.59,0
83.86,9,276,20.31,2,29.09,1,0,19,0,1,1,1,0.149,15.14,0
48.07,21,210,14.3,0,20.15,0,0,5,0,1,1,1,0.072,7.63,0
38.71,17,576,26.4,1,37.93,0,0,16,0,1,1,1,0.165,18.36,0
80.05,9,824,8.75,1,19.66,1,0,54,0,1,0,1,0.358,30.63,0
158.46,5,106,44.96,0,30.55,1,0,3,0,1,1,1,0.131,17.36,0
82.63,23,938,12.05,4,27.98,0,0,80,1,0,1,0,0.137,30.97,0
4.75,5,30,5.94,1,18.98,0,0,0,0,1,1,0,0.102,11.9,0
8.33,19,3,1.35,0,33.07,0,0,0,0,1,1,0,0.063,1.01,0
16.04,14,86,7.07,3,17.09,0,0,5,0,0,0,1,0.342,30.67,0
30.76,3,1924,12.61,2,36.54,0,0,137,0,1,1,0,0.099,6.67,0
50.28,15,371,18.22,3,45.99,0,0,28,0,1,1,1,0.109,14.09,0
14.5,21,24,31.21,1,129.27,1,0,2,0,1,0,1,0.216,10.16,0
36.12,23,2935,43.23,1,30.55,0,0,285,0,1,1,1,0.198,10.57,0
14.08,7,683,1.62,2,169.75,0,0,22,0,1,1,0,0.42,19.86,0
16.26,6,910,13.78,1,42.61,0,1,34,0,1,1,1,0.192,14.07,0
7.34,18,120,16.48,0,32.54,0,0,5,0,1,1,1,0.221,27.24,0
11.9,16,56,2.83,3,13.59,0,0,2,0,1,1,1,0.202,15.23,0
7.75,20,362,11.83,1,22.84,1,0,16,0,1,1,0,0.148,29.59,0
11.29,12,740,6.12,0,64.06,0,0,16,0,1,1,1,0.125,0.0,0
85.94,14,508,1.21,2,11.07,0,0,44,0,1,1,1,0.087,17.59,0
11.6,1,499,1.02,3,14.99,1,1,35,0,1,1,1,0.271,18.98,0
416.71,9,708,21.36,3,26.64,1,0,58,0,1,1,1,0.152,38.64,1
49.07,12,129,14.34,2,25.57,0,1,12,0,1,1,0,0.165,20.75,0
36.05,17,542,18.84,3,66.56,0,0,31,0,1,1,0,0.07,19.1,0
12.7,22,249,17.34,0,71.91,0,0,6,0,1,1,0,0.287,0.0,0
60.36,10,36,2.16,3,10.63,0,0,3,0,1,1,1,0.177,16.15,0
16.85,12,113,2.47,2,51.94,0,0,8,0,1,1,1,0.16,13.7,0
33.85,18,790,4.36,1,18.3,0,0,63,1,1,1,1,0.246,0.59,0
387.64,23,1131,7.64,2,34.59,0,0,34,0,1,1,0,0.386,30.29,1
27.22,23,166,42.0,0,25.22,1,0,13,0,1,1,0,0.111,6.08,0
94.56,21,106,16.81,0,51.4,0,0,7,0,1,1,1,0.032,10.16,0
14.83,4,14,4.42,0,5.36,0,1,0,0,1,1,0,0.346,0.0,1
28.93,2,1475,0.86,1,20.59,0,0,60,0,1,1,1,0.246,0.21,0
176.06,18,576,17.29,3,90.15,0,0,20,0,1,1,0,0.008,6.77,0
16.01,22,1574,14.73,2,25.41,1,0,64,0,1,1,0,0.408,40.73,0
183.54,12,997,16.89,0,4.18,1,0,33,0,1,1,1,0.294,27.35,0
60.81,4,208,4.54,2,15.47,0,0,10,0,1,1,0,0.16,19.26,0
17.07,11,60,10.91,1,62.48,0,0,2,0,1,1,0,0.47,0.87,0
56.4,13,346,6.73,1,11.25,1,0,17,0,1,1,0,0.151,29.21,0
79.25,5,14,25.53,2,17.78,0,0,0,0,0,1,0,0.207,16.6,0
55.8,21,81,1.08,0,43.64,0,0,6,0,1,1,0,0.035,6.83,0
6.23,8,133,4.83,0,34.48,0,1,6,0,1,1,1,0.337,5.35,0
14.48,16,548,13.86,1,9.37,0,0,22,1,1,1,0,0.367,2.71,0
23.39,7,357,3.45,1,6.66,0,1,31,0,1,1,0,0.064,13.61,0
27.81,12,180,16.75,2,15.76,0,0,14,1,1,1,1,0.082,32.4,0
55.74,4,416,2.21,2,32.82,2,0,36,0,1,1,1,0.165,23.91,0
35.79,21,67,0.35,1,34.17,1,0,5,0,1,1,1,0.44,18.98,0
7.88,21,705,29.87,1,74.1,0,1,54,0,1,1,0,0.123,4.23,1
43.82,16,622,6.08,1,5.87,1,0,13,0,1,1,0,0.092,10.77,0
55.18,2,122,2.56,1,39.76,0,0,3,0,1,1,1,0.139,4.68,0
52.45,5,466,2.84,2,17.9,0,0,10,0,1,1,0,0.055,23.28,0
88.3,13,350,32.56,2,23.91,0,1,13,0,1,1,1,0.193,16.23,0
68.99,14,31,15.94,0,43.5,0,0,2,0,1,1,1,0.161,0.0,0
47.43,13,163,46.97,2,85.22,1,1,3,0,1,1,0,0.215,37.58,0
27.93,10,3650,24.14,0,26.41,0,0,78,0,1,1,0,0.404,11.54,0
5.69,10,52,21.89,0,29.54,0,0,1,0,1,1,0,0.29,9.07,0
46.04,8,353,10.39,3,43.65,0,0,22,0,1,1,0,0.216,27.56,0
36.88,5,946,25.79,2,32.74,0,0,40,0,1,1,1,0.13,5.97,0
39.31,14,179,7.98,1,48.73,0,0,17,0,1,1,1,0.136,10.29,0
8.36,11,151,26.32,1,149.66,1,0,4,0,1,1,1,0.201,11.76,0
10.16,5,1107,21.27,1,297.76,0,0,92,1,1,1,0,0.319,7.59,0
85.9,0,182,17.02,1,26.28,0,1,12,0,1,1,0,0.188,13.65,1
28.8,15,527,6.0,1,123.63,0,0,37,0,1,1,0,0.05,9.21,0
59.23,19,674,14.94,2,19.85,0,0,30,1,0,1,0,0.12,23.43,0
30.82,14,777,10.6,1,14.96,0,0,13,0,1,0,0,0.092,2.76,0
30.87,1,2626,9.29,2,5.0,0,1,123,0,1,1,1,0.081,20.75,0
76.58,16,813,69.45,0,31.72,1,1,54,1,1,1,0,0.05,19.58,0
17.88,2,535,10.53,0,22.62,0,0,41,0,1,1,0,0.128,10.73,0
32.99,2,1129,0.49,0,28.72,0,1,70,0,1,1,1,0.139,8.93,0
18.87,4,1181,14.77,2,29.91,0,0,116,0,1,1,1,0.322,24.13,0
19.4,16,1809,19.53,1,29.78,0,0,118,0,1,0,0,0.198,21.79,0
22.0,22,749,32.47,1,31.99,1,0,17,0,0,1,0,0.245,7.79,0
37.42,16,108,15.02,0,5.14,0,0,9,0,1,1,0,0.273,0.0,0
18.56,19,619,0.29,1,10.83,2,0,43,0,1,1,1,0.213,26.93,0
105.19,5,39,1.91,0,31.12,0,1,2,0,1,1,0,0.087,0.0,0
12.25,0,191,2.64,1,8.15,0,0,15,0,1,1,1,0.249,2.57,0
24.86,6,62,3.56,0,42.55,0,0,4,0,1,1,0,0.322,0.0,0
19.3,14,1497,24.12,3,18.54,0,1,143,0,1,1,0,0.267,30.72,0
127.35,6,207,5.56,1,21.29,0,0,11,0,1,1,0,0.237,13.68,0
36.47,18,625,5.62,2,33.61,0,0,47,0,1,1,0,0.164,17.08,0
84.09,19,424,21.13,0,53.53,1,0,23,0,1,1,1,0.236,4.32,0
6.78,21,57,7.98,2,42.2,0,0,2,0,1,0,0,0.211,17.41,0
39.14,10,412,1.0,3,23.09,1,0,17,0,1,0,1,0.047,29.24,0
72.94,22,541,13.2,2,39.1,0,0,35,0,1,0,1,0.328,20.75,0
32.53,13,1066,2.09,0,15.94,0,1,33,0,1,0,0,0.188,0.0,0
86.96,12,36,12.72,1,8.13,0,0,2,0,1,1,0,0.319,10.78,0
17.86,19,175,22.69,2,7.76,0,0,13,0,1,1,1,0.18,12.13,0
122.65,8,589,39.78,1,23.0,0,0,36,0,1,1,1,0.21,7.81,0
298.54,8,17,1.04,0,33.04,1,0,1,0,1,1,1,0.294,5.17,1
20.85,15,114,5.44,2,16.07,0,2,3,0,0,1,1,0.201,20.33,0
19.19,11,123,15.85,0,13.19,0,1,8,0,1,1,1,0.073,0.0,0
128.17,9,553,5.68,1,16.35,0,1,36,0,1,1,0,0.095,16.61,0
145.41,5,168,9.0,2,16.53,0,0,10,0,1,1,1,0.405,11.82,0
17.76,17,458,0.3,2,13.21,2,1,34,0,1,1,1,0.214,31.65,0
19.68,1,1681,17.74,0,33.33,0,0,126,0,1,1,0,0.174,0.0,0
22.61,19,788,32.22,0,28.46,0,0,58,0,1,1,1,0.065,1.47,0
7.81,8,202,56.49,3,201.74,0,0,5,0,1,1,0,0.481,23.63,0
11.96,18,320,26.63,2,20.56,0,0,21,0,1,1,1,0.281,25.44,0
10.98,5,112,0.48,2,18.84,0,1,8,0,1,1,0,0.09,24.08,0
13.9,1,8,15.83,0,57.51,0,0,0,0,1,1,0,0.286,0.0,0
28.94,14,171,10.27,2,21.94,0,0,5,0,1,1,1,0.171,18.76,0
37.87,16,231,41.68,1,9.77,1,0,4,0,0,1,0,0.198,0.0,0
141.25,15,415,34.86,3,51.64,1,0,27,0,1,1,0,0.015,39.33,0
11.04,20,1442,66.4,0,19.71,0,0,50,0,1,1,1,0.349,0.21,0
80.18,7,1477,29.7,2,76.69,2,0,126,0,1,1,1,0.357,32.14,0
24.19,9,36,11.87,0,57.18,0,0,3,0,1,1,0,0.307,10.36,0
28.52,9,477,18.82,2,161.88,0,0,41,0,0,1,0,0.052,0.0,0
58.84,17,22,50.15,1,17.31,0,1,0,0,1,1,0,0.073,0.0,0
9.75,9,522,12.95,3,26.85,2,0,44,0,1,0,1,0.251,51.84,0
43.92,8,63,27.49,2,14.48,0,0,1,0,1,1,1,0.01,17.45,0
35.39,23,1463,42.76,5,19.62,0,0,60,0,1,0,1,0.233,42.42,0
49.03,18,999,12.68,2,24.01,0,0,85,1,1,1,0,0.368,24.23,0
40.01,0,11,2.6,2,5.02,1,1,0,1,1,1,0,0.223,39.36,0
349.08,3,762,2.54,2,46.55,1,1,24,0,1,1,1,0.176,31.81,1
15.84,23,505,1.84,2,36.6,0,0,43,0,1,1,1,0.012,2.19,0
17.62,2,342,9.7,1,213.35,0,2,33,0,1,1,0,0.151,3.66,0
16.07,9,461,9.81,5,34.81,0,0,32,1,1,0,0,0.2,30.09,0
17.19,11,567,14.41,4,6.7,1,0,38,0,1,1,1,0.053,40.62,0
15.84,17,1079,9.89,3,47.39,0,0,66,0,1,1,1,0.078,39.52,0
98.4,22,729,54.21,0,23.09,1,1,27,0,1,1,0,0.309,0.0,0
124.03,19,428,5.17,0,19.3,1,1,8,0,1,1,1,0.136,8.1,0
16.93,5,870,31.05,1,24.73,0,1,47,1,1,1,1,0.148,6.21,0
13.04,20,2168,1.59,4,63.08,0,0,189,1,1,0,0,0.51,38.38,0
48.01,1,178,13.82,0,36.05,0,0,16,0,1,1,1,0.239,0.0,0
17.25,9,63,15.68,1,170.17,0,0,3,1,1,1,1,0.044,15.35,0
56.43,1,657,22.19,4,18.06,1,0,62,0,1,1,1,0.282,41.85,0
36.71,8,1922,10.49,4,37.49,0,0,122,0,1,0,0,0.26,23.24,0
6.58,9,62,3.3,4,30.61,0,1,4,0,1,1,1,0.498,33.78,0
140.82,1,283,6.91,2,11.16,0,0,15,0,1,1,1,0.369,24.72,0
180.53,7,32,4.77,2,14.48,1,0,0,0,1,1,0,0.218,24.2,0
16.24,23,749,8.15,2,53.72,0,0,64,0,1,1,1,0.185,17.93,0
20.33,16,1485,11.32,1,21.35,0,0,141,0,1,1,0,0.181,5.06,0
39.88,16,346,14.72,2,44.66,2,0,26,0,1,1,1,0.204,56.98,0
41.87,3,263,27.98,3,25.93,0,0,13,0,1,1,1,0.169,26.47,0
57.89,17,1191,36.12,0,14.64,0,0,105,0,1,1,1,0.406,4.21,0
223.68,11,72,9.31,2,15.37,1,0,4,0,1,1,0,0.18,34.04,0
25.1,16,1111,1.39,0,10.57,1,0,18,0,1,1,1,0.369,6.14,0
13.49,8,249,23.92,3,60.73,0,0,23,0,1,0,1,0.127,23.33,0
7.54,18,410,9.73,1,21.08,1,1,22,0,1,1,1,0.101,9.29,0
14.43,13,376,11.86,2,12.78,0,0,11,0,1,1,1,0.341,12.7,0
28.99,13,479,13.59,1,17.03,1,0,15,0,1,1,0,0.055,10.62,0
180.29,16,1425,16.53,0,7.77,0,0,64,1,1,1,1,0.174,0.66,0
17.86,1,1509,33.12,1,39.14,0,0,30,1,1,1,0,0.13,0.0,0
37.48,7,889,45.59,1,37.52,0,0,37,0,1,1,0,0.156,17.85,0
29.48,4,106,42.24,2,50.39,0,0,2,0,1,1,1,0.153,25.6,0
98.34,6,203,24.87,0,19.08,0,1,6,0,1,1,1,0.11,0.0,0
375.0,21,335,33.01,2,16.52,1,0,6,0,1,1,1,0.306,30.33,1
17.62,15,1179,0.76,0,30.01,0,0,86,0,1,1,1,0.213,8.17,0
18.37,15,368,28.37,0,23.42,0,0,23,1,1,1,0,0.048,6.81,0
85.13,16,1896,1.13,2,10.58,0,0,46,0,0,1,0,0.258,16.02,0
59.26,21,2063,20.57,2,75.76,1,1,167,0,1,1,1,0.062,28.67,0
189.94,6,456,2.78,4,18.73,1,1,33,0,1,1,0,0.026,60.21,1
53.73,19,1050,6.7,1,87.97,1,0,31,0,1,1,0,0.308,6.87,0
20.92,7,3580,3.05,2,9.2,0,0,72,0,1,1,0,0.403,12.93,0
54.09,7,948,8.79,2,60.46,0,2,26,0,1,1,1,0.276,24.32,0
90.8,22,535,7.96,0,26.95,0,0,14,0,1,1,1,0.514,0.0,0
68.07,10,933,0.74,2,30.17,0,0,63,0,1,1,1,0.261,11.98,0
49.76,14,43,26.62,2,250.39,0,0,0,0,1,1,1,0.105,14.98,0
87.07,17,504,28.88,1,15.76,0,0,21,0,1,1,0,0.242,15.65,0
96.48,5,122,23.23,0,43.91,1,0,5,0,0,1,0,0.047,18.07,0
119.36,21,62,28.22,0,64.19,0,0,1,1,1,1,1,0.291,0.0,0
57.32,11,1117,20.85,0,54.84,0,0,50,0,1,1,0,0.344,6.45,0
25.35,14,510,41.59,3,25.83,0,0,32,0,1,1,1,0.27,8.07,0
34.7,22,140,12.88,0,19.41,0,0,6,0,1,1,0,0.055,12.51,0
100.13,5,245,13.11,4,32.2,0,0,23,0,1,0,1,0.267,33.04,1
13.24,17,1811,29.48,0,58.02,0,0,73,0,1,1,1,0.215,8.4,0
43.32,23,991,6.45,1,53.11,0,0,70,0,0,1,1,0.065,10.19,0
20.22,19,8,0.77,0,18.04,0,0,0,0,1,1,1,0.085,0.0,0
30.84,8,1951,20.79,0,22.74,0,0,93,0,1,1,1,0.022,3.37,0
107.6,7,230,4.41,1,27.03,0,0,22,1,1,1,0,0.296,7.92,0
36.27,13,594,9.64,1,39.98,0,0,52,0,1,1,1,0.34,1.77,0
31.39,18,624,4.13,1,40.13,0,0,20,0,1,0,0,0.131,3.16,0
7.69,18,1213,26.32,2,22.4,0,0,118,0,1,1,0,0.211,2.34,0
63.2,7,1082,47.66,1,71.67,0,0,19,0,1,1,1,0.202,3.75,0
57.14,1,165,0.85,2,17.43,0,0,2,0,1,1,1,0.341,27.23,0
260.67,3,516,3.99,1,71.56,0,0,12,0,1,1,0,0.449,3.25,0
22.03,5,250,3.15,4,36.03,1,0,11,0,1,1,0,0.153,35.77,0
37.31,2,373,16.78,6,62.79,0,0,17,0,1,1,0,0.299,48.15,0
38.45,2,404,8.4,0,77.03,0,0,8,0,1,1,0,0.051,0.0,0
145.1,18,252,9.14,2,14.84,0,0,19,0,1,1,0,0.379,18.25,0
27.24,10,312,2.56,4,12.12,0,0,13,0,1,1,1,0.082,27.66,0
39.61,9,117,8.04,0,103.76,0,0,11,0,1,1,1,0.204,7.12,0
55.03,11,468,5.42,4,102.46,0,0,46,0,1,1,0,0.228,36.56,0
36.11,13,711,14.17,1,36.01,1,0,52,0,1,1,0,0.048,10.92,0
19.17,17,281,3.67,1,27.6,1,0,7,0,1,1,1,0.049,4.93,0
36.38,23,1901,14.31,1,8.36,0,0,113,0,1,1,1,0.159,20.42,0
87.67,8,29,7.12,3,21.53,0,0,2,0,1,1,1,0.403,37.79,0
10.73,14,445,6.38,4,18.56,0,0,41,0,1,1,1,0.244,29.85,0
34.23,23,438,5.47,2,50.51,1,1,22,0,1,1,0,0.248,46.67,0
14.88,2,18,16.81,1,38.02,0,0,0,0,1,1,0,0.092,15.71,0
98.99,22,127,12.4,1,109.21,0,0,6,1,1,1,1,0.311,0.0,0
6.53,10,1180,28.63,2,5.39,2,0,75,0,1,1,0,0.35,38.77,0
17.13,9,393,4.15,1,44.3,0,0,10,0,1,1,1,0.382,0.0,0
43.69,17,287,0.61,1,16.52,1,0,20,0,1,0,1,0.387,18.91,0
143.38,3,268,3.01,1,26.32,0,0,17,0,1,1,0,0.066,0.93,0
28.06,12,1095,6.31,1,60.5,0,1,61,0,1,1,1,0.13,10.45,0
17.2,5,229,2.97,1,22.93,0,0,14,0,1,1,0,0.195,0.0,0
196.6,20,980,1.31,2,358.96,0,1,18,0,1,1,1,0.087,9.25,0
7.04,12,185,8.84,2,20.32,0,1,14,0,1,1,1,0.265,16.75,0
3.32,19,379,16.95,0,19.4,0,0,28,0,1,1,1,0.238,2.01,0
46.53,4,78,20.89,1,6.59,0,1,2,0,1,1,0,0.277,16.29,0
18.14,19,872,7.63,0,36.96,0,1,20,0,1,1,1,0.177,0.08,0
10.79,13,666,9.75,1,28.7,0,0,32,0,1,1,1,0.168,21.89,0
60.85,12,378,21.13,0,8.48,0,0,30,0,1,1,0,0.059,0.0,0
38.24,13,13,6.52,2,19.31,0,0,0,0,1,1,0,0.131,27.63,0
17.05,7,328,23.04,3,46.4,0,0,25,0,1,1,1,0.322,16.19,0
8.33,15,128,51.34,1,10.45,1,0,10,0,1,1,0,0.551,15.3,0
71.7,12,267,31.86,3,14.66,0,0,5,0,1,1,1,0.255,16.0,0
57.41,23,970,9.07,4,31.99,0,0,48,1,1,1,1,0.381,19.1,0
27.13,14,734,13.0,3,43.07,0,1,72,1,1,1,1,0.153,32.47,0
189.93,18,139,18.9,1,78.05,0,0,2,0,1,1,0,0.298,14.61,0
10.28,0,2098,6.45,4,366.47,1,0,191,1,1,1,0,0.045,50.6,0
6.52,21,1168,24.08,4,22.98,0,0,30,0,1,0,0,0.187,38.54,0
15.0,1,376,8.61,2,6.17,0,0,25,0,1,1,0,0.115,10.15,0
28.63,17,378,28.14,1,6.97,0,0,36,0,1,1,0,0.136,0.0,0
38.22,18,1158,4.41,1,327.15,1,0,78,0,1,1,1,0.228,11.27,0
23.54,7,505,0.17,1,23.66,1,0,16,0,1,1,1,0.055,36.68,0
42.61,2,385,15.02,0,102.87,1,2,13,0,1,1,1,0.328,26.21,0
8.57,22,691,9.02,0,51.03,2,0,13,1,1,1,0,0.252,15.62,0
126.95,13,134,0.93,0,9.12,2,0,6,0,1,1,0,0.162,10.56,0
27.6,8,1053,10.03,1,14.96,0,0,68,0,1,0,0,0.117,10.38,0
91.59,7,379,2.77,1,168.52,0,0,31,0,1,1,0,0.257,7.02,0
42.21,16,463,14.9,1,15.98,0,1,30,0,0,1,0,0.137,0.0,0
47.31,22,47,8.83,1,37.01,0,0,4,1,1,1,1,0.066,2.39,0
52.97,22,185,2.82,2,27.49,0,0,13,0,1,1,1,0.394,16.96,0
46.89,23,278,7.96,1,4.37,0,0,17,0,1,1,1,0.086,0.0,0
56.98,15,267,3.97,1,151.24,1,0,9,0,1,1,1,0.134,37.3,0
113.2,9,753,15.88,2,9.05,0,0,61,0,1,1,1,0.183,23.36,0
36.47,20,166,5.25,2,27.31,0,1,6,0,1,1,1,0.135,7.12,0
60.89,9,101,25.89,2,12.64,0,0,4,0,1,1,1,0.054,0.0,0
27.39,23,437,0.21,3,60.94,0,0,11,0,1,1,1,0.26,27.18,0
126.48,5,477,7.75,2,30.46,0,0,9,0,1,1,1,0.098,21.5,0
15.24,21,65,14.4,1,88.1,0,1,3,0,1,1,1,0.37,28.75,0
181.44,16,1,0.34,2,159.33,1,0,0,0,0,1,1,0.174,20.71,1
28.78,15,1248,3.65,0,65.37,0,0,56,0,1,1,0,0.148,0.0,0
7.17,14,41,5.95,2,41.17,0,0,3,0,1,1,0,0.398,11.99,0
34.06,21,1141,0.33,2,16.49,0,0,50,0,1,1,0,0.111,13.67,0
15.16,13,255,11.87,1,18.88,0,1,17,0,1,1,0,0.08,7.59,0
69.45,3,529,14.95,2,54.28,1,0,46,0,1,1,1,0.031,21.32,0
15.6,3,103,3.87,1,27.63,0,0,2,0,1,1,0,0.073,8.64,0
19.18,1,868,11.76,2,95.06,1,0,82,0,1,1,1,0.109,10.18,0
4.53,10,99,105.65,1,96.13,0,0,6,0,1,1,1,0.216,6.69,1
19.06,3,244,32.69,1,36.01,0,1,19,0,1,1,0,0.347,0.0,0
2.65,20,136,0.91,2,14.25,1,0,11,0,1,1,1,0.315,37.37,0
6.15,20,909,2.05,2,23.59,1,0,74,0,1,0,0,0.113,14.94,0
64.1,15,977,10.23,5,58.3,0,0,35,1,1,1,0,0.199,29.63,0
65.75,20,233,4.22,2,10.71,0,0,8,0,0,1,1,0.242,16.37,0
45.85,3,184,1.27,1,61.75,0,1,5,0,1,1,1,0.05,3.95,0
11.39,0,743,4.41,3,14.28,0,0,24,0,1,0,1,0.079,19.4,0
28.57,23,1054,0.95,2,16.94,0,0,88,0,1,1,1,0.448,11.66,0
29.86,18,489,11.32,1,15.04,0,0,30,0,1,1,1,0.201,25.27,0
9.41,1,1311,10.11,4,10.29,0,0,35,0,1,1,1,0.263,27.02,0
134.75,8,241,0.1,1,86.0,0,0,10,0,1,1,0,0.111,0.0,0
72.05,22,82,9.88,1,35.68,0,0,1,0,1,1,0,0.285,5.47,0
24.02,12,99,11.0,1,13.97,0,0,8,0,1,1,0,0.056,25.89,0
30.78,17,554,13.96,0,17.81,0,0,37,0,1,1,0,0.054,0.0,0
36.91,15,262,52.65,1,85.57,0,0,7,0,1,1,1,0.26,12.93,0
3.89,15,85,60.85,3,22.21,0,0,7,1,0,1,1,0.12,19.15,0
23.4,9,173,11.23,3,49.91,0,0,15,0,1,1,0,0.303,23.71,0
15.15,8,378,27.98,0,23.03,2,0,28,1,1,1,0,0.205,25.67,0
11.01,10,65,1.34,0,52.13,0,0,3,0,1,1,1,0.114,0.0,0
22.62,3,2,11.36,1,14.33,0,1,0,0,1,0,1,0.011,4.94,0
180.85,9,1246,17.04,1,12.46,0,0,60,0,1,1,1,0.085,15.81,0
56.87,2,182,12.48,1,25.44,0,1,9,1,1,1,1,0.108,0.0,0
16.93,5,125,3.93,1,47.98,0,0,6,0,1,0,1,0.346,12.39,0
53.12,2,599,0.97,2,19.13,0,0,58,0,1,1,0,0.063,20.46,0
121.43,8,960,7.33,4,23.04,1,1,42,1,1,1,1,0.195,33.27,0
75.54,2,500,15.65,2,30.98,0,0,29,0,1,1,1,0.138,29.92,0
31.81,17,147,71.9,3,17.47,0,0,13,1,1,1,0,0.208,19.68,1
15.69,7,989,4.05,2,15.69,0,0,23,0,1,1,1,0.169,14.14,0
60.23,21,357,37.48,2,31.6,0,0,14,0,1,1,0,0.196,13.11,0
44.41,7,240,1.06,1,77.56,0,0,19,0,1,1,0,0.182,0.04,0
73.35,14,464,40.1,2,15.35,0,0,36,0,1,1,1,0.263,16.38,0
56.55,12,603,26.79,2,21.74,0,1,38,0,0,1,1,0.313,25.64,0
85.59,6,450,0.32,1,38.92,0,0,33,0,1,1,1,0.14,5.99,0
17.54,18,1264,5.31,0,32.26,0,0,50,0,1,1,1,0.438,0.0,0
111.88,7,494,0.78,0,83.31,1,0,34,0,1,1,1,0.126,0.0,0
36.51,9,1054,81.07,2,26.69,0,0,21,0,0,1,1,0.224,13.57,0
238.71,16,442,8.38,2,9.13,1,0,43,1,0,1,1,0.154,27.32,0
15.04,0,200,16.28,1,10.56,1,0,14,1,1,1,1,0.252,9.7,0
170.03,12,380,4.0,0,75.44,0,1,12,0,1,1,1,0.238,0.0,0
36.52,12,45,40.71,1,10.26,1,0,3,0,1,1,1,0.07,27.07,0
15.62,23,131,4.81,1,24.09,1,2,9,0,1,1,0,0.159,25.99,0
18.47,15,727,4.52,1,11.41,0,0,70,0,1,1,0,0.262,18.91,0
21.75,8,542,5.67,1,27.78,1,1,22,0,1,1,0,0.305,0.0,0
45.79,9,91,9.31,0,33.79,0,1,1,1,1,1,1,0.061,0.0,0
50.54,5,288,0.28,1,35.16,0,0,9,0,1,1,1,0.217,0.59,0
16.88,4,77,13.66,1,24.85,0,0,3,0,1,1,0,0.155,9.27,0
29.24,1,968,0.48,1,9.08,0,0,35,0,1,1,1,0.059,1.57,0
255.26,10,58,11.62,2,17.32,0,1,4,0,1,1,1,0.249,19.44,1
168.6,8,531,9.18,2,16.65,0,0,10,0,1,1,1,0.31,42.44,0
46.35,5,467,4.17,0,60.05,0,0,12,0,1,1,1,0.185,0.0,0
31.12,7,320,6.0,1,16.96,1,0,13,0,1,1,1,0.088,15.16,0
33.79,8,163,18.35,3,5.94,0,0,10,0,1,1,1,0.143,20.98,0
55.34,8,259,0.14,0,53.82,0,0,10,0,1,1,0,0.229,10.15,0
10.77,7,821,5.71,0,39.93,0,1,52,0,1,1,0,0.125,0.0,0
23.16,11,717,17.11,2,16.4,0,1,30,0,1,1,0,0.278,15.17,0
5.65,7,671,2.48,0,9.97,0,0,53,0,1,1,1,0.073,0.0,0
44.67,2,693,12.33,0,18.79,1,0,54,1,0,1,1,0.098,12.77,0
57.24,12,78,2.78,1,27.03,2,0,6,0,1,1,0,0.103,47.01,0
18.48,18,52,2.52,1,43.63,0,0,5,0,1,1,0,0.011,0.0,0
144.6,1,988,22.19,0,112.34,0,0,84,1,1,1,1,0.257,0.0,0
8.8,16,908,4.65,1,34.81,0,0,77,0,0,1,0,0.219,9.98,0
6.93,15,572,7.07,1,46.47,0,1,27,0,1,1,0,0.14,0.0,0
37.5,3,466,19.64,2,7.61,0,1,19,0,1,1,0,0.282,9.23,0
85.38,17,229,2.97,0,11.26,0,0,8,0,1,1,1,0.361,0.0,0
161.41,13,127,11.38,0,65.7,0,0,6,0,1,0,0,0.093,0.69,0
18.94,1,551,37.48,1,9.51,0,1,26,0,1,1,0,0.108,0.0,0
88.12,12,1221,12.11,1,14.75,1,0,42,0,1,1,1,0.152,11.96,0
28.83,20,287,0.75,1,36.79,0,0,4,0,0,1,1,0.387,1.38,0
25.21,19,181,13.36,0,36.62,1,0,9,0,1,1,1,0.199,10.57,0
72.51,16,158,1.42,2,13.02,0,0,15,0,1,0,1,0.164,40.04,0
57.53,14,12,4.97,1,94.0,1,0,0,0,1,1,1,0.219,26.2,0
6.19,19,367,28.42,2,10.93,0,0,34,0,1,1,1,0.168,13.44,0
131.18,4,2221,0.17,1,34.46,1,0,129,0,1,1,0,0.406,21.93,0
119.12,6,844,1.2,1,110.67,0,1,83,0,1,1,1,0.067,21.6,0
16.03,17,1139,6.77,0,35.69,1,0,37,0,1,1,1,0.316,18.02,0
44.51,23,485,111.18,2,7.33,0,0,30,0,1,1,1,0.241,17.67,0
49.11,10,328,5.18,2,57.34,2,0,12,0,1,1,1,0.52,45.3,0
38.89,17,2326,2.57,1,23.34,1,1,83,1,1,1,1,0.097,17.91,0
17.28,4,296,11.96,2,47.5,1,0,28,0,0,1,1,0.185,30.0,1
15.31,12,1243,10.99,3,84.1,0,0,80,0,1,0,0,0.352,21.48,0
29.21,17,717,8.96,2,7.5,0,0,16,0,1,1,1,0.315,18.54,0
96.81,1,201,43.96,1,38.6,0,0,9,0,1,1,0,0.124,11.54,0
51.6,19,350,4.93,3,72.83,0,0,30,0,1,1,0,0.111,25.93,0
20.68,3,243,5.21,3,36.04,1,0,5,0,1,1,0,0.052,19.89,0
64.83,12,73,2.27,1,90.77,0,0,1,0,1,1,0,0.28,0.0,0
1.74,23,221,17.92,4,32.08,0,0,19,0,1,1,1,0.145,38.75,0
94.52,15,1099,5.82,2,105.0,0,0,80,0,1,1,0,0.214,35.7,0
5.26,5,698,24.35,2,7.32,1,0,15,0,1,1,1,0.037,31.32,0
20.85,7,163,53.5,0,55.86,0,0,5,0,1,1,1,0.016,0.0,0
9.78,15,229,0.67,0,3.59,1,0,5,0,1,1,0,0.179,20.2,0
8.21,12,479,74.69,2,35.7,0,0,10,0,1,1,0,0.177,11.11,0
95.66,22,269,4.4,1,10.72,0,1,24,0,1,1,1,0.234,3.32,0
18.77,3,350,8.17,3,52.18,0,0,27,0,1,1,0,0.286,37.85,0
42.37,1,599,22.56,2,19.61,1,1,35,0,0,1,1,0.295,30.15,0
28.59,8,315,16.42,0,29.39,0,1,13,0,1,1,1,0.231,10.38,0
48.28,17,106,22.61,4,16.48,0,0,7,0,0,1,1,0.337,20.98,0
32.36,16,368,9.42,1,116.34,0,0,14,0,1,1,1,0.321,0.0,0
8.31,7,220,37.17,0,23.02,0,0,6,0,1,1,1,0.29,4.12,0
81.15,14,172,23.41,2,13.62,0,0,9,0,1,1,1,0.089,17.3,0
18.29,8,199,5.55,0,8.25,0,0,17,0,1,1,1,0.062,13.21,0
6.32,16,289,44.49,1,13.2,0,1,21,0,1,0,1,0.071,5.16,0
19.53,22,1088,48.68,2,11.97,0,0,89,0,1,1,1,0.365,13.91,0
134.39,1,662,8.04,1,27.24,0,0,20,0,1,1,0,0.012,4.51,0
70.12,5,551,15.83,1,21.81,0,1,53,0,1,1,0,0.086,9.52,0
21.14,4,319,25.29,1,4.75,0,0,7,0,1,0,1,0.058,14.63,0
21.13,16,1,25.5,2,19.6,0,0,0,0,1,1,1,0.111,20.14,0
21.72,1,208,0.21,2,4.41,0,0,9,0,0,1,0,0.297,21.12,0
239.07,17,839,14.87,2,53.21,0,0,55,0,1,1,1,0.081,5.87,0
43.9,9,246,54.57,1,23.1,0,0,23,1,1,1,0,0.01,6.25,0
46.06,9,415,3.95,1,9.41,0,0,10,0,1,1,1,0.22,7.54,0
83.96,5,115,23.82,1,22.26,0,0,3,0,1,1,1,0.244,0.7,0
38.05,11,1238,11.46,1,59.59,0,0,55,0,1,1,0,0.081,12.45,0
23.13,16,1283,3.76,1,22.0,0,0,89,0,1,1,0,0.114,2.99,0
24.62,12,79,0.79,1,28.67,0,0,2,0,1,1,1,0.175,20.93,0
27.89,19,644,21.4,1,53.63,0,0,17,0,1,1,0,0.233,15.01,0
28.87,15,39,5.71,2,17.04,1,0,3,0,1,1,0,0.045,25.15,0
62.03,9,456,7.06,0,13.2,0,0,37,0,1,1,0,0.254,0.0,0
31.56,20,98,9.96,0,13.47,0,0,7,1,1,1,0,0.1,7.64,0
62.34,1,79,10.61,3,52.67,0,0,4,1,1,1,1,0.371,26.3,0
27.64,1,2,3.46,4,32.12,0,1,0,0,1,1,1,0.194,33.7,0
32.42,22,1414,16.66,0,41.63,0,1,96,0,1,1,1,0.144,11.86,0
4.06,6,884,17.69,2,9.81,1,1,64,0,1,0,1,0.17,41.74,0
74.91,5,40,2.3,0,103.41,1,0,1,0,1,1,1,0.303,6.33,0
42.37,0,457,11.42,2,62.85,1,0,27,0,1,1,1,0.137,33.45,0
81.29,11,133,14.1,3,11.6,0,0,13,0,1,1,0,0.097,23.46,0
1.65,12,153,3.09,0,40.95,0,0,4,0,1,1,1,0.174,0.0,0
241.86,11,1036,33.73,0,12.84,2,0,23,0,1,1,1,0.356,21.76,0
26.06,18,61,9.89,3,7.68,1,0,1,0,1,1,0,0.197,47.21,0
90.76,8,460,1.83,2,37.36,0,0,33,0,1,1,1,0.156,10.97,0
10.59,9,256,6.11,0,32.51,0,1,21,0,1,0,0,0.372,0.0,0
55.3,16,106,9.72,5,42.95,0,0,3,0,1,1,0,0.402,46.86,0
10.45,17,301,0.15,1,57.06,0,0,5,0,1,1,0,0.081,4.13,0
16.06,7,1411,0.49,1,51.73,0,0,107,1,1,1,0,0.109,0.0,0
203.17,6,761,0.86,3,29.28,1,0,60,0,1,1,1,0.356,29.46,1
24.76,8,71,11.59,4,25.59,0,0,2,0,1,1,1,0.043,21.76,0
37.24,9,947,6.14,1,77.96,0,0,16,0,1,1,1,0.368,17.3,0
71.53,11,1386,33.54,0,20.6,0,0,115,0,1,0,1,0.051,5.86,0
49.19,14,162,12.29,0,64.52,1,0,7,1,1,0,0,0.062,7.07,0
34.83,14,203,21.4,0,5.6,0,1,12,1,1,1,0,0.064,5.8,0
43.16,3,68,17.43,0,17.25,0,0,6,0,1,1,0,0.221,0.0,0
331.43,3,212,11.02,1,26.07,0,0,7,0,1,1,0,0.287,19.79,1
28.29,22,559,20.48,1,44.98,1,0,15,0,1,1,1,0.167,24.56,0
36.64,0,159,11.8,1,51.79,0,0,10,0,1,1,0,0.065,18.64,0
85.68,11,3,7.3,3,62.98,1,0,0,0,1,1,0,0.276,25.66,0
90.52,1,207,8.59,2,32.35,1,1,10,0,1,1,0,0.359,20.82,0
98.2,14,302,27.35,2,24.22,0,0,5,0,1,1,0,0.209,15.97,0
56.75,16,418,12.43,4,67.71,0,0,10,0,0,1,1,0.181,26.11,0
9.55,6,576,7.11,1,30.42,0,0,22,1,1,1,0,0.245,0.0,0
153.46,5,32,2.97,1,74.61,0,0,1,0,1,1,1,0.126,3.3,0
9.52,11,317,10.26,3,41.24,0,0,13,0,1,1,0,0.376,20.32,0
40.55,18,155,4.36,2,27.42,1,0,9,0,1,1,0,0.422,36.66,0
14.09,0,1478,46.71,1,56.13,0,0,31,0,1,1,1,0.129,6.66,0
28.1,20,223,10.13,1,33.78,0,0,7,0,1,1,1,0.178,7.88,0
41.63,13,53,0.13,0,33.22,0,0,4,0,1,1,1,0.307,9.35,0
41.32,3,21,1.46,1,14.05,0,0,0,0,1,1,1,0.06,8.0,0
45.69,4,154,5.02,3,23.35,0,0,6,0,1,1,0,0.06,28.74,0
150.46,0,99,1.45,0,18.31,0,0,5,0,1,0,1,0.177,10.55,0
47.16,0,525,33.66,2,33.34,0,0,15,0,1,1,0,0.466,5.4,0
23.47,20,939,28.9,1,31.58,0,0,75,1,1,1,1,0.129,15.03,0
78.58,5,187,53.04,2,23.63,2,0,3,0,1,0,1,0.149,24.24,0
98.44,4,431,18.39,3,24.37,0,1,22,0,1,0,1,0.175,32.47,0
8.78,1,655,15.55,0,38.77,1,0,40,1,1,1,0,0.381,12.17,0
54.46,20,254,38.56,2,6.65,1,0,6,0,1,1,0,0.214,16.97,0
60.41,4,34,43.89,0,8.45,1,0,2,0,1,1,1,0.204,14.4,0
22.25,8,130,31.49,2,23.62,0,0,3,0,1,1,1,0.187,6.24,0
118.59,18,1073,29.65,0,72.92,0,0,67,0,1,1,1,0.288,0.0,0
25.79,20,870,16.71,2,85.41,0,0,79,0,0,1,1,0.173,15.66,0
33.97,14,45,0.02,2,8.38,0,0,1,0,1,1,1,0.033,19.78,0
25.2,12,127,8.42,1,334.94,0,0,8,0,1,1,1,0.255,15.64,0
30.43,11,733,15.15,0,13.3,0,0,62,0,1,0,1,0.23,0.0,0
10.01,4,333,11.88,1,12.29,0,0,11,0,1,1,1,0.068,0.0,0
7.1,1,713,25.82,0,4.21,0,0,13,1,1,1,1,0.086,0.0,0
147.6,3,119,25.63,0,16.11,1,0,2,0,1,1,0,0.157,0.0,0
12.85,17,1526,13.7,2,20.68,0,0,56,0,1,1,0,0.098,24.93,0
11.12,20,765,0.33,2,92.86,0,0,58,1,1,1,1,0.142,15.82,0
3.48,9,110,6.91,0,52.07,1,0,4,0,1,1,0,0.196,18.88,0
15.82,12,409,3.9,1,65.61,0,1,23,1,1,0,1,0.201,4.68,0
7.98,11,60,6.21,2,123.03,0,0,1,0,1,1,1,0.241,14.88,0
154.78,1,224,14.41,1,161.63,0,0,20,0,1,1,1,0.119,21.04,0
82.25,14,539,1.03,1,130.78,0,0,27,0,1,0,0,0.05,16.85,0
15.06,13,200,0.34,2,36.43,1,0,16,0,1,1,1,0.049,19.5,0
284.98,9,535,8.61,3,19.61,0,0,9,0,1,1,1,0.275,28.63,0
79.98,21,140,23.67,0,61.45,0,0,10,0,1,0,0,0.332,13.65,0
21.65,7,639,0.47,2,14.98,1,0,37,0,1,1,1,0.176,20.55,0
2.46,14,223,28.36,1,44.25,1,1,8,0,1,1,1,0.181,30.15,1
296.17,12,781,7.26,1,22.88,0,1,59,0,1,1,0,0.177,3.88,0
7.47,7,73,1.89,3,17.35,0,0,4,0,1,1,0,0.282,3.49,0
5.78,20,225,12.57,2,7.13,0,1,15,0,0,1,0,0.25,10.95,0
83.31,20,312,45.66,1,39.19,0,1,24,0,1,1,1,0.317,4.77,0
343.69,21,276,11.73,2,12.75,0,0,6,0,1,1,1,0.167,1.94,0
119.61,13,284,17.41,2,44.6,0,0,21,0,1,1,1,0.401,4.21,0
52.66,0,294,25.43,0,24.3,0,0,15,0,1,1,0,0.144,0.09,0
54.31,12,2246,24.09,0,26.38,0,1,211,0,1,1,0,0.259,2.18,0
70.35,7,107,1.14,3,24.08,1,0,9,0,1,1,0,0.281,31.06,1
64.0,17,732,20.26,1,8.79,0,0,58,0,1,1,1,0.412,11.34,0
39.69,21,401,44.77,2,15.53,0,0,31,0,1,1,1,0.273,11.56,0
33.25,8,267,18.09,0,13.61,0,0,24,0,1,1,0,0.101,0.0,0
28.15,12,502,27.16,1,13.43,0,1,41,0,1,1,1,0.56,15.05,0
14.1,2,960,9.97,1,13.07,0,0,92,0,1,1,1,0.109,8.22,0
22.63,17,314,5.76,2,12.38,0,0,27,0,1,1,0,0.122,0.0,0
5.51,9,1001,16.92,0,14.37,1,0,44,0,1,1,0,0.255,4.32,0
27.16,4,49,10.17,0,15.09,0,0,3,0,1,1,0,0.226,0.0,0
11.15,5,529,33.85,3,41.71,0,2,46,0,1,1,0,0.115,19.71,0
9.94,7,203,54.97,0,31.46,1,0,17,0,1,1,0,0.267,19.86,0
35.87,23,244,25.71,1,12.64,0,0,16,0,1,1,0,0.151,11.51,0
120.54,6,423,73.76,2,19.51,0,0,24,0,1,0,0,0.193,15.79,1
75.06,20,327,6.42,1,6.17,0,0,7,0,1,1,1,0.218,5.91,0
6.23,17,240,33.92,4,30.7,1,0,10,0,1,1,1,0.23,38.13,0
11.14,13,184,6.01,0,22.05,0,1,12,0,1,1,1,0.207,1.56,0
76.77,14,482,1.88,3,12.88,0,1,31,1,1,1,1,0.127,40.36,0
11.22,9,352,14.57,0,145.44,0,0,27,0,1,1,0,0.285,5.97,0
23.94,20,195,9.1,0,21.98,0,0,17,0,1,1,1,0.39,0.0,0
51.94,11,115,38.21,0,38.79,0,0,7,0,1,1,0,0.104,0.0,0
11.38,6,745,10.16,4,20.68,0,0,52,0,1,1,0,0.368,48.18,0
33.29,6,804,39.39,0,10.87,1,0,41,0,1,1,0,0.02,7.53,0
7.89,10,120,1.23,0,31.41,1,0,2,0,1,1,1,0.115,0.0,0
16.42,12,152,26.62,1,18.02,0,0,6,0,1,1,0,0.245,10.36,0
41.26,14,137,21.35,2,47.23,0,0,8,1,1,1,0,0.139,20.12,0
6.09,17,1080,19.09,1,21.22,0,0,62,0,1,1,1,0.323,6.41,0
46.55,6,744,6.58,4,22.0,0,1,47,0,1,1,1,0.367,36.17,0
29.38,5,39,22.97,2,61.55,2,0,2,0,1,1,1,0.05,44.95,0
52.06,22,894,9.9,1,30.27,0,0,20,1,1,0,1,0.144,15.51,0
37.48,10,19,18.84,3,31.14,0,0,0,0,1,1,1,0.327,29.44,0
117.23,7,146,12.05,3,32.86,0,0,5,0,1,1,0,0.296,18.6,0
33.96,19,1257,2.57,2,56.23,0,0,77,0,1,1,0,0.183,19.46,0
19.5,0,999,1.0,3,197.93,0,0,44,0,1,1,0,0.203,23.59,0
33.86,7,760,6.84,1,18.86,1,0,49,0,1,1,1,0.071,2.95,0
51.59,7,306,40.5,0,24.52,1,0,21,0,1,1,0,0.192,0.0,0
31.46,18,194,11.32,0,15.55,0,0,6,0,1,1,1,0.131,0.0,0
31.21,2,1067,24.31,1,21.51,1,0,69,0,1,1,1,0.164,17.92,0
14.85,4,535,12.87,1,35.95,0,0,53,0,1,0,0,0.124,0.0,0
15.44,2,175,47.52,4,40.34,0,0,16,0,0,1,1,0.129,26.01,0
7.37,14,311,6.92,0,66.93,1,0,14,0,1,0,1,0.143,2.66,0
172.36,13,1066,0.88,0,20.15,0,0,35,0,1,1,1,0.227,0.0,0
8.64,20,1169,22.76,3,36.79,0,0,107,0,1,1,0,0.126,30.39,0
14.99,14,538,18.33,2,13.07,0,0,42,0,1,1,0,0.25,18.24,0
14.61,23,659,11.25,3,14.34,0,0,23,0,1,1,1,0.169,15.46,0
73.33,16,20,5.93,2,55.26,0,0,0,0,1,1,0,0.196,13.89,0
22.31,17,464,3.13,1,21.28,0,1,24,0,1,1,0,0.266,13.12,0
104.35,1,584,9.87,0,15.66,0,0,28,0,1,1,0,0.32,6.15,0
15.28,11,10,16.46,2,7.93,0,0,0,0,1,1,1,0.23,2.11,0
39.61,15,928,12.97,1,59.49,0,0,71,0,1,1,0,0.433,6.8,0
13.0,3,1318,8.63,1,6.82,0,0,120,0,1,1,0,0.269,0.0,0
255.99,1,136,11.64,1,7.81,0,0,4,0,1,1,1,0.424,4.75,1
9.14,13,935,1.71,1,43.06,1,0,44,0,1,1,0,0.35,10.67,0
40.85,10,548,17.85,2,22.66,0,0,43,0,1,1,0,0.245,16.05,0
56.47,12,435,19.88,2,36.58,0,0,32,0,1,1,1,0.067,21.95,0
45.32,6,926,0.17,2,21.46,1,1,84,0,1,1,1,0.315,16.4,0
24.9,9,168,4.73,1,54.61,0,0,12,0,1,1,1,0.155,11.11,0
26.32,23,782,1.45,2,71.08,2,0,20,0,1,1,0,0.403,29.39,1
31.31,0,189,95.07,2,77.37,0,0,14,0,1,1,1,0.003,0.73,0
25.87,20,774,13.5,1,22.62,0,1,14,0,1,1,0,0.149,28.78,0
78.56,3,300,9.4,4,11.03,0,0,19,0,1,0,1,0.176,28.57,0
273.29,17,62,9.33,1,26.6,0,0,4,0,1,0,1,0.139,18.31,0
17.16,5,240,50.19,6,13.88,0,1,20,0,1,1,0,0.176,52.78,1
7.62,1,133,16.18,2,17.07,0,0,8,0,1,1,0,0.355,12.01,0
27.43,2,53,2.77,1,123.4,0,1,3,0,1,1,0,0.349,15.54,0
395.33,13,58,8.92,3,53.46,0,0,1,0,1,1,0,0.104,16.02,1
13.41,7,757,22.32,1,21.62,1,0,16,0,1,1,1,0.226,4.48,0
154.33,15,1066,8.26,3,25.01,0,0,26,0,1,1,1,0.448,31.94,0
160.4,18,1310,5.56,1,18.18,0,0,46,0,1,0,0,0.175,0.0,0
17.23,17,962,71.02,2,31.34,2,1,51,1,1,1,1,0.048,35.96,0
52.93,5,887,41.15,0,19.18,1,0,43,0,1,1,1,0.013,22.88,0
152.69,13,36,42.6,1,64.34,0,0,1,0,1,1,1,0.258,5.05,0
20.51,2,781,2.12,0,26.86,1,0,70,0,1,1,0,0.083,15.41,0
24.44,15,765,4.0,1,13.32,0,0,18,0,1,1,0,0.359,19.12,0
16.75,0,70,8.75,2,86.16,0,2,2,0,1,1,0,0.277,8.58,0
10.86,11,542,26.77,3,39.48,0,1,28,0,1,1,1,0.044,19.14,0
15.65,13,301,20.02,3,36.96,0,1,8,0,1,1,1,0.323,15.44,0
8.81,18,1151,28.42,2,6.23,0,0,34,0,1,1,1,0.34,15.35,0
31.0,21,594,38.03,2,26.09,0,0,57,0,0,1,1,0.232,10.82,0
13.87,18,1508,22.76,1,15.2,0,0,87,0,1,0,1,0.169,9.66,0
37.86,8,55,4.55,0,2.81,1,0,1,1,1,1,1,0.155,12.75,0
6.32,6,21,5.04,2,25.27,0,0,0,0,1,1,1,0.476,15.84,0
41.72,13,1817,6.52,0,24.22,1,1,141,0,1,1,1,0.57,15.09,0
68.96,4,42,5.42,2,73.79,0,0,2,0,1,1,1,0.189,26.3,0
4.08,17,244,4.3,3,17.17,0,1,9,0,1,1,0,0.119,17.65,0
43.56,8,525,20.94,2,14.12,0,0,38,0,1,1,1,0.08,19.61,0
102.28,20,1060,0.52,1,15.71,0,0,79,0,1,1,1,0.268,8.5,0
8.94,6,147,19.55,1,33.06,1,0,6,0,1,1,1,0.163,32.03,0
159.58,8,15,26.02,0,68.08,0,0,1,0,1,1,0,0.255,1.75,0
45.56,3,368,1.02,1,27.08,0,0,18,0,1,1,1,0.086,11.28,0
14.81,16,318,0.96,0,17.07,1,0,15,0,1,1,0,0.385,13.35,0
28.34,11,183,5.04,1,23.41,0,0,14,0,1,1,1,0.327,16.0,0
52.37,5,1035,3.5,0,45.71,1,0,87,0,1,1,0,0.329,0.0,0
32.33,17,692,13.05,6,68.68,0,0,28,0,1,1,1,0.283,48.83,0
51.35,7,976,16.88,2,69.83,0,0,72,0,1,1,0,0.248,14.64,0
11.93,20,88,15.08,3,24.8,0,0,6,0,1,1,1,0.072,19.94,0
35.49,14,589,6.63,1,39.23,1,0,11,0,1,1,1,0.145,15.49,0
7.29,2,1846,10.35,3,51.57,0,0,60,0,1,1,1,0.064,24.33,0
26.81,1,473,15.32,2,25.62,0,0,11,0,1,0,1,0.335,26.94,0
12.13,23,94,1.91,1,46.75,0,0,8,0,1,1,1,0.23,0.0,0
14.36,22,2734,3.91,1,50.09,0,0,263,0,1,1,1,0.042,0.0,0
103.14,8,376,33.18,5,41.47,0,0,32,0,1,1,1,0.167,44.47,0
89.24,7,916,6.29,1,51.84,0,0,39,0,1,1,0,0.047,0.0,0
55.1,3,81,24.23,0,141.83,0,0,7,0,1,1,1,0.361,5.71,0
10.05,1,548,4.34,4,14.02,0,0,11,0,1,1,0,0.081,25.22,0
21.84,13,1219,0.64,2,77.61,0,0,89,0,0,1,0,0.102,18.53,0
100.8,1,380,10.41,2,31.65,0,0,10,0,1,1,0,0.197,22.36,0
34.53,1,170,33.45,1,25.96,1,0,3,0,1,1,0,0.107,21.61,0
304.7,21,68,25.66,2,17.41,0,0,2,0,1,1,1,0.186,8.72,0
44.4,6,175,4.37,1,33.85,0,0,16,0,1,1,1,0.197,11.53,0
36.31,11,219,36.11,3,17.87,2,0,17,0,1,0,1,0.586,44.65,1
22.0,5,619,9.8,1,23.82,0,1,37,0,1,1,0,0.163,0.0,0
34.25,17,98,0.75,0,8.49,0,0,9,0,1,1,0,0.242,0.0,0
25.73,3,56,0.42,1,29.48,0,0,2,0,1,1,1,0.147,1.51,0
60.83,18,245,9.96,2,13.17,0,0,4,0,1,1,1,0.492,29.08,0
78.0,12,307,11.86,1,23.72,0,0,20,0,1,1,0,0.306,18.21,0
13.65,19,495,1.25,1,27.32,0,0,42,0,1,1,1,0.198,14.44,0
7.92,20,615,38.31,2,12.96,0,0,24,1,1,1,1,0.155,16.81,0
4.78,22,1100,19.0,2,12.8,0,1,47,0,1,1,1,0.151,28.42,0
49.8,1,171,24.24,2,18.97,0,0,12,0,1,1,0,0.091,16.46,0
9.94,7,376,13.16,2,15.85,1,1,31,0,1,1,1,0.496,18.02,0
3.48,18,228,16.34,1,29.92,0,1,12,0,1,1,0,0.134,8.8,0
44.19,8,1,7.36,1,24.24,0,0,0,0,1,1,1,0.354,6.94,0
362.49,3,433,17.06,1,56.83,0,0,34,0,1,1,0,0.538,8.61,1
29.78,15,846,57.38,0,28.97,0,0,44,0,1,1,1,0.157,0.63,0
69.3,18,19,15.65,1,35.26,0,0,1,0,1,1,0,0.096,9.39,0
32.52,9,2,6.27,0,25.07,0,0,0,0,1,1,1,0.431,0.0,0
27.14,5,651,5.04,5,7.82,0,0,35,0,1,1,1,0.219,45.88,1
75.12,15,576,49.59,1,24.77,0,0,43,0,1,0,0,0.226,5.01,0
22.41,9,260,3.07,1,5.46,0,0,9,0,1,1,1,0.048,7.53,0
39.15,12,542,24.61,4,18.62,0,0,19,0,1,1,0,0.258,21.24,0
41.33,8,1533,9.39,4,42.78,0,0,118,0,1,1,1,0.102,25.75,0
15.36,6,142,8.8,1,10.85,0,0,4,0,1,1,0,0.19,11.41,0
80.81,3,141,20.65,2,4.88,1,0,3,0,1,1,0,0.048,17.26,0
25.15,18,103,2.4,0,14.83,0,0,3,0,1,1,1,0.128,10.12,0
14.07,3,644,9.42,2,30.7,1,0,54,0,1,1,0,0.296,19.09,0
51.24,18,218,0.55,3,18.84,0,0,19,0,1,1,1,0.238,33.17,0
12.2,18,2241,16.65,2,9.55,0,0,56,1,1,1,1,0.083,17.05,0
30.82,11,627,0.9,2,18.06,1,0,16,0,1,1,1,0.125,25.51,0
29.69,12,229,1.37,4,40.5,1,0,19,1,1,1,1,0.115,40.93,0
88.76,3,81,27.95,0,20.7,0,1,7,1,1,1,1,0.281,6.07,0
48.17,9,448,8.78,1,51.44,0,0,25,1,1,1,1,0.278,16.26,0
29.22,20,175,3.37,0,17.39,0,0,15,0,1,1,1,0.157,0.84,0
67.88,6,1180,13.47,1,8.12,0,0,107,0,1,1,1,0.097,9.15,0
120.33,4,291,10.99,2,103.11,1,0,13,0,1,1,1,0.298,38.14,0
52.34,16,173,7.94,1,36.84,1,1,10,0,1,1,0,0.174,10.5,0
30.28,17,444,35.37,1,79.08,0,1,28,0,1,1,0,0.035,0.0,0
8.07,10,74,20.76,1,25.09,0,0,6,0,1,1,0,0.138,12.05,0
10.33,14,412,2.47,1,21.71,0,0,22,1,1,1,0,0.479,12.92,0
22.08,20,29,12.69,0,84.15,0,0,1,1,1,1,1,0.299,0.0,0
16.29,21,467,1.39,1,93.03,0,0,10,0,1,1,0,0.234,1.6,0
24.85,6,378,4.21,0,9.37,0,1,8,0,0,0,1,0.094,1.59,0
31.71,17,368,36.1,1,16.53,0,0,28,0,1,1,1,0.124,0.0,0
50.89,5,576,9.3,2,13.17,2,0,32,0,1,1,1,0.326,42.8,0
27.92,17,23,33.4,3,45.38,1,0,0,0,1,1,1,0.11,35.79,1
48.74,15,308,2.72,2,14.72,0,0,11,0,1,1,1,0.468,19.17,0
31.96,1,294,3.45,1,40.63,0,0,21,0,1,1,1,0.109,3.54,0
4.16,18,308,6.53,3,52.09,0,0,18,0,1,1,1,0.465,24.01,0
11.71,0,1953,6.84,0,120.93,0,0,161,0,1,1,1,0.126,10.43,0
25.94,10,75,20.51,2,11.25,0,0,3,0,1,1,0,0.12,19.11,0
8.94,19,586,13.72,0,69.04,0,0,15,0,1,1,0,0.175,0.0,0
54.59,4,257,12.09,1,22.53,0,0,10,0,1,1,1,0.235,5.97,0
138.48,15,358,13.83,1,125.82,0,2,9,1,1,1,0,0.472,15.23,1
101.37,22,719,19.76,0,62.82,0,1,40,1,0,1,0,0.461,0.0,0
24.2,0,86,33.5,1,58.05,0,0,4,0,1,1,0,0.218,17.54,0
133.05,18,721,8.04,1,14.93,0,1,16,0,1,1,1,0.234,0.0,0
34.77,13,36,24.36,0,23.19,0,0,1,0,1,1,0,0.357,7.97,0
21.39,2,330,10.25,1,37.6,0,1,32,0,1,1,0,0.039,11.14,0
16.23,1,678,19.21,0,17.3,0,0,66,0,1,1,0,0.071,0.0,0
22.14,23,107,31.17,1,46.71,0,0,4,0,1,1,1,0.317,15.02,0
20.32,4,737,0.49,6,114.65,0,0,21,0,1,1,0,0.126,42.7,0
35.53,16,91,11.87,1,16.44,2,0,2,0,1,1,1,0.153,27.98,1
35.18,17,803,68.18,1,15.34,1,0,18,0,1,1,0,0.047,29.45,0
30.06,0,316,10.28,1,16.99,0,0,7,0,1,1,0,0.099,0.0,0
46.38,14,577,29.96,1,88.83,0,1,18,0,1,1,1,0.159,4.63,0
98.56,21,1247,3.09,1,23.17,0,2,69,0,1,1,0,0.083,2.67,0
77.44,8,262,13.91,3,99.32,1,0,19,0,1,1,0,0.055,40.93,0
6.79,22,133,30.64,2,50.33,0,1,3,0,0,1,0,0.045,16.34,1
2.33,4,1009,8.47,0,38.7,0,0,51,0,1,1,0,0.072,0.0,0
76.27,12,88,10.0,1,123.19,0,0,2,0,1,1,0,0.056,20.0,0
7.64,18,499,1.28,3,14.91,0,1,34,0,1,1,1,0.181,17.93,0
23.93,23,1284,0.65,1,6.63,0,0,67,0,1,0,0,0.126,6.5,0
9.3,9,561,9.49,1,15.45,1,1,46,0,1,1,0,0.107,5.53,0
4.94,19,109,27.82,4,23.12,0,1,9,0,1,1,1,0.1,19.18,0
51.49,20,83,40.18,2,33.77,0,0,3,0,1,1,1,0.247,30.25,0
64.02,13,145,16.12,1,50.23,0,0,7,0,1,1,0,0.032,4.93,0
16.84,21,248,26.26,2,37.07,0,0,14,0,1,0,0,0.223,16.11,0
2.25,20,87,19.91,2,40.64,0,0,8,0,1,1,0,0.23,14.61,0
17.35,11,799,18.13,1,25.98,0,0,74,1,1,1,1,0.074,12.95,0
44.34,10,221,21.98,3,44.91,0,0,21,0,1,1,0,0.108,20.02,0
6.83,22,1375,10.56,0,34.83,0,0,76,0,1,1,0,0.29,0.0,0
35.99,6,924,9.19,0,76.36,0,1,92,0,1,0,0,0.033,0.0,0
29.51,16,1197,2.6,0,42.29,0,1,23,0,1,1,0,0.074,8.63,0
53.48,17,174,27.85,2,50.05,0,0,16,0,1,1,0,0.089,25.7,0
33.77,6,426,0.68,1,224.32,0,0,13,0,1,1,0,0.311,0.52,0
11.32,23,194,4.67,2,21.42,0,0,19,0,1,1,1,0.1,14.72,0
99.14,19,148,11.01,1,60.59,0,0,8,0,1,1,1,0.301,21.15,0
25.57,5,467,53.42,3,29.5,1,1,30,0,1,1,1,0.399,32.15,1
29.16,10,852,23.12,3,22.23,0,0,78,0,1,1,1,0.077,18.38,0
11.78,11,49,6.9,0,24.54,0,0,4,0,1,1,1,0.225,0.0,0
19.23,15,161,18.77,4,51.33,0,0,4,0,1,1,0,0.159,18.62,0
12.37,18,115,40.19,1,24.3,1,0,7,0,1,1,1,0.365,12.07,0
25.21,22,801,11.61,1,6.97,0,0,59,1,1,1,0,0.223,2.95,0
165.95,18,1354,9.3,1,18.72,0,0,102,0,1,1,0,0.18,10.06,0
7.6,10,42,12.08,1,84.71,0,0,1,0,1,1,0,0.046,10.64,0
5.97,15,238,5.6,1,47.86,1,0,5,0,1,1,1,0.183,9.12,0
130.47,22,1230,35.68,2,4.5,0,0,59,0,1,1,1,0.157,10.03,0
24.3,11,211,23.94,0,15.53,0,0,17,0,1,1,1,0.067,0.0,0
15.35,7,624,18.34,1,11.41,0,0,60,0,1,1,0,0.126,16.66,0
84.77,2,53,13.34,0,6.11,1,1,2,0,1,1,0,0.376,14.57,0
16.35,1,294,52.34,2,25.79,0,0,27,0,1,1,1,0.198,0.0,0
186.05,5,350,5.3,4,72.28,0,1,26,0,1,1,1,0.229,22.53,1
59.02,15,709,4.99,2,12.62,0,0,18,0,1,1,1,0.164,20.44,0
18.4,19,170,4.16,4,17.34,0,1,7,0,1,1,0,0.071,32.14,0
259.12,23,153,20.31,1,21.23,0,0,12,0,1,1,0,0.078,19.02,0
16.35,14,180,23.94,0,6.51,0,1,9,0,0,1,1,0.119,0.0,0
62.93,13,406,13.64,2,152.21,0,0,28,0,1,1,1,0.062,8.05,0
40.42,1,1044,15.83,3,53.46,0,1,83,1,1,1,0,0.332,39.14,0
110.14,19,889,6.44,1,31.24,0,0,87,0,1,1,0,0.158,11.73,0
142.81,17,30,0.61,1,15.85,0,0,2,0,1,1,0,0.092,4.21,0
30.94,13,1056,4.39,1,9.72,0,0,47,0,1,1,0,0.189,2.49,0
14.11,17,50,13.17,3,14.51,1,0,4,1,1,1,0,0.373,34.74,0
47.46,1,268,25.14,3,65.63,2,1,12,0,1,1,0,0.038,50.05,0
15.22,0,725,22.52,0,16.04,0,0,51,0,1,1,0,0.063,10.9,0
224.39,19,43,2.97,2,25.61,0,1,0,0,1,1,1,0.2,19.48,0
34.35,1,21,0.79,1,28.32,0,0,1,0,1,1,0,0.1,2.63,0
20.79,8,200,28.51,3,380.47,0,0,19,0,1,0,0,0.182,26.11,0
36.04,8,655,1.18,1,16.83,1,0,40,0,1,1,1,0.296,3.57,0
7.79,15,369,7.5,1,10.98,0,1,34,0,1,1,0,0.098,9.63,0
11.34,10,270,1.48,1,6.24,0,1,24,0,1,1,1,0.14,0.42,0
99.53,22,839,12.45,0,15.98,0,0,14,0,1,1,1,0.27,16.11,0
15.54,5,728,6.77,1,176.07,0,0,17,0,1,1,1,0.179,18.79,0
10.52,11,771,3.39,1,42.89,0,0,40,0,1,1,0,0.132,12.17,0
51.25,2,308,13.56,2,88.78,0,0,11,0,1,1,0,0.145,19.86,0
98.07,11,10,6.77,3,39.16,0,0,0,0,1,1,1,0.236,27.89,0
61.49,22,94,2.74,2,20.66,1,0,5,0,1,1,1,0.199,14.76,0
81.13,0,676,18.06,0,47.53,0,0,38,0,1,1,0,0.284,11.02,0
14.06,8,700,27.19,1,12.84,1,0,21,0,1,1,1,0.394,19.02,0
7.23,19,1793,4.8,1,45.72,0,0,52,0,1,1,1,0.224,16.85,0
134.47,21,105,3.09,1,61.0,1,0,5,0,1,1,0,0.059,12.89,0
21.7,5,66,1.17,1,60.17,0,1,4,0,1,1,1,0.331,16.84,0
23.32,10,75,11.26,3,22.99,0,1,4,0,1,1,0,0.118,34.19,0
113.09,2,102,26.69,1,71.35,0,1,2,0,1,1,0,0.119,0.0,1
52.26,3,376,4.33,2,11.12,0,0,15,0,1,1,1,0.237,12.92,0
47.27,9,1849,9.26,0,48.67,0,1,94,0,1,1,1,0.46,0.0,0
261.13,18,445,2.63,1,33.88,0,0,19,0,1,1,0,0.112,10.58,0
15.74,5,370,7.77,3,15.5,1,0,19,1,1,1,0,0.11,32.89,0
75.78,0,559,0.23,1,11.24,0,0,29,0,1,1,1,0.466,6.05,0
31.72,7,38,36.24,1,25.49,0,0,3,0,1,1,1,0.104,14.02,0
39.2,7,845,16.93,1,28.68,0,0,72,0,1,1,0,0.039,26.34,0
138.17,5,520,6.07,3,16.41,0,1,49,0,1,1,0,0.118,15.24,0
49.79,16,94,31.95,1,9.59,0,0,5,0,1,1,1,0.036,11.77,0
51.33,18,498,3.03,2,53.18,0,0,19,0,1,1,1,0.168,13.13,0
87.58,0,453,1.23,2,58.78,0,0,33,0,1,0,1,0.272,8.85,0
20.8,14,34,42.87,2,145.28,0,0,2,0,1,0,0,0.091,20.1,0
12.95,12,155,5.54,0,15.87,1,0,7,0,1,1,1,0.138,15.17,0
10.54,20,248,41.23,3,28.56,0,0,21,0,1,1,1,0.174,32.81,0
4.19,2,140,15.23,3,58.43,0,0,10,0,1,1,0,0.074,25.01,0
234.21,1,139,58.71,1,62.95,0,1,13,0,1,1,1,0.119,12.99,1
9.94,2,425,21.0,1,36.6,0,0,19,1,1,1,0,0.134,23.63,0
24.02,8,318,1.67,3,48.27,0,0,29,0,1,1,0,0.36,23.67,0
22.72,15,550,28.68,0,15.91,1,0,25,0,1,1,0,0.003,9.23,0
40.75,23,1566,2.4,3,29.7,0,0,139,0,1,1,1,0.186,21.95,0
67.74,12,540,17.67,2,13.48,0,0,23,0,1,1,1,0.105,0.0,0
70.84,18,436,10.41,0,46.45,0,0,40,0,0,1,1,0.08,12.14,0
16.73,17,940,18.45,1,64.37,0,1,16,0,1,1,1,0.248,11.99,0
25.35,20,500,21.72,4,435.51,0,0,25,0,1,0,1,0.257,17.9,0
39.75,11,90,24.42,3,88.49,0,0,1,0,1,1,1,0.209,14.38,0
23.37,11,189,27.03,0,6.87,1,0,9,0,1,1,0,0.239,7.22,0
149.51,0,661,28.18,0,11.91,0,0,34,0,1,1,1,0.195,0.0,0
48.96,19,670,7.98,0,89.24,0,0,61,0,1,1,0,0.34,0.0,0
62.48,7,2172,33.0,0,42.49,0,0,180,0,0,1,1,0.217,0.89,0
58.14,16,493,19.07,2,29.56,0,0,19,0,1,1,0,0.071,12.1,0
96.88,20,1149,27.39,1,25.98,1,0,99,0,1,1,1,0.368,12.73,0
35.91,19,28,67.91,4,12.56,0,0,0,0,1,1,0,0.146,29.03,0
8.19,21,418,1.86,2,5.61,0,0,31,0,1,1,1,0.269,9.08,0
44.69,6,1262,6.94,4,12.91,0,0,50,0,1,1,1,0.374,37.24,0
15.62,8,169,24.64,3,22.88,0,0,16,0,1,1,0,0.316,15.36,0
17.66,16,84,1.35,1,32.24,0,0,7,0,1,1,1,0.173,21.75,0
53.86,9,216,11.67,0,21.64,0,0,9,0,1,1,1,0.019,0.0,0
103.37,3,786,29.32,0,9.7,0,0,15,1,1,1,1,0.086,0.0,0
30.61,21,44,0.29,0,17.64,1,1,3,0,1,0,1,0.45,5.58,0
40.81,6,459,42.08,0,29.97,0,0,13,0,1,1,0,0.285,4.39,0
164.39,6,73,57.35,0,32.98,1,0,1,0,1,1,1,0.291,17.18,0
38.12,7,286,5.84,1,19.51,0,0,26,0,1,1,1,0.24,5.34,0
404.11,23,1690,21.84,1,20.22,0,0,107,0,0,1,1,0.166,6.29,1
52.75,23,109,2.04,3,51.49,0,0,10,0,1,1,0,0.258,18.14,0
5.15,7,17,22.23,0,32.97,0,0,0,0,1,1,1,0.069,3.93,0
63.65,15,279,9.85,3,19.98,0,0,12,0,0,1,1,0.197,18.07,0
43.87,11,431,29.52,0,35.79,1,0,40,0,0,1,1,0.142,0.0,0
108.83,14,177,3.59,0,5.43,0,0,9,0,1,1,1,0.192,16.42,0
58.74,7,390,16.75,1,21.39,0,0,14,0,1,0,1,0.317,1.82,0
26.09,21,1533,23.14,2,23.92,0,0,78,0,1,1,0,0.103,1.5,0
8.81,8,187,3.39,1,26.61,0,0,8,0,0,1,0,0.283,3.51,0
24.31,2,185,25.58,3,13.48,0,0,15,0,0,1,1,0.28,32.22,0
12.8,21,330,47.55,0,45.44,1,0,16,0,1,1,0,0.077,0.0,0
16.77,20,362,14.36,0,9.92,0,0,8,0,1,1,1,0.152,6.77,0
53.98,15,1,23.05,2,6.98,0,1,0,0,1,0,1,0.379,3.81,0
159.16,14,478,11.41,0,23.41,0,1,43,0,1,1,1,0.093,8.87,0
44.46,23,2968,13.67,1,16.88,0,0,275,0,1,1,0,0.017,3.05,0
9.06,3,173,0.2,1,9.44,1,0,9,1,1,0,1,0.172,20.22,0
46.74,19,498,11.14,3,37.93,0,0,8,0,1,1,1,0.224,37.68,0
99.15,15,2,12.85,1,26.24,0,0,0,0,1,1,0,0.026,13.95,0
16.28,9,464,16.63,0,57.97,0,0,25,0,1,1,1,0.158,6.23,0
26.21,10,296,2.78,0,35.0,0,0,28,0,1,1,1,0.079,0.0,0
30.41,4,378,4.14,1,24.58,0,0,34,0,1,1,0,0.101,11.24,0
13.67,10,393,21.16,2,10.81,0,2,36,0,1,1,1,0.234,12.6,0
57.3,12,97,2.75,2,10.65,0,1,7,0,1,1,1,0.393,11.69,1
26.55,14,735,8.07,0,20.53,0,1,27,0,0,1,1,0.249,3.63,0
45.58,5,405,4.33,3,18.77,1,0,26,0,1,0,0,0.218,39.46,0
12.34,15,157,11.82,3,50.7,0,0,13,1,1,1,1,0.104,28.21,0
19.35,14,1385,64.99,2,50.79,0,0,113,0,1,1,1,0.201,3.8,0
61.71,10,6,28.66,2,7.67,0,0,0,0,1,1,0,0.184,7.32,0
20.64,19,647,4.71,0,10.48,0,0,36,0,1,1,1,0.198,0.0,0
168.5,1,240,6.9,1,6.96,0,0,9,0,0,1,0,0.13,0.28,0
20.09,1,370,37.63,0,15.53,0,1,8,1,0,1,1,0.314,0.0,0
37.51,11,172,34.29,3,66.52,0,0,6,0,1,1,0,0.292,35.88,0
76.14,15,194,2.62,1,36.14,0,1,3,0,0,1,1,0.122,6.38,0
7.25,18,8,26.52,2,31.09,0,0,0,0,1,1,1,0.077,23.79,0
5.15,1,654,5.3,1,24.84,0,1,62,0,1,1,1,0.154,0.0,0
6.52,16,620,11.77,1,15.59,0,0,24,0,1,1,0,0.195,12.89,0
105.91,13,531,0.08,0,53.99,0,0,50,0,1,1,1,0.286,2.76,0
17.26,23,1052,98.46,0,41.72,0,0,102,1,1,1,1,0.059,0.0,0
386.91,15,1158,21.48,1,58.64,0,0,29,0,1,1,1,0.009,6.92,1
17.04,4,406,4.15,0,12.73,0,0,34,0,1,1,1,0.37,0.0,0
36.04,9,577,17.27,0,21.32,0,1,55,0,1,1,1,0.318,0.0,0
140.07,16,6,5.21,1,9.73,0,1,0,0,1,1,1,0.157,0.0,0
222.76,12,937,1.41,1,13.77,0,0,45,0,1,1,0,0.327,12.82,0
235.45,15,848,8.31,2,14.78,0,0,73,0,1,1,1,0.27,13.06,0
100.32,8,10,14.27,0,40.33,0,0,0,0,1,1,1,0.096,9.59,0
83.43,23,391,1.41,4,37.72,0,0,24,0,0,1,1,0.062,36.73,0
54.19,3,1186,10.96,0,69.6,0,0,43,0,1,1,0,0.271,0.0,0
65.26,23,100,10.85,0,4.54,0,0,8,0,1,1,1,0.266,0.0,0
17.27,15,217,14.86,3,21.7,0,0,14,0,1,1,1,0.139,16.96,0
13.22,22,201,4.21,2,326.79,0,0,13,0,1,1,1,0.323,19.55,0
29.86,10,220,0.31,1,43.15,0,0,20,0,1,1,0,0.18,4.51,0
25.27,6,21,5.89,1,22.93,0,0,1,0,1,0,1,0.373,9.81,1
19.04,16,164,7.63,3,50.82,0,0,4,0,1,1,1,0.202,26.06,0
60.12,21,175,15.15,0,13.78,1,0,5,0,0,1,0,0.245,8.28,0
77.89,12,1004,39.93,2,11.44,0,0,39,0,1,1,1,0.242,11.13,0
32.73,3,217,3.41,1,25.91,1,0,4,0,1,1,1,0.301,6.54,0
131.31,13,296,17.44,2,34.24,0,0,13,0,0,1,1,0.24,0.0,0
9.57,9,240,1.54,0,48.09,1,1,11,0,1,1,1,0.124,14.75,0
24.69,9,64,3.17,0,49.65,1,1,4,0,1,1,1,0.413,7.23,0
14.63,9,2321,10.67,1,13.86,0,0,102,0,1,1,0,0.016,10.23,0
4.63,11,874,18.48,0,35.42,0,0,76,0,1,1,1,0.266,0.0,0
27.59,1,389,29.34,0,60.31,0,0,18,1,1,0,1,0.246,9.81,0
26.53,22,323,20.43,1,52.81,1,0,32,0,1,1,0,0.307,24.63,0
136.11,8,524,0.23,0,46.21,0,0,29,0,1,0,1,0.27,2.15,0
56.31,4,198,17.28,1,41.48,1,0,17,1,1,1,0,0.266,15.14,0
10.76,7,26,26.12,5,38.74,1,0,0,0,1,1,1,0.424,48.05,1
191.35,20,259,11.18,3,26.55,2,1,4,1,1,1,0,0.3,40.45,0
101.6,13,2067,50.54,0,111.58,0,0,122,0,1,1,1,0.13,0.0,0
53.63,6,101,0.06,4,53.24,1,0,6,0,1,1,0,0.126,60.29,0
23.89,6,375,25.61,5,21.36,0,0,36,0,1,1,0,0.163,44.01,0
11.48,8,4,6.12,1,7.03,1,1,0,0,1,0,1,0.042,17.52,0
20.65,2,65,15.77,0,153.66,1,0,2,0,1,1,0,0.086,14.29,0
89.01,13,442,17.74,3,14.26,1,1,22,0,1,1,0,0.218,24.71,0
197.27,16,176,5.48,1,8.58,0,0,10,0,1,1,1,0.061,23.52,0
140.22,17,1181,80.81,2,59.49,0,1,82,0,1,0,0,0.236,27.82,0
18.38,11,261,1.63,2,27.12,0,0,10,0,1,1,1,0.12,15.74,0
9.78,21,117,2.56,0,42.31,0,0,4,0,1,1,0,0.261,0.0,0
34.5,13,394,33.41,4,9.94,0,0,34,0,1,1,0,0.58,24.73,0
5.11,12,792,1.9,1,52.41,0,0,45,0,1,1,1,0.138,0.42,0
41.4,13,10,7.2,2,89.5,0,0,0,0,0,0,1,0.166,11.09,0
25.85,8,352,19.82,2,26.62,0,1,25,0,1,1,0,0.36,14.94,0
18.8,18,742,23.52,3,16.92,0,0,16,0,1,1,0,0.331,14.02,0
6.08,1,55,46.41,0,13.57,0,0,1,0,1,0,1,0.126,0.0,0
50.08,10,1165,23.38,2,50.45,0,0,103,0,1,1,1,0.075,12.93,0
17.59,16,154,27.92,0,67.13,0,0,5,0,1,1,1,0.267,5.1,0
9.3,1,94,44.75,3,20.2,0,1,2,1,1,1,1,0.483,6.6,0
1.7,18,445,12.1,1,17.72,0,0,40,0,1,1,1,0.03,0.0,0
29.15,6,96,6.31,1,28.08,2,0,9,0,1,0,0,0.236,19.33,0
176.31,17,569,21.51,4,22.02,0,0,40,1,1,1,0,0.478,26.65,1
157.79,12,337,2.68,2,8.9,0,0,8,0,1,1,1,0.11,27.02,0
18.97,4,58,1.06,0,6.07,1,0,1,0,1,0,1,0.12,7.65,0
16.41,17,1218,23.08,1,21.59,0,0,81,0,1,1,0,0.269,19.36,0
47.88,22,559,45.14,2,14.71,0,0,12,0,1,1,1,0.067,10.37,0
11.04,23,395,8.76,2,45.57,0,0,24,0,1,1,0,0.391,9.57,0
40.52,23,234,2.64,2,12.8,0,0,11,0,1,1,0,0.158,9.31,0
64.46,15,72,10.31,4,3.62,1,0,1,0,1,1,1,0.126,49.9,0
102.2,14,615,7.5,1,21.25,0,1,59,0,1,1,0,0.282,9.81,0
27.11,7,840,6.99,1,46.77,1,0,14,0,1,1,0,0.241,17.96,0
24.44,14,67,14.84,4,113.82,0,1,3,0,1,1,1,0.147,35.37,0
12.45,0,341,2.88,1,134.47,1,0,28,0,1,1,1,0.081,2.8,0
13.11,16,332,7.18,0,17.71,0,0,32,0,1,1,1,0.192,0.0,0
23.89,14,215,30.45,3,12.58,3,0,4,0,1,1,1,0.156,59.1,0
43.27,13,779,19.62,2,27.26,0,0,74,1,1,1,0,0.129,0.0,0
74.71,13,52,0.86,1,37.88,0,0,2,0,0,1,0,0.196,10.83,0
13.42,9,115,10.82,0,16.78,0,0,3,0,1,1,0,0.315,6.34,0
133.31,1,1,1.44,1,17.76,0,0,0,0,1,1,1,0.139,0.0,0
22.85,5,233,47.37,0,69.17,0,1,16,0,1,1,0,0.196,0.0,0
29.33,16,172,4.21,3,11.09,0,0,4,0,1,1,1,0.034,32.08,0
14.19,4,1009,40.46,2,26.92,1,0,68,0,1,1,0,0.083,41.23,0
2.65,4,685,26.94,2,61.33,0,0,58,0,1,1,0,0.251,13.5,0
72.53,14,44,12.02,3,62.75,0,0,2,0,1,1,1,0.407,25.83,0
62.6,14,675,6.15,1,60.61,1,0,30,0,1,1,0,0.073,23.51,0
22.62,19,563,29.27,2,160.94,0,0,19,0,1,1,1,0.103,25.72,0
32.04,10,165,2.49,1,40.89,0,0,13,0,1,1,0,0.193,2.31,0
50.2,4,8,2.98,4,24.34,0,0,0,0,0,1,0,0.301,39.24,0
6.28,0,61,3.82,2,11.92,0,0,5,0,1,1,0,0.356,16.96,0
17.65,10,144,13.66,2,16.51,0,1,11,0,1,1,1,0.059,9.3,0
66.3,10,848,5.66,2,4.76,0,0,67,0,1,1,1,0.285,26.56,0
8.55,5,313,67.9,0,33.23,1,0,25,0,1,1,0,0.363,20.28,0
40.19,22,1253,3.26,3,35.11,0,0,78,0,1,1,1,0.285,25.02,0
7.72,7,778,24.57,2,21.19,0,0,63,0,1,0,0,0.206,23.29,0
47.77,1,169,1.51,2,12.24,0,0,15,1,1,0,1,0.304,27.93,0
28.91,14,933,6.54,1,27.56,0,0,38,0,1,1,0,0.037,0.0,0
5.96,22,62,4.19,0,23.31,0,1,2,0,1,1,0,0.179,0.56,0
96.04,21,18,56.48,3,15.65,1,0,0,0,1,1,1,0.107,25.93,0
14.37,8,469,0.39,2,27.5,1,0,29,0,1,1,0,0.117,27.73,0
13.33,14,209,19.18,2,55.76,0,0,3,0,1,1,0,0.098,17.52,0
36.62,7,200,4.27,0,19.57,0,0,6,0,1,1,1,0.156,6.58,0
94.5,15,581,25.01,2,17.04,0,0,10,0,1,1,0,0.411,20.48,0
10.85,13,949,5.59,1,19.87,0,0,60,0,1,1,1,0.179,9.92,0
31.87,14,194,3.11,1,19.9,1,0,15,0,1,0,1,0.042,11.36,0
46.01,19,197,17.72,0,39.04,0,1,16,0,1,1,0,0.162,23.38,0
59.93,12,382,4.47,1,37.58,0,0,24,0,1,1,1,0.184,0.0,0
35.75,8,529,9.97,5,38.4,0,0,10,0,1,1,0,0.062,52.46,0
20.76,0,113,2.12,1,25.54,1,0,7,0,1,1,1,0.091,6.74,0
13.1,5,1219,19.34,2,31.24,0,0,60,0,1,0,1,0.317,15.34,0
32.66,7,531,7.83,1,6.98,0,0,46,0,1,1,0,0.103,10.54,0
10.26,19,491,2.27,1,12.3,0,1,24,0,1,1,0,0.157,0.73,0
1.61,17,1173,20.3,4,26.42,0,0,89,0,1,1,0,0.043,35.83,0
46.37,17,1189,1.64,0,29.24,0,0,39,1,1,1,0,0.354,0.0,0
73.99,16,73,12.83,3,55.92,1,0,6,0,0,1,1,0.401,37.35,0
2.82,20,78,14.03,2,18.54,0,0,3,0,1,1,0,0.357,6.17,1
10.92,15,718,39.96,3,6.09,0,0,12,0,1,1,1,0.056,17.2,0
55.65,12,1572,2.46,1,40.6,0,1,36,0,1,1,0,0.475,2.27,0
234.51,21,549,15.89,1,6.08,0,0,19,0,1,1,1,0.201,7.32,0
30.59,3,265,7.19,0,19.62,0,0,8,1,1,1,0,0.157,8.19,0
14.47,3,575,7.68,1,6.97,0,0,18,0,1,1,1,0.141,6.71,0
24.96,20,130,10.45,4,125.76,1,0,8,1,1,1,1,0.062,31.55,0
118.5,13,3099,3.99,0,10.23,0,0,173,0,1,1,1,0.196,2.11,0
15.71,4,282,9.28,0,27.92,0,0,21,0,1,1,1,0.45,0.0,0
13.47,15,1342,17.42,4,23.46,0,0,110,0,1,1,1,0.161,35.37,0
18.49,13,282,9.16,2,6.98,0,0,16,1,1,1,0,0.164,22.64,0
11.55,13,1317,0.65,0,87.6,0,1,87,0,1,1,0,0.193,0.0,0
33.87,13,204,4.47,1,45.76,1,0,16,0,0,1,1,0.115,10.49,0
152.12,23,715,6.5,0,18.35,0,1,17,0,1,1,1,0.244,0.82,0
41.39,13,1508,6.57,0,9.53,0,0,79,0,1,1,1,0.215,10.46,0
23.28,18,519,1.27,1,11.45,0,0,31,0,1,1,1,0.231,7.99,0
22.38,2,566,8.96,1,6.62,1,0,37,0,1,1,0,0.311,16.18,0
6.28,16,54,17.66,1,21.46,0,0,3,0,1,1,0,0.298,10.32,0
72.47,13,321,0.75,0,32.9,0,0,14,0,1,1,0,0.208,0.69,0
27.72,9,1089,20.85,1,72.66,0,0,44,0,1,1,0,0.21,5.88,0
25.02,12,138,46.55,4,52.16,0,0,7,0,1,1,0,0.145,40.64,0
730.05,21,776,0.14,3,53.42,0,0,17,0,1,1,1,0.168,27.05,1
40.4,3,563,3.23,0,37.43,0,1,31,0,1,1,1,0.057,7.75,0
14.13,10,126,11.76,2,34.87,1,0,12,0,0,0,0,0.236,23.72,0
19.56,14,166,3.69,1,23.12,0,0,3,0,1,1,0,0.287,12.97,0
94.49,14,279,21.7,3,48.13,0,0,8,0,1,1,0,0.278,16.08,0
33.56,23,67,5.61,1,16.51,0,0,4,0,1,1,0,0.261,10.63,0
7.11,1,1223,5.21,3,25.48,1,1,92,0,1,1,0,0.427,28.18,0
75.13,10,672,0.01,3,30.58,0,1,37,0,1,1,0,0.269,16.49,0
15.36,1,227,4.72,1,48.77,1,0,21,0,1,1,1,0.123,16.39,0
195.06,22,178,3.68,2,17.88,0,1,10,0,1,1,0,0.499,28.13,1
88.24,4,585,6.31,0,107.91,0,0,15,0,1,1,0,0.053,0.0,0
19.16,12,276,2.4,3,215.37,0,0,15,0,1,0,1,0.327,36.26,0
107.88,0,130,13.55,2,7.73,0,0,7,0,0,1,1,0.51,11.52,0
32.07,6,281,4.09,4,39.92,1,0,14,0,1,0,1,0.424,38.78,0
70.3,6,1025,26.73,1,74.55,0,0,95,0,1,1,0,0.129,10.55,0
48.65,9,36,5.02,2,17.34,0,0,2,0,1,1,0,0.237,13.04,0
12.85,5,230,3.55,1,44.31,1,0,17,0,1,1,0,0.069,16.09,0
15.74,19,1640,0.88,3,16.67,0,0,96,0,1,1,0,0.337,23.31,0
83.93,11,7,20.2,4,16.64,0,0,0,0,1,1,0,0.407,44.54,1
21.44,12,1107,10.65,3,24.56,1,0,28,0,1,1,1,0.224,15.78,0
20.01,23,235,1.81,0,11.99,0,0,22,0,1,1,1,0.265,0.0,0
11.53,10,105,3.75,2,22.59,0,0,7,1,1,0,1,0.106,16.44,0
45.77,17,8,99.9,2,12.07,1,0,0,0,1,1,0,0.209,19.25,0
235.69,1,37,24.6,0,27.12,1,0,1,0,1,1,0,0.397,9.66,0
10.3,15,94,6.46,1,28.5,0,0,7,0,1,0,1,0.073,27.25,0
30.7,1,13,11.73,1,32.15,1,0,0,0,1,1,1,0.256,0.0,0
123.0,18,205,8.07,1,38.79,1,0,11,0,1,1,1,0.159,12.48,0
27.67,5,23,0.56,1,33.49,0,0,1,0,1,1,1,0.07,14.22,0
47.1,0,589,22.62,1,52.62,1,0,51,0,1,1,1,0.216,9.02,0
10.36,10,854,18.93,1,16.84,0,0,73,0,1,1,0,0.1,8.07,0
45.98,17,1092,7.88,3,57.35,0,0,78,0,1,1,1,0.241,34.62,0
24.85,9,398,28.05,1,37.67,0,0,15,0,1,1,1,0.201,1.13,0
80.3,17,1464,11.48,1,24.74,0,0,44,0,1,1,1,0.2,3.09,0
98.24,0,3,1.01,3,17.59,1,0,0,1,1,1,1,0.077,33.07,0
399.24,18,72,4.5,3,7.55,0,0,6,0,1,1,1,0.283,25.36,0
53.5,15,173,9.29,1,10.76,0,0,8,0,1,1,1,0.21,16.68,0
41.5,6,778,1.64,0,99.27,1,0,60,1,1,1,0,0.06,10.5,0
36.39,14,1083,12.7,0,10.79,0,0,93,0,1,1,0,0.108,13.28,0
21.05,0,481,1.93,3,15.55,1,0,18,0,1,1,0,0.086,45.51,0
42.03,22,242,3.36,1,22.02,0,0,23,0,1,1,0,0.2,17.23,0
22.3,20,548,33.66,2,27.18,0,0,20,0,1,1,0,0.018,12.42,0
35.46,8,100,128.72,0,19.55,0,0,6,0,1,1,1,0.181,2.88,0
111.9,1,306,11.99,1,44.64,0,0,22,0,1,1,0,0.12,13.64,0
10.95,16,354,14.5,0,32.54,0,0,22,0,1,1,1,0.268,0.0,0
93.68,23,55,23.95,1,41.83,0,1,3,0,1,1,0,0.225,18.08,1
111.85,9,17,17.87,5,80.82,1,0,0,0,1,1,0,0.717,43.98,1
26.63,5,693,3.02,0,32.25,0,1,19,0,1,1,1,0.616,4.39,0
3.59,4,383,7.96,1,22.42,0,0,6,0,1,1,1,0.332,20.51,0
16.32,7,202,11.49,0,4.64,0,0,13,1,1,1,1,0.128,1.32,0
109.62,7,287,6.69,1,168.2,0,0,26,1,1,1,1,0.024,0.0,0
29.29,4,1582,2.91,2,105.66,0,0,116,0,1,1,0,0.237,4.6,0
11.03,11,243,19.98,0,74.67,0,0,17,1,1,1,1,0.155,13.04,0
18.09,6,55,3.33,0,31.54,0,0,3,0,1,0,1,0.303,0.0,0
69.45,12,311,4.53,1,24.7,1,1,21,0,1,1,1,0.341,14.62,0
51.77,12,522,5.06,1,26.62,0,1,40,0,1,1,1,0.114,10.28,0
23.6,16,6,2.65,2,36.01,0,0,0,0,1,1,0,0.311,25.48,0
20.76,3,202,28.41,3,52.32,0,0,15,0,1,1,0,0.272,22.05,0
20.25,17,250,14.15,4,14.78,0,0,7,0,1,1,1,0.162,23.1,0
11.91,9,312,27.0,1,20.13,1,0,12,0,1,1,0,0.401,18.82,0
150.71,2,180,10.21,1,21.31,0,1,8,0,1,1,0,0.129,20.78,0
21.71,11,550,11.0,0,41.68,0,0,22,0,1,1,0,0.164,0.0,0
101.21,0,1448,14.36,1,59.72,0,0,87,0,1,0,0,0.116,8.01,0
137.18,10,1227,6.95,3,75.8,0,0,77,0,1,1,1,0.097,42.67,0
81.31,17,546,10.3,0,33.24,0,0,46,0,1,1,0,0.335,0.01,0
19.46,12,354,11.88,2,115.74,0,0,22,0,1,1,1,0.12,26.45,0
44.87,16,874,46.04,2,29.25,0,0,87,0,1,1,1,0.188,11.45,0
29.25,7,904,32.17,2,110.81,1,0,67,0,1,1,0,0.175,36.39,0
12.14,19,885,2.08,0,60.22,0,0,68,0,1,1,1,0.216,1.62,0
41.44,18,86,0.63,2,20.65,0,0,8,0,1,0,0,0.35,14.82,0
9.22,16,13,17.11,0,173.21,0,0,0,0,1,1,1,0.068,10.44,0
98.27,1,2043,0.76,4,8.8,1,1,144,0,1,1,0,0.379,23.63,0
18.83,2,1605,0.93,2,91.57,0,0,145,0,1,1,0,0.148,7.23,0
36.64,2,415,2.6,1,23.23,0,0,40,0,1,1,0,0.219,0.0,0
39.78,5,2485,6.5,2,6.41,0,0,133,0,1,1,1,0.044,11.28,0
23.13,9,736,8.56,0,192.85,0,0,38,0,1,1,1,0.063,0.0,0
53.88,23,364,10.99,0,36.45,0,1,8,0,1,1,1,0.155,0.0,0
18.64,21,247,72.98,1,22.78,1,0,22,0,1,1,1,0.287,27.23,0
71.61,17,449,7.3,2,23.03,0,1,42,0,1,1,1,0.171,14.76,0
7.8,17,363,4.17,0,64.35,0,0,32,0,1,1,0,0.15,0.0,0
34.0,13,2542,12.84,1,29.57,1,1,90,0,1,1,0,0.038,20.05,0
208.29,15,337,3.63,2,149.32,0,0,14,0,1,1,0,0.185,9.5,0
11.02,6,904,42.34,4,19.18,0,0,86,0,1,1,1,0.153,46.01,0
15.21,0,840,4.5,1,10.98,1,0,56,0,1,1,0,0.63,14.23,0
50.09,16,37,68.98,1,36.26,2,0,2,0,1,1,0,0.192,26.69,0
35.86,22,46,8.14,0,38.29,1,1,2,0,1,1,1,0.115,9.72,0
42.55,4,539,25.12,2,12.48,3,0,36,0,1,1,1,0.03,41.32,0
48.87,0,150,15.67,3,9.4,0,0,4,0,1,1,0,0.051,18.41,1
56.53,20,536,40.66,2,13.98,1,0,51,0,1,1,1,0.386,22.24,0
90.89,16,78,14.73,0,20.26,0,0,7,0,1,0,1,0.102,1.72,0
45.14,9,253,13.06,1,15.25,0,0,22,0,1,1,0,0.173,3.06,0
23.54,11,54,15.87,1,80.26,0,0,2,0,1,1,1,0.163,4.88,0
58.71,19,166,23.16,3,22.17,0,1,14,0,1,1,0,0.219,29.72,0
200.31,1,46,34.37,1,85.72,0,0,3,0,1,1,1,0.222,3.46,0
26.24,22,1763,4.66,1,4.73,0,0,65,0,1,1,1,0.039,11.02,0
11.31,15,251,3.36,2,39.85,0,0,21,0,1,1,1,0.352,18.85,0
90.66,14,1157,0.52,2,32.81,0,0,28,0,1,1,1,0.089,18.57,0
26.57,12,1773,6.93,2,73.26,1,0,135,0,1,1,1,0.084,32.26,0
3.41,17,1202,28.08,1,26.05,1,0,119,0,1,1,0,0.243,8.68,0
69.92,19,303,1.09,2,12.84,1,1,15,0,1,1,0,0.079,29.75,0
17.54,21,755,11.6,0,33.35,0,0,51,0,1,1,1,0.071,2.93,0
27.37,13,83,17.8,1,32.58,1,0,2,0,0,1,1,0.301,6.75,0
41.76,17,50,27.2,0,16.31,1,0,2,0,1,1,1,0.238,19.54,0
36.25,1,1047,13.14,0,23.76,0,0,26,0,1,0,1,0.286,5.23,0
60.91,1,16,3.09,0,19.76,1,0,1,0,1,1,0,0.379,18.12,0
19.39,2,1794,50.09,1,106.11,1,0,145,0,1,1,1,0.036,19.69,0
50.05,4,558,1.49,1,25.68,0,0,36,0,1,1,1,0.192,12.96,0
23.11,15,272,21.98,1,26.02,0,0,21,1,1,1,0,0.292,0.86,0
62.73,21,76,1.36,1,22.9,0,0,5,0,1,1,1,0.178,6.13,0
55.44,14,642,2.32,1,21.0,0,0,60,0,1,1,0,0.2,0.0,0
11.76,11,414,34.27,2,33.38,0,0,23,0,1,1,1,0.191,1.56,0
88.76,8,621,20.98,0,15.12,2,0,38,0,1,1,1,0.265,24.09,0
17.53,13,271,6.82,1,24.88,0,1,12,0,1,1,1,0.402,10.71,0
67.23,20,34,15.27,1,8.12,0,0,1,0,1,0,1,0.148,6.52,0
43.26,15,189,9.17,2,32.68,0,0,16,1,1,0,1,0.128,15.56,0
188.33,10,189,1.03,4,33.35,0,0,17,0,1,1,1,0.51,36.21,0
23.96,5,4,19.16,0,11.16,0,1,0,0,1,0,1,0.324,8.7,0
21.13,9,5,21.61,2,44.84,0,0,0,1,1,0,0,0.463,16.2,1
29.39,7,201,32.1,1,20.73,0,0,9,0,1,1,0,0.186,2.89,0
22.13,15,650,11.67,2,85.96,0,0,57,0,1,1,1,0.281,8.71,0
66.68,2,489,16.77,3,23.04,0,0,46,0,1,1,1,0.253,43.87,0
5.95,1,137,8.65,2,79.29,0,0,12,0,1,1,1,0.145,14.05,0
10.45,15,462,5.76,1,45.27,1,1,8,0,1,1,1,0.119,30.77,0
10.3,18,521,7.96,3,10.78,0,0,16,0,1,1,0,0.582,29.95,0
77.5,8,370,36.41,1,17.86,0,0,33,0,1,0,1,0.049,16.05,0
165.77,15,368,2.69,2,102.52,0,0,22,0,1,1,0,0.247,0.0,0
26.99,21,231,4.29,0,54.53,0,0,11,0,1,1,1,0.411,7.29,0
25.31,3,66,13.98,1,12.38,0,0,3,0,1,1,1,0.181,5.02,0
32.14,9,243,1.85,2,41.06,1,1,20,1,1,1,1,0.282,23.67,0
95.76,18,212,33.37,1,16.3,1,0,17,0,1,1,1,0.108,4.88,0
11.85,12,448,0.73,1,21.42,0,0,38,0,1,1,0,0.186,7.4,0
38.03,17,970,21.12,1,85.39,1,1,84,0,1,1,0,0.05,30.86,0
79.46,14,235,7.02,2,40.38,0,0,5,0,1,1,0,0.419,17.57,0
49.46,3,618,0.79,1,10.59,2,0,49,0,1,1,0,0.141,31.12,0
36.22,8,835,27.77,2,29.31,1,0,56,0,1,1,0,0.1,38.67,0
81.54,3,119,15.34,0,69.02,0,0,4,0,1,1,0,0.132,3.8,0
2.01,15,1160,0.13,3,37.17,0,0,76,0,1,1,1,0.145,27.95,0
59.02,20,37,4.67,1,26.43,0,0,2,0,1,1,0,0.233,0.0,0
15.58,14,1160,6.51,3,17.91,1,0,74,0,1,1,1,0.344,35.13,0
4.8,23,89,5.84,1,28.03,1,0,4,0,1,1,1,0.209,16.71,0
49.96,1,206,10.35,2,2.52,1,1,7,0,1,1,0,0.251,29.72,0
118.35,13,465,11.22,1,29.64,0,0,11,0,1,1,0,0.046,9.79,0
26.12,2,1181,7.58,2,12.03,1,0,25,0,1,1,1,0.208,30.64,0
77.7,21,148,6.05,0,10.76,0,0,6,0,1,1,0,0.04,2.78,0
150.25,22,721,10.53,0,35.2,0,0,26,0,1,1,0,0.25,0.0,0
111.6,3,620,0.51,3,32.18,0,0,35,0,1,1,1,0.054,17.49,0
154.46,0,87,15.54,0,23.73,0,0,5,0,1,1,1,0.147,0.0,0
62.94,22,326,13.97,2,25.18,0,0,15,0,0,1,1,0.165,23.17,0
32.31,8,328,4.91,1,16.48,0,0,15,0,1,1,1,0.102,14.5,0
6.04,16,182,2.97,1,6.49,0,0,14,0,1,1,0,0.181,0.0,0
23.43,13,757,1.14,3,25.19,0,0,12,0,1,1,0,0.189,43.58,0
12.89,16,1301,13.28,1,43.61,0,2,129,0,1,1,1,0.025,0.0,0
262.68,0,630,12.62,1,11.34,0,0,33,0,1,1,1,0.274,25.07,0
25.13,9,1805,11.43,0,18.06,0,0,118,0,1,1,1,0.274,0.0,0
33.89,22,26,63.63,1,24.39,0,0,0,0,1,1,1,0.046,5.58,0
52.01,15,19,11.37,0,23.56,0,1,0,0,1,1,0,0.092,12.84,0
31.3,18,1121,19.19,1,26.96,1,0,81,0,1,1,0,0.194,7.12,0
163.21,23,1140,1.8,1,28.59,0,0,111,0,1,1,1,0.366,2.16,0
16.08,2,57,5.33,0,12.28,0,0,5,0,1,1,1,0.179,0.19,0
36.4,11,221,4.83,2,39.46,0,0,20,0,1,1,1,0.339,8.87,0
14.26,2,902,12.87,2,18.71,0,0,53,0,1,1,0,0.167,15.13,0
8.0,14,69,6.03,2,47.28,0,0,3,0,1,1,1,0.469,12.98,0
16.25,16,156,15.37,0,30.25,1,1,12,0,1,1,1,0.508,1.82,0
28.87,17,571,17.57,2,36.34,1,0,35,0,1,1,1,0.251,28.59,0
19.51,6,2006,0.51,1,58.86,0,0,169,0,1,1,0,0.098,10.48,0
14.99,18,798,15.31,1,38.83,0,0,59,1,1,1,1,0.301,18.48,0
7.34,6,751,1.86,1,49.7,0,1,35,0,1,1,0,0.294,14.51,0
27.57,4,210,9.39,4,92.67,0,0,4,0,1,1,1,0.24,30.99,0
6.65,7,541,19.45,3,10.17,0,0,22,0,1,1,0,0.153,24.32,0
64.08,20,60,18.23,0,16.42,1,0,5,1,1,0,1,0.251,11.81,0
32.54,15,2431,5.35,0,17.78,1,0,133,0,1,1,0,0.209,0.0,0
6.98,15,328,4.77,2,77.11,0,0,27,0,1,1,1,0.115,18.86,0
21.99,18,509,8.7,2,26.4,1,1,38,0,1,1,0,0.389,15.48,0
14.12,14,1044,3.14,0,15.25,0,0,44,0,1,1,1,0.076,0.0,0
41.23,6,1,55.15,1,12.35,0,0,0,0,1,1,1,0.074,11.92,0
114.49,4,1864,6.34,1,48.72,0,0,133,0,1,1,1,0.085,23.76,0
4.59,22,222,38.46,1,35.35,0,0,19,0,1,1,1,0.384,4.92,0
33.62,10,207,35.83,0,8.41,0,0,4,0,1,1,1,0.238,14.49,0
25.53,9,78,6.81,0,16.73,0,0,7,0,0,1,1,0.25,0.0,0
58.64,20,977,4.4,1,5.53,0,1,49,0,1,1,1,0.045,12.01,0
37.08,22,1023,22.1,0,52.57,1,0,28,0,1,1,1,0.14,19.56,0
14.13,8,10,3.91,1,27.67,0,0,0,1,1,1,1,0.407,10.13,0
21.78,0,29,11.05,0,23.6,2,0,2,0,1,1,0,0.055,24.88,0
13.52,19,1253,1.76,5,8.62,0,0,80,0,1,1,0,0.125,51.71,0
87.88,0,66,7.31,2,16.29,1,1,1,0,1,1,0,0.13,26.76,0
30.61,7,485,1.22,4,44.43,0,0,23,0,1,1,1,0.429,20.72,0
200.58,2,483,5.0,0,21.32,0,0,10,0,1,1,1,0.342,18.42,0
28.2,1,1019,16.42,0,17.77,0,1,22,0,1,1,1,0.075,11.77,0
14.76,3,425,71.18,1,102.78,0,0,14,0,1,1,1,0.292,10.28,0
6.59,18,285,4.41,2,7.47,0,0,13,0,1,1,1,0.299,14.36,0
4.94,10,1832,9.62,0,16.2,0,1,136,0,1,1,0,0.296,3.11,0
6.15,4,130,8.91,3,13.86,1,1,2,0,1,1,0,0.723,29.61,1
39.14,23,152,3.05,1,42.2,0,0,6,0,1,0,0,0.122,6.1,0
49.84,9,44,14.13,1,33.63,0,1,2,0,1,1,0,0.18,7.12,0
6.16,23,1851,19.35,0,25.35,1,0,78,0,1,1,1,0.154,20.92,0
73.34,22,613,2.39,2,11.1,0,1,17,1,1,1,0,0.222,17.87,0
18.48,7,6,21.23,1,33.24,0,0,0,0,1,1,0,0.264,11.64,0
34.7,12,609,18.07,0,6.11,0,1,26,0,1,0,1,0.401,7.18,0
150.24,4,259,3.3,2,20.43,0,0,22,1,1,1,0,0.126,26.11,1
73.47,11,1714,15.7,2,16.93,0,0,55,0,1,1,1,0.188,9.22,0
22.91,12,162,7.51,2,54.39,0,1,12,0,1,1,1,0.14,29.82,0
12.29,21,619,17.14,2,42.75,0,0,20,0,1,1,1,0.151,11.94,0
3.48,7,494,10.28,0,42.14,1,0,22,0,1,1,1,0.196,7.54,0
14.6,14,6,0.74,1,30.59,0,0,0,0,1,1,1,0.236,1.53,0
24.26,12,1082,23.19,3,73.93,1,0,67,0,1,0,0,0.419,13.56,0
11.17,0,75,12.17,1,50.5,1,1,2,0,1,0,0,0.171,28.02,0
26.28,21,545,19.35,4,11.67,0,0,49,0,1,1,1,0.298,29.56,0
32.36,5,747,2.02,1,18.84,0,1,41,0,1,1,0,0.142,18.28,0
23.93,10,498,19.16,0,44.57,1,0,41,0,1,1,1,0.329,16.11,0
15.64,12,51,8.01,1,32.7,1,1,4,0,1,1,1,0.327,24.08,1
35.47,20,1848,24.09,1,26.33,0,0,100,0,1,1,0,0.058,7.67,0
46.62,19,135,13.71,3,35.97,0,0,5,0,1,1,1,0.289,19.12,0
10.07,0,494,6.58,3,5.88,0,0,31,1,1,1,0,0.123,31.43,0
122.85,10,798,3.38,3,37.39,0,2,18,0,1,1,0,0.117,23.89,0
27.15,10,1400,25.39,1,67.18,0,1,103,0,1,1,1,0.206,7.28,0
30.53,7,463,12.32,2,48.92,0,0,36,0,1,1,1,0.278,6.93,0
60.84,21,150,65.69,1,227.63,0,0,3,0,1,1,1,0.119,12.83,0
37.83,2,906,7.01,2,39.19,0,1,37,0,1,1,1,0.502,24.91,0
77.72,18,89,17.36,1,24.09,1,0,7,0,1,1,0,0.161,0.0,0
39.93,11,11,14.63,0,92.68,1,0,0,0,1,1,0,0.147,0.0,0
16.24,5,1194,15.22,1,13.37,1,1,81,1,1,1,1,0.368,17.73,0
43.01,22,428,20.03,2,18.63,0,0,28,0,1,1,0,0.105,6.01,0
9.55,7,36,2.25,2,25.35,0,1,1,1,1,1,1,0.125,17.73,0
33.4,4,433,11.97,3,14.03,0,0,34,0,1,1,1,0.614,33.11,0
28.98,9,78,10.67,3,46.45,0,0,4,0,1,1,1,0.146,14.42,0
24.33,21,16,6.29,2,54.41,0,0,0,0,1,1,0,0.017,12.73,0
26.35,15,62,8.59,2,18.41,0,0,1,0,0,1,0,0.388,19.46,0
4.56,11,746,10.97,2,35.16,1,0,69,0,1,1,0,0.107,29.26,0
17.31,16,705,5.81,0,34.5,0,1,34,0,1,1,1,0.403,11.34,0
32.88,5,464,5.2,1,36.14,0,0,29,0,1,1,1,0.24,10.54,0
35.16,8,117,20.11,1,22.06,0,0,8,0,1,1,0,0.142,10.49,0
10.72,9,672,1.04,1,15.13,0,0,51,0,1,1,1,0.085,14.77,0
106.24,19,262,5.63,1,83.28,0,0,13,0,1,1,0,0.444,0.0,0
12.6,13,357,15.91,2,14.95,0,1,20,1,1,1,1,0.282,17.87,1
79.0,13,1140,3.51,1,20.67,0,0,88,0,1,1,0,0.356,0.0,0
45.93,16,306,12.74,1,59.59,1,0,21,0,1,1,1,0.171,21.89,0
15.7,15,492,5.4,1,26.41,0,0,33,0,1,1,1,0.205,7.78,0
176.85,3,1632,27.8,1,165.81,0,0,79,0,1,1,1,0.375,7.85,0
9.08,1,300,6.46,1,12.56,0,0,29,0,1,1,1,0.117,3.37,0
75.13,15,411,3.91,2,14.36,0,0,13,0,1,1,0,0.151,16.19,0
81.5,0,439,11.33,1,22.41,0,1,11,0,1,1,1,0.345,1.59,0
15.32,2,138,2.19,2,53.98,0,0,5,0,1,1,1,0.217,20.18,0
120.6,22,668,23.95,1,28.81,1,0,25,0,1,1,0,0.211,20.04,0
23.33,10,648,17.09,1,42.06,0,0,62,0,1,1,1,0.094,21.82,0
39.99,15,120,22.08,0,98.62,0,0,2,0,1,0,1,0.048,0.0,0
38.87,17,7,7.63,0,4.88,0,0,0,0,1,1,0,0.07,14.12,0
26.2,14,3425,27.03,5,7.03,0,0,173,0,1,1,0,0.19,29.62,0
67.41,8,436,10.2,2,16.36,0,0,27,0,1,1,1,0.149,10.82,0
66.25,11,100,1.49,2,23.8,0,0,7,1,1,1,1,0.42,6.3,0
5.21,17,167,3.8,1,9.43,0,0,3,1,1,1,0,0.192,1.89,0
110.43,4,481,18.62,0,77.67,0,0,28,0,1,1,0,0.088,3.1,0
5.68,23,74,34.01,0,29.99,0,0,1,0,1,1,1,0.143,12.1,0
84.15,7,19,1.5,4,75.66,1,0,0,0,1,1,0,0.244,43.23,0
92.45,2,801,29.95,1,24.95,0,0,55,0,1,1,1,0.111,3.11,0
10.06,1,629,24.07,4,24.93,0,0,24,0,0,1,0,0.139,43.77,0
19.87,18,185,6.61,2,11.88,1,1,5,0,1,1,1,0.077,24.96,0
9.92,7,30,17.53,2,26.53,0,1,0,0,1,0,1,0.034,25.75,0
24.17,1,333,3.1,2,68.66,0,0,27,0,1,1,1,0.264,5.26,0
22.02,18,162,25.18,2,42.82,0,0,11,0,1,1,0,0.202,1.73,0
65.34,0,254,16.07,3,45.36,1,0,4,0,1,1,0,0.246,34.61,0
111.09,21,160,8.67,1,18.64,0,0,11,0,1,1,0,0.14,10.39,0
120.99,12,96,29.98,2,12.84,0,0,2,0,1,1,1,0.214,10.51,0
17.08,22,245,2.25,3,16.65,1,0,10,0,1,1,1,0.139,21.99,0
24.31,19,1675,28.04,2,39.54,0,0,120,0,1,1,0,0.201,12.4,0
5.57,16,155,0.36,3,11.52,0,0,6,0,1,1,1,0.066,23.94,0
13.38,2,205,20.99,0,22.6,1,1,16,0,1,1,1,0.051,16.47,0
78.64,8,200,12.78,4,14.51,2,1,11,0,1,0,0,0.09,60.72,1
150.74,4,327,17.9,1,12.54,1,0,12,0,1,1,0,0.162,37.92,0
8.72,5,927,7.97,1,54.47,0,0,58,0,1,0,0,0.333,7.22,0
16.57,3,257,29.98,1,28.54,0,0,5,0,1,1,1,0.409,1.74,0
29.18,16,820,5.63,3,62.88,1,0,43,0,0,1,0,0.227,31.01,0
39.65,20,61,4.82,0,20.59,0,0,2,0,1,1,1,0.149,20.73,0
13.34,20,1126,5.39,3,60.97,0,0,58,0,0,1,1,0.214,8.11,0
45.79,20,102,22.33,2,47.65,0,0,6,0,1,1,0,0.225,19.32,0
18.66,15,20,10.26,0,14.52,1,0,1,0,1,1,1,0.242,8.58,0
29.53,15,86,11.55,3,62.04,1,0,5,0,1,1,0,0.214,42.04,0
51.74,21,106,26.73,2,14.71,0,0,2,0,1,1,0,0.198,22.07,0
30.16,10,355,26.88,3,80.13,2,0,15,0,1,1,1,0.161,36.84,0
19.37,1,299,2.65,3,89.21,0,0,15,0,1,1,0,0.045,22.65,0
26.85,16,629,11.97,2,34.29,1,1,13,0,0,0,1,0.306,18.69,0
27.43,14,26,2.02,0,25.03,0,1,2,0,1,1,0,0.281,13.91,0
20.7,17,344,30.43,1,11.89,0,0,31,0,1,1,0,0.15,14.93,0
23.13,9,202,27.21,1,154.88,1,0,8,0,0,1,0,0.067,17.47,0
148.21,5,498,28.39,4,8.84,0,0,34,0,1,1,0,0.146,28.04,0
52.51,20,22,18.3,0,9.06,0,0,1,0,1,1,1,0.128,0.0,0
22.3,15,18,9.44,2,14.98,1,0,1,0,1,1,1,0.274,56.01,0
60.16,4,279,7.78,5,38.49,0,0,7,1,0,0,0,0.554,33.43,1
21.46,11,834,7.54,2,3.94,0,0,51,0,1,0,1,0.101,28.67,0
96.85,5,556,1.03,2,13.51,1,0,21,1,1,1,1,0.096,27.69,0
43.36,13,8,44.6,3,24.3,0,0,0,0,1,1,1,0.297,39.43,0
26.92,22,98,8.98,2,110.49,0,0,7,0,1,1,1,0.218,13.7,0
46.89,15,129,39.91,1,20.59,0,0,11,0,1,1,1,0.25,2.94,0
6.23,6,275,31.71,1,22.32,0,0,5,0,1,0,1,0.16,0.0,0
9.71,1,442,26.46,1,75.9,0,0,26,1,1,1,0,0.387,8.06,0
9.08,5,122,13.31,3,22.68,0,0,6,0,1,1,1,0.123,22.63,0
34.57,8,241,1.61,0,8.37,0,0,8,0,1,1,0,0.225,16.76,0
169.44,6,438,5.87,2,38.66,0,0,16,0,1,1,0,0.168,4.65,0
279.02,1,242,13.88,1,6.39,0,1,20,0,1,1,1,0.145,3.35,0
56.72,18,77,0.2,1,28.1,0,0,6,0,1,1,1,0.173,0.0,0
49.44,7,338,0.65,1,56.5,3,0,31,1,1,1,0,0.044,37.17,0
4.95,10,196,16.98,3,19.23,0,1,16,0,1,1,0,0.125,22.97,0
17.41,3,998,32.87,0,17.5,0,0,21,0,1,1,1,0.236,10.02,0
13.63,15,747,28.98,1,61.76,0,0,19,0,1,1,1,0.197,1.17,0
16.11,17,106,2.76,0,24.71,0,0,7,0,1,0,0,0.14,0.0,0
25.33,12,83,36.33,1,18.56,0,0,5,0,1,1,0,0.011,2.92,0
18.69,4,214,17.88,2,30.82,0,0,19,0,0,1,1,0.155,15.82,0
4.14,1,266,18.9,2,95.52,0,0,16,0,1,1,1,0.258,5.05,0
63.3,10,1344,5.44,2,16.06,0,0,86,0,1,1,1,0.119,7.42,0
10.25,0,179,18.88,4,25.33,0,0,10,0,1,1,0,0.607,19.56,0
38.06,12,1011,18.56,1,5.34,1,0,74,0,1,0,1,0.131,12.14,0
238.43,4,352,13.55,0,70.62,1,0,17,0,1,1,1,0.26,15.46,0
11.95,17,1084,6.63,1,14.11,0,0,73,0,1,1,0,0.023,11.14,0
2.39,13,605,24.99,3,33.98,0,0,34,0,1,0,0,0.165,23.87,0
22.51,12,616,41.59,3,100.35,0,1,58,0,1,1,1,0.05,29.89,0
90.1,6,366,30.59,1,30.7,0,0,18,0,1,1,0,0.156,0.0,0
212.37,7,917,4.18,3,79.74,2,0,25,0,1,1,1,0.281,49.14,0
8.76,17,147,8.85,2,64.15,0,0,12,0,1,1,1,0.116,8.1,0
49.24,6,1189,6.29,1,37.31,0,1,69,0,1,1,0,0.124,11.42,0
18.82,19,506,18.44,2,4.48,0,0,15,1,0,1,0,0.063,22.35,0
26.95,16,289,26.71,0,3.9,0,0,27,0,1,1,1,0.084,0.0,0
421.72,15,2014,3.65,3,76.16,2,0,54,0,1,1,0,0.097,43.39,1
6.67,10,990,44.14,3,36.93,1,0,22,0,1,1,1,0.206,28.49,0
38.62,18,739,16.97,1,35.45,0,0,28,0,1,0,0,0.257,3.04,0
47.83,0,160,3.7,2,18.75,0,0,11,0,1,0,1,0.111,26.29,0
88.75,20,1820,6.96,2,19.62,0,0,47,0,1,1,0,0.071,24.53,0
33.05,7,679,1.66,1,23.23,0,0,66,1,1,1,1,0.214,7.55,0
40.77,0,465,13.63,1,18.95,0,0,28,0,1,1,1,0.246,3.79,0
20.25,8,1274,2.78,3,36.41,1,0,82,0,1,1,1,0.23,34.13,0
39.22,18,88,17.72,4,47.03,1,0,8,0,1,1,1,0.033,28.65,0
21.26,20,75,20.05,1,12.6,2,0,4,0,1,1,1,0.022,27.44,0
55.79,8,415,9.79,0,51.19,0,0,30,0,1,1,0,0.275,0.0,0
20.71,20,29,1.48,1,29.89,0,0,0,0,1,1,1,0.123,6.97,0
43.69,9,545,14.16,0,24.98,0,0,10,0,1,1,1,0.095,10.51,0
29.1,23,138,6.98,2,33.12,2,0,10,0,1,1,0,0.303,41.89,0
92.39,22,63,44.83,0,11.57,0,0,5,0,1,1,0,0.003,11.57,0
28.46,10,263,10.8,3,16.18,0,0,20,0,1,1,0,0.155,23.93,0
5.09,0,314,1.13,1,4.16,0,1,9,0,1,1,0,0.14,23.03,0
105.84,19,93,15.16,0,35.54,0,0,7,0,1,1,0,0.119,7.14,0
12.11,7,21,22.67,0,26.36,1,0,1,0,1,1,0,0.024,1.87,0
15.58,19,267,2.62,2,23.82,0,0,5,0,0,1,1,0.249,13.33,0
16.52,11,713,8.94,1,23.2,0,0,34,0,1,1,1,0.069,5.1,0
118.44,0,1037,20.39,0,37.6,0,0,84,0,1,1,0,0.302,0.0,0
3.54,9,51,0.31,1,15.71,0,0,1,1,1,1,1,0.258,6.68,0
690.73,3,372,0.44,0,33.11,0,0,31,0,1,1,1,0.401,0.0,1
86.15,14,153,16.95,0,62.74,1,0,9,0,1,1,1,0.165,3.55,0
37.46,18,235,19.37,1,6.0,0,0,12,0,1,1,1,0.235,4.83,0
28.36,5,1355,28.05,1,22.08,0,1,22,0,1,1,1,0.016,5.43,0
39.87,4,217,7.65,1,13.99,0,1,8,0,1,0,0,0.195,4.33,0
50.46,4,227,7.41,0,65.57,2,0,19,0,1,0,1,0.262,23.8,0
57.12,17,117,12.06,3,37.28,0,0,2,0,1,1,1,0.371,19.76,0
52.23,2,1610,21.24,0,48.55,0,0,95,0,1,1,1,0.14,0.0,0
32.77,21,305,15.37,0,48.52,1,0,5,0,1,1,0,0.137,7.7,0
24.6,1,422,5.95,3,106.88,0,0,16,0,1,1,0,0.264,23.85,0
25.76,3,302,6.38,2,35.14,0,0,9,1,1,0,1,0.065,22.3,0
24.66,17,146,21.6,1,13.65,1,0,7,0,1,1,1,0.093,23.85,0
93.11,8,831,11.47,4,38.5,0,0,55,0,1,1,0,0.179,33.87,0
54.25,18,14,1.55,1,19.34,1,1,0,0,1,1,0,0.122,0.0,0
1.58,9,586,2.49,0,36.89,0,0,49,0,1,1,1,0.16,0.0,0
57.74,21,451,28.58,3,27.68,0,0,13,0,1,1,0,0.335,25.73,0
36.41,14,78,100.92,1,13.52,0,0,5,0,1,1,0,0.123,2.42,0
29.41,0,91,6.13,1,22.77,0,0,8,0,1,1,1,0.166,0.0,0
20.32,10,538,7.33,1,6.88,0,0,35,0,1,1,1,0.086,10.1,0
92.21,13,187,2.52,0,20.37,0,0,10,0,1,1,1,0.092,14.33,0
77.29,9,154,4.03,0,23.67,0,1,12,0,1,1,1,0.163,1.29,0
13.83,18,30,8.29,1,9.7,0,0,0,0,1,1,1,0.019,23.79,0
45.02,23,727,5.02,1,18.76,1,0,70,0,1,1,1,0.036,18.98,0
11.34,20,1071,18.13,0,125.22,0,0,48,0,1,1,1,0.184,0.0,0
7.54,15,857,11.58,3,41.17,1,0,28,0,1,1,0,0.185,24.33,0
16.01,7,314,25.91,2,9.49,1,0,30,0,1,1,0,0.208,9.46,0
70.98,1,382,19.34,1,19.39,1,0,6,0,1,1,1,0.194,18.37,0
77.72,22,139,2.06,2,11.84,0,0,11,0,1,1,0,0.144,19.37,0
50.05,6,95,1.98,2,53.49,0,0,4,0,1,1,1,0.204,10.66,0
61.87,18,866,33.9,1,14.06,1,0,72,0,1,1,1,0.275,18.06,0
50.21,6,801,25.68,3,18.29,0,0,70,1,1,1,1,0.299,30.13,0
15.78,14,751,9.46,2,58.76,0,1,32,0,1,1,0,0.19,18.16,0
46.15,7,311,2.1,1,35.3,0,0,28,0,1,1,0,0.173,0.0,0
66.71,13,999,34.33,6,23.64,0,0,99,0,1,0,0,0.164,47.9,0
63.71,0,1303,3.93,2,27.76,0,0,124,0,1,1,0,0.166,19.64,0
98.39,12,199,0.54,2,15.21,0,0,12,0,1,1,0,0.224,2.7,0
60.84,2,127,38.7,1,93.24,0,0,4,0,1,1,0,0.093,3.41,0
42.58,20,312,24.83,2,11.83,0,0,26,0,0,1,1,0.162,7.48,0
87.37,5,99,17.74,3,37.56,0,1,9,0,1,1,0,0.121,29.59,1
29.18,18,1077,0.52,0,43.9,0,1,104,0,1,1,1,0.271,0.0,0
12.41,14,206,11.28,1,100.05,0,0,18,0,1,1,1,0.031,19.73,0
25.46,3,429,15.9,3,23.58,0,1,14,0,1,1,0,0.24,20.93,0
14.23,20,452,21.37,0,11.71,0,0,31,0,1,0,1,0.254,0.0,0
15.25,2,362,9.55,0,36.0,1,0,33,0,1,1,0,0.034,18.76,0
25.93,3,85,45.98,0,13.26,0,0,4,0,1,1,1,0.059,0.0,0
13.57,4,2355,4.21,1,15.22,0,0,199,0,1,1,1,0.054,0.0,0
22.02,17,95,1.08,2,9.32,1,0,2,0,1,1,1,0.27,17.94,0
4.51,9,696,6.07,1,14.17,0,0,56,0,1,1,0,0.247,17.74,0
37.09,7,784,16.26,3,22.59,0,0,17,0,1,0,1,0.231,28.83,0
30.0,11,78,20.04,2,11.59,1,0,4,0,1,1,1,0.226,34.16,0
13.24,21,1353,20.12,4,17.4,0,0,70,1,1,1,0,0.142,23.36,0
57.93,2,334,1.76,3,46.59,0,0,10,0,1,1,1,0.156,17.3,0
76.52,17,496,32.45,1,33.76,0,1,26,0,1,1,1,0.077,13.02,0
6.0,22,514,4.94,2,52.27,0,0,39,0,1,1,1,0.077,8.47,0
13.98,7,352,3.53,3,48.88,0,0,28,0,1,1,1,0.302,34.63,0
13.89,0,77,14.3,0,31.18,1,0,7,0,1,1,1,0.014,18.38,0
11.71,13,697,3.57,0,21.18,0,0,52,0,1,1,1,0.079,0.0,0
68.68,21,436,10.64,1,26.55,0,1,43,0,1,1,1,0.161,8.12,0
24.68,22,63,7.84,2,15.13,0,1,2,0,1,1,0,0.194,19.73,0
23.0,12,603,3.96,0,11.39,0,1,17,0,1,1,0,0.209,0.0,0
4.04,11,607,5.18,0,53.43,0,0,15,0,1,1,0,0.188,0.0,0
56.57,2,398,8.36,4,49.1,1,0,26,0,1,1,0,0.168,54.74,0
8.68,17,47,6.37,1,36.05,0,0,2,1,1,1,1,0.186,13.39,0
31.81,20,217,7.21,2,23.09,3,0,7,0,1,1,0,0.239,39.48,1
39.54,12,26,19.95,2,33.03,0,1,0,1,1,1,0,0.171,17.09,0
116.82,14,325,2.77,0,55.83,0,0,14,0,1,1,0,0.078,6.35,0
8.09,9,1185,14.82,0,10.17,0,0,87,0,1,0,0,0.124,3.18,0
1.46,0,1,17.01,0,23.88,0,0,0,0,1,1,0,0.265,0.0,0
36.01,5,155,24.3,1,71.47,0,0,12,0,1,1,1,0.219,0.0,0
181.36,8,804,28.19,1,30.24,2,1,34,0,1,1,0,0.267,25.53,1
103.44,9,5,2.59,2,50.29,0,0,0,0,1,1,0,0.405,12.87,0
36.95,14,5,2.23,1,104.82,1,0,0,0,0,1,1,0.124,28.27,0
18.33,8,472,14.31,1,72.07,0,0,40,0,1,1,1,0.229,4.56,0
67.16,22,778,21.22,1,10.08,0,0,55,0,1,1,1,0.183,0.0,0
11.32,13,749,4.77,2,66.88,0,1,65,0,0,1,0,0.129,25.56,0
48.25,10,756,11.19,1,36.96,0,0,18,0,1,1,1,0.227,5.79,0
49.67,6,224,22.19,0,64.72,0,0,12,0,1,1,1,0.192,9.09,0
86.51,23,1072,21.88,0,3.37,1,0,42,1,1,1,0,0.212,18.41,0
473.27,1,6,15.91,3,48.03,2,0,0,0,1,1,1,0.214,33.04,1
44.36,13,187,1.23,1,35.73,0,0,5,0,1,1,1,0.351,0.0,0
18.01,5,206,0.78,1,38.38,0,1,5,0,1,1,1,0.305,4.55,0
29.21,4,91,7.38,1,11.17,0,0,2,0,1,1,1,0.175,0.0,0
5.11,4,205,0.41,0,34.04,0,1,4,0,1,1,0,0.128,4.26,0
14.96,18,441,35.17,4,45.48,0,0,25,0,1,1,1,0.345,30.51,0
19.9,18,367,0.31,3,94.59,0,0,9,0,1,1,1,0.194,20.37,0
17.74,5,192,0.45,1,40.22,0,0,16,0,1,1,1,0.177,17.17,0
34.9,9,692,2.71,1,43.67,0,0,28,0,1,1,0,0.169,0.0,0
13.17,22,627,14.79,1,27.33,0,0,60,0,1,1,0,0.022,11.8,0
91.93,13,165,11.7,2,9.44,0,0,10,0,0,1,0,0.313,23.79,0
29.97,16,195,16.16,2,49.15,0,1,13,0,1,1,1,0.222,23.4,1
29.69,2,170,33.6,1,28.14,0,0,11,0,1,1,1,0.311,10.61,0
21.59,0,69,9.1,1,82.03,2,0,3,0,1,1,1,0.184,33.96,0
34.99,9,699,0.67,0,15.39,0,0,62,0,1,1,1,0.39,0.0,0
68.38,2,24,21.63,2,43.89,0,0,2,0,1,1,1,0.105,31.1,0
12.59,4,82,25.07,3,23.66,0,0,2,0,1,1,1,0.325,24.56,0
15.52,18,56,0.77,2,78.61,0,0,3,0,1,1,1,0.022,20.41,0
22.12,9,872,4.17,1,16.65,1,0,51,0,1,1,0,0.239,24.54,0
7.8,15,23,22.08,1,31.08,0,0,1,0,1,1,0,0.249,0.0,0
13.21,0,546,7.08,0,23.72,0,0,28,0,1,1,0,0.286,0.0,0
18.61,5,23,9.6,1,70.75,0,0,1,0,1,0,1,0.406,10.55,0
71.84,8,772,25.99,2,39.47,0,0,35,0,1,1,0,0.234,18.11,0
38.96,4,1219,1.49,0,6.36,0,1,26,0,1,1,1,0.08,0.18,0
36.36,13,334,16.96,1,12.51,1,0,18,1,1,1,1,0.094,34.79,0
70.17,9,816,3.63,1,4.25,1,0,64,0,1,1,0,0.018,13.41,0
26.12,1,613,0.97,1,46.57,0,1,43,0,1,1,1,0.058,3.44,0
44.28,4,794,16.29,1,3.03,0,1,48,0,1,1,1,0.472,5.27,0
27.03,0,728,1.94,3,42.4,0,0,67,1,1,1,0,0.173,18.98,0
39.07,9,115,20.62,0,21.41,1,0,6,0,1,1,0,0.173,9.87,0
16.73,21,346,3.4,3,72.06,1,0,16,0,1,1,1,0.254,36.19,0
2.61,8,1615,0.75,2,12.91,0,1,80,0,1,1,1,0.182,8.22,0
26.2,2,210,1.57,1,18.29,0,0,16,1,1,0,0,0.144,10.51,0
124.31,14,1761,27.61,2,30.58,0,0,77,0,1,1,1,0.121,3.72,0
75.66,3,438,6.95,1,11.38,1,1,30,0,1,1,0,0.218,9.49,0
78.68,12,310,5.4,0,25.89,0,0,15,0,1,1,1,0.066,8.27,0
103.14,5,536,10.14,2,12.5,0,0,34,0,0,1,0,0.14,16.29,0
32.74,19,846,15.03,1,42.99,0,1,30,0,1,1,1,0.173,0.0,0
36.5,16,251,0.57,0,47.68,0,1,8,0,1,0,1,0.101,4.9,0
16.16,22,17,34.27,0,60.42,1,1,1,0,1,1,0,0.153,12.47,0
21.84,4,617,47.72,2,11.79,2,0,24,0,1,1,0,0.089,33.65,0
55.47,14,1564,8.1,1,55.27,1,1,38,0,1,1,0,0.042,18.62,0
99.87,7,490,7.98,0,8.08,1,0,18,0,1,1,1,0.16,13.34,0
26.06,4,104,31.63,3,9.9,0,0,5,0,1,1,1,0.163,17.64,0
19.1,23,143,8.41,0,34.02,0,0,6,0,1,1,0,0.205,0.0,0
29.98,12,1203,29.09,0,9.43,1,0,80,0,1,0,1,0.533,15.88,0
54.66,0,7,0.43,2,68.43,2,0,0,0,1,1,1,0.035,37.72,0
7.07,0,398,10.09,3,52.96,0,0,12,0,1,1,0,0.222,20.62,0
3.02,6,86,45.68,0,163.8,0,1,7,0,1,1,1,0.235,0.0,1
17.28,21,166,4.37,0,19.2,0,0,10,0,1,1,0,0.098,0.0,0
8.84,4,183,4.64,2,40.96,0,1,6,0,1,1,0,0.184,26.34,0
18.03,13,124,14.92,0,29.41,0,0,5,0,1,1,0,0.069,0.0,0
25.85,14,786,39.09,2,25.03,1,0,50,0,1,1,0,0.17,26.34,0
19.04,20,202,3.32,3,87.25,0,1,5,0,1,1,1,0.143,12.71,0
128.06,16,212,38.2,0,21.54,0,0,10,0,1,1,0,0.031,14.87,0
41.54,23,302,16.32,0,28.31,0,0,9,0,1,1,1,0.387,0.0,0
40.47,17,1163,74.53,3,42.5,1,0,54,0,1,0,0,0.107,28.23,0
55.82,6,583,20.0,3,58.79,2,0,30,0,1,0,1,0.141,38.73,0
9.59,21,32,16.53,2,16.05,1,0,1,0,1,1,0,0.135,33.64,0
84.7,17,20,25.3,0,62.27,0,0,0,0,1,1,0,0.239,3.13,0
27.78,18,418,2.89,3,47.38,0,0,31,0,1,1,1,0.054,19.84,0
58.59,19,1090,43.78,1,28.73,1,1,100,0,1,1,1,0.07,33.93,0
10.26,6,195,2.72,1,20.13,0,0,8,0,1,0,1,0.266,12.05,0
6.34,7,142,0.39,0,83.47,0,0,3,0,1,1,0,0.448,10.79,0
67.89,12,690,17.95,1,81.18,0,0,63,0,1,0,1,0.505,8.17,0
43.66,17,461,3.06,3,12.75,0,0,24,0,0,1,1,0.206,30.9,0
12.16,23,416,21.33,1,9.07,0,0,30,0,1,0,0,0.271,6.95,0
12.56,10,81,23.77,1,27.8,0,0,5,0,1,1,1,0.308,0.0,0
92.34,8,97,4.05,1,10.65,0,0,8,0,1,1,1,0.167,14.92,0
9.12,22,165,1.36,3,15.6,0,0,9,0,1,1,1,0.05,12.63,0
154.88,0,116,10.42,1,10.73,0,0,8,1,1,1,1,0.115,15.8,0
12.17,21,1778,33.14,1,59.42,0,0,36,0,1,0,0,0.211,0.0,0
56.74,7,9,28.19,2,14.92,0,0,0,0,1,1,0,0.399,15.99,0
21.57,20,492,1.87,2,20.12,0,0,40,0,1,1,0,0.05,23.27,0
54.77,11,364,50.19,2,47.38,0,0,29,1,1,0,0,0.199,24.36,1
17.39,1,195,4.6,5,68.75,0,0,5,0,1,1,1,0.069,33.53,0
25.46,14,1093,6.45,3,18.84,1,0,74,0,1,1,0,0.052,33.18,0
31.22,20,555,2.42,2,51.45,0,0,24,0,1,1,0,0.474,25.17,0
11.0,23,3205,7.12,0,60.04,0,0,105,0,1,1,0,0.129,0.0,0
62.85,17,92,15.14,2,11.9,0,0,8,0,1,1,1,0.269,24.56,0
17.94,16,46,10.58,1,63.06,0,0,4,0,1,1,0,0.013,3.19,0
23.84,14,75,26.36,1,44.92,1,0,5,0,1,1,1,0.187,22.17,0
11.09,19,157,15.38,1,11.06,0,0,15,0,1,1,1,0.239,24.4,0
2.31,19,270,4.59,2,33.33,0,0,8,0,1,1,0,0.101,25.15,0
24.75,8,992,12.23,2,10.82,0,0,84,0,1,1,0,0.468,9.58,0
334.49,2,167,1.0,4,16.95,0,1,10,0,1,1,1,0.185,22.93,1
65.67,19,1234,13.04,1,21.09,0,1,39,0,1,1,0,0.083,1.93,0
29.39,18,311,7.41,3,56.74,0,0,21,0,1,1,1,0.076,10.66,0
23.04,17,521,1.55,3,33.06,0,1,51,0,1,1,1,0.289,20.73,0
30.64,19,154,5.51,0,36.63,0,0,5,1,1,0,0,0.043,1.52,0
51.79,7,85,34.25,2,17.07,0,1,4,0,1,1,1,0.081,17.92,0
9.2,0,1018,13.23,1,23.36,0,0,25,0,1,1,1,0.068,4.52,0
91.32,23,58,35.04,0,8.39,0,0,2,0,1,0,0,0.138,0.0,0
61.28,23,744,7.93,2,39.59,0,2,30,0,1,1,0,0.16,9.74,0
61.45,14,435,57.88,1,33.99,1,0,28,0,1,1,1,0.376,13.4,0
46.45,18,987,6.69,0,55.43,1,0,21,0,0,1,1,0.287,6.66,0
30.56,9,633,21.21,1,49.61,0,0,57,0,1,1,1,0.165,8.57,0
58.72,11,165,5.47,0,5.17,0,1,15,0,1,1,0,0.248,3.6,0
54.15,5,427,1.68,1,15.64,0,0,31,0,1,1,1,0.185,6.21,0
21.03,12,7,26.85,2,156.74,1,0,0,0,1,1,1,0.075,20.31,0
16.88,3,322,21.57,2,29.7,0,0,13,0,1,1,0,0.215,13.95,0
33.18,12,45,25.77,4,88.2,0,1,4,0,1,1,0,0.126,34.86,0
141.04,16,280,5.34,2,27.37,0,0,23,0,1,1,1,0.249,17.14,0
8.68,0,58,18.24,0,20.75,0,0,1,0,1,1,0,0.192,1.28,0
6.91,4,1556,3.73,1,11.2,0,1,118,0,1,1,1,0.056,12.0,0
35.33,23,370,0.17,1,31.68,1,0,10,0,1,1,1,0.07,18.08,0
31.53,16,1222,30.2,1,18.29,1,0,44,0,1,1,1,0.281,9.4,0
35.64,17,11,11.12,3,49.92,0,0,0,0,1,1,1,0.107,26.66,0
38.24,6,508,61.71,0,69.22,1,0,28,0,1,0,1,0.333,10.77,0
23.97,15,183,7.29,2,13.09,0,0,9,0,1,1,1,0.057,20.01,0
132.94,7,283,47.15,3,14.14,0,0,10,0,1,1,0,0.211,33.03,0
6.04,11,1032,14.32,2,27.17,1,0,70,0,0,1,0,0.46,17.48,0
13.09,13,1957,10.77,0,18.83,2,1,55,0,1,1,1,0.192,13.41,0
27.02,18,142,5.41,0,25.16,0,0,11,0,1,1,1,0.202,0.0,0
5.79,10,1481,26.17,2,29.33,0,0,90,0,1,1,1,0.053,10.69,0
25.13,11,584,26.47,1,96.01,1,0,50,0,1,1,1,0.188,20.33,0
157.82,12,1512,8.09,0,46.33,1,1,87,0,1,1,1,0.094,5.36,0
30.6,7,413,19.49,1,84.85,0,0,16,0,1,1,0,0.188,14.13,0
37.74,0,1619,8.89,1,12.89,0,0,28,0,1,0,1,0.209,14.76,0
8.5,8,1115,20.19,1,45.25,1,1,56,1,1,1,0,0.291,13.61,0
16.18,1,69,77.22,0,90.62,1,0,6,0,1,1,1,0.259,0.0,0
20.59,13,186,4.57,1,26.15,1,0,16,0,1,0,0,0.46,10.76,0
21.81,12,139,15.08,0,28.06,0,0,13,0,1,1,0,0.219,0.0,0
107.95,15,424,7.17,0,20.28,0,1,12,0,1,1,1,0.017,0.0,0
52.34,1,812,11.92,1,34.76,0,0,56,0,1,1,0,0.156,14.15,0
9.86,3,712,31.09,1,7.62,0,0,19,0,1,1,0,0.137,14.64,0
38.34,11,649,6.41,0,43.4,0,0,59,0,1,1,1,0.387,0.0,0
49.31,15,235,1.13,1,26.94,0,0,10,0,1,0,0,0.038,15.67,0
93.7,9,75,24.06,1,7.43,0,0,6,0,1,1,0,0.111,0.0,0
145.55,2,118,12.15,0,47.96,0,0,3,0,1,1,1,0.495,0.0,0
10.86,3,677,8.95,2,74.48,0,1,20,0,1,1,1,0.045,9.27,0
13.32,5,80,3.04,1,24.16,1,0,2,0,1,0,0,0.314,27.08,0
8.52,22,126,1.46,3,28.72,1,0,10,0,1,1,0,0.068,41.22,0
23.71,4,276,4.9,1,9.06,0,0,24,0,1,1,1,0.095,7.03,0
47.77,17,37,19.04,0,9.99,0,0,0,0,1,1,0,0.093,12.71,0
80.43,2,120,7.96,1,32.38,0,0,3,0,1,1,0,0.124,15.38,0
27.77,9,81,12.67,1,7.13,0,1,1,0,1,1,1,0.12,12.74,0
21.76,10,1511,1.28,0,15.73,0,0,32,0,1,1,0,0.284,1.77,0
34.87,18,106,1.97,4,9.45,0,0,2,0,1,1,1,0.024,30.45,0
13.0,13,989,0.17,2,19.45,1,0,40,0,1,1,1,0.138,23.88,0
242.15,20,61,16.78,2,53.36,1,0,2,1,1,1,1,0.037,23.28,1
6.0,10,1019,4.61,1,24.03,0,1,73,0,1,1,0,0.087,15.18,0
36.04,20,457,51.14,1,55.02,0,0,45,0,1,1,1,0.069,18.52,0
226.7,3,948,5.53,1,23.98,0,0,68,0,1,1,0,0.204,15.05,0
30.17,23,1010,6.78,3,53.73,0,0,16,0,1,1,1,0.236,29.84,0
24.78,21,454,9.51,3,17.96,0,0,12,0,1,1,1,0.361,15.91,0
20.96,5,1249,5.77,3,82.57,2,0,32,0,1,1,1,0.12,48.81,0
25.02,16,440,25.51,1,17.83,0,0,22,0,1,1,0,0.238,31.33,0
118.26,21,623,31.34,2,30.36,0,0,24,0,1,1,1,0.177,13.74,0
3.28,18,269,0.17,3,7.27,1,0,26,0,1,1,1,0.248,23.65,0
138.86,12,1227,15.95,1,55.03,1,0,37,0,1,1,0,0.033,8.1,0
7.21,21,869,17.38,1,8.04,1,0,62,0,1,0,1,0.282,18.89,0
22.95,9,91,48.83,2,54.99,0,1,2,0,1,1,0,0.128,28.77,0
19.51,10,429,6.94,1,16.81,0,0,26,0,1,1,1,0.099,0.0,0
53.98,5,1136,3.26,2,10.48,0,0,21,0,1,1,1,0.083,0.0,0
6.06,1,788,11.03,1,30.11,1,0,16,0,1,1,0,0.42,18.0,0
47.57,0,1642,8.9,1,12.69,1,1,31,1,0,1,0,0.219,24.49,0
226.85,10,132,23.53,3,46.98,1,0,3,0,0,1,0,0.219,24.72,0
7.67,15,229,35.15,1,19.59,0,1,3,0,1,1,1,0.049,0.0,0
36.22,2,354,1.36,1,25.34,0,0,20,0,1,1,1,0.038,11.43,0
15.46,4,132,28.12,1,21.94,1,0,6,0,1,1,1,0.191,17.94,0
45.87,14,250,35.95,6,7.87,0,0,5,0,1,1,1,0.253,56.99,0
30.54,14,386,38.68,5,34.18,0,0,8,0,1,1,1,0.36,31.23,0
15.78,3,106,21.68,1,18.24,2,0,8,0,1,1,0,0.13,14.69,0
48.81,22,148,20.33,0,14.99,0,2,2,0,1,1,1,0.35,0.0,0
182.06,3,67,0.23,4,22.56,0,0,6,0,1,1,1,0.162,39.01,1
24.76,7,625,37.92,2,120.31,1,1,29,0,1,1,0,0.157,27.01,0
61.54,6,224,6.5,0,11.02,1,0,6,0,1,0,1,0.12,0.0,0
8.22,16,124,0.63,1,6.16,2,0,10,0,1,1,1,0.62,21.0,0
11.51,14,354,7.99,0,48.15,0,0,16,0,1,1,1,0.335,3.9,0
48.06,4,35,19.8,0,18.07,0,0,2,0,1,1,1,0.084,3.93,0
132.17,12,1285,8.75,1,16.11,0,0,74,0,1,1,1,0.039,14.48,0
42.76,3,174,21.28,3,15.58,0,1,11,0,1,0,1,0.487,30.09,0
21.91,21,1088,10.68,1,59.81,1,0,34,0,1,1,0,0.09,17.73,0
29.94,16,344,5.34,1,26.81,0,0,17,0,1,1,0,0.236,0.0,0
8.58,21,949,3.4,1,14.02,0,0,39,0,1,1,1,0.162,5.98,0
54.85,16,142,8.2,1,28.34,0,0,11,0,1,1,1,0.103,10.39,0
72.41,13,96,0.55,2,35.73,0,0,7,0,1,1,1,0.17,17.07,0
19.07,13,947,8.24,3,21.26,0,0,94,0,1,1,0,0.236,21.71,0
18.73,16,120,1.07,1,33.3,0,0,11,0,1,1,1,0.513,8.38,0
39.09,7,686,31.43,0,35.24,1,0,16,0,0,1,1,0.154,24.94,0
19.36,1,211,12.85,0,4.38,0,0,11,0,1,1,0,0.352,0.0,0
28.05,12,690,15.58,1,94.98,0,0,54,0,1,1,0,0.102,4.41,0
244.62,21,1191,5.11,4,35.85,0,0,86,0,1,1,1,0.178,29.75,0
23.41,15,1999,3.84,3,6.99,1,0,114,0,1,1,0,0.035,39.35,0
20.94,15,223,18.46,2,55.42,0,0,5,0,1,1,1,0.061,18.18,0
15.68,5,229,16.7,2,101.17,0,0,12,0,1,1,1,0.175,8.13,0
63.07,21,1992,1.96,1,33.42,0,0,191,0,1,1,1,0.074,12.09,0
25.0,23,989,4.09,5,23.52,0,0,52,0,1,1,1,0.029,39.33,0
15.65,3,23,43.94,0,56.05,0,1,0,0,1,1,1,0.095,21.85,0
112.31,2,426,5.44,1,22.05,0,1,21,0,1,1,1,0.185,1.26,0
123.92,5,100,0.39,1,18.74,0,0,5,0,1,1,1,0.264,6.4,0
16.44,3,2559,0.99,1,24.98,0,1,200,0,1,1,1,0.192,12.61,0
4.63,17,75,22.41,0,35.17,1,0,2,0,1,0,0,0.241,2.45,0
82.07,5,410,21.23,0,31.42,0,0,26,0,1,1,1,0.5,7.63,0
15.11,4,547,7.21,1,34.06,1,0,17,0,1,1,0,0.198,18.26,0
66.06,8,1383,2.49,1,7.27,0,0,94,0,1,1,1,0.26,11.24,0
4.18,10,940,10.34,0,16.96,0,0,56,0,1,1,1,0.327,16.1,0
73.16,5,141,6.05,3,60.74,2,1,12,0,1,1,1,0.253,35.04,1
8.92,15,425,7.03,2,15.81,1,0,23,0,1,1,1,0.188,21.93,0
62.23,18,1535,4.54,2,7.42,0,0,62,0,1,1,1,0.191,5.19,0
30.39,10,665,0.97,1,134.2,0,0,40,0,1,1,1,0.314,2.68,0
11.54,20,583,23.49,1,126.43,0,1,36,0,1,1,0,0.245,22.33,0
19.94,14,703,14.44,0,78.69,0,0,17,0,1,1,1,0.112,11.79,0
59.52,23,195,26.99,2,25.91,0,0,12,0,1,1,0,0.076,11.38,0
33.31,8,653,10.49,2,41.26,0,0,48,0,1,1,0,0.116,11.76,0
53.75,23,133,62.98,1,13.71,1,0,12,0,1,1,1,0.372,32.09,1
216.25,18,279,49.26,2,19.22,0,0,9,0,1,1,1,0.201,3.69,1
6.27,18,1103,4.76,3,13.61,0,0,60,1,1,1,1,0.042,14.9,0
150.99,23,10,7.34,0,47.78,1,0,0,1,1,1,0,0.062,6.71,0
33.26,8,267,20.96,0,381.01,0,1,8,0,1,1,1,0.185,0.0,0
12.2,22,155,22.48,0,23.35,0,1,14,0,1,0,0,0.154,9.6,0
7.92,3,111,36.24,2,61.65,0,0,10,0,1,1,0,0.212,23.88,0
24.8,9,912,15.86,1,71.18,1,0,18,0,1,1,1,0.454,29.09,0
75.31,8,596,9.67,2,35.76,0,0,36,0,1,1,1,0.281,7.82,0
26.38,18,60,7.11,2,47.28,0,0,1,0,1,1,1,0.177,17.64,0
135.8,14,341,8.15,0,34.74,0,0,25,0,1,1,0,0.284,7.55,0
7.02,18,315,28.5,3,60.65,0,0,21,1,1,1,1,0.291,30.73,0
29.6,1,77,58.69,2,8.21,0,0,4,0,1,1,0,0.399,6.06,0
8.56,9,804,0.8,2,34.26,0,0,48,0,1,1,0,0.144,20.77,0
43.1,18,228,13.02,1,28.01,1,0,15,0,1,1,0,0.243,34.4,0
72.74,16,718,11.01,2,25.37,0,1,38,0,1,1,0,0.116,25.75,0
19.67,19,107,7.08,1,15.71,0,0,8,0,1,1,0,0.285,11.12,0
2.22,23,189,28.62,0,85.97,1,0,14,1,1,0,0,0.178,4.94,0
36.56,20,50,12.86,0,32.5,0,0,2,0,1,1,0,0.509,6.26,0
46.37,1,77,5.63,0,69.05,1,1,5,0,1,1,1,0.082,0.0,0
44.89,18,1074,8.81,1,32.96,0,1,48,0,1,1,1,0.102,24.38,0
103.11,16,58,6.62,0,67.75,0,0,3,0,1,1,1,0.184,0.0,0
10.27,17,50,8.43,1,45.25,0,0,1,0,1,1,1,0.368,7.96,0
59.16,16,1410,1.11,1,24.41,0,0,60,0,1,0,1,0.47,10.66,0
98.74,1,519,1.78,2,77.93,0,0,18,0,1,1,1,0.089,18.34,0
5.06,18,53,14.66,2,44.88,0,0,5,0,1,1,1,0.09,2.14,0
41.25,0,1783,17.28,3,25.12,0,0,120,0,1,1,1,0.215,18.14,0
18.1,10,80,15.18,2,6.99,0,0,5,0,1,1,0,0.079,12.22,0
27.62,9,727,21.6,2,45.51,1,1,50,0,1,1,1,0.179,41.1,0
42.42,4,18,43.11,4,137.7,0,1,0,0,1,1,1,0.189,37.88,0
18.41,15,490,29.56,1,53.23,0,0,37,0,1,1,1,0.169,0.76,0
15.25,23,396,8.13,0,35.12,0,0,32,0,1,1,1,0.054,0.0,0
31.01,4,117,3.68,3,14.99,0,0,5,0,1,1,0,0.14,28.71,0
10.1,23,515,5.61,3,7.19,0,0,33,0,1,1,0,0.311,24.81,0
10.12,22,480,13.29,1,58.33,0,0,9,0,1,1,0,0.143,17.51,0
59.11,11,801,29.09,5,36.47,0,0,27,0,1,1,0,0.398,42.97,0
9.5,3,1043,18.15,3,10.98,1,0,34,0,1,1,1,0.182,37.53,0
58.34,22,357,11.75,2,21.05,0,0,13,0,1,1,1,0.187,10.65,0
47.59,5,337,13.81,2,21.27,0,0,16,0,1,1,1,0.073,26.19,0
5.33,18,486,11.27,6,40.99,0,1,16,0,1,1,1,0.203,34.27,0
15.22,8,653,53.44,1,28.4,1,1,23,0,1,1,0,0.242,26.19,0
98.9,11,220,25.4,0,65.84,0,0,21,0,1,1,0,0.277,0.0,0
11.23,14,351,22.8,3,124.61,0,0,13,0,1,0,1,0.317,14.43,0
18.83,15,440,10.93,1,38.81,1,0,28,1,1,1,0,0.164,16.57,0
47.56,12,2227,6.05,2,5.09,1,0,156,0,1,1,1,0.24,12.54,0
65.59,20,443,0.3,2,50.97,0,0,18,0,1,1,1,0.156,11.79,0
23.3,23,127,0.67,1,48.85,0,0,2,0,1,1,1,0.197,1.99,0
16.49,6,443,0.46,3,53.46,0,0,24,0,1,1,0,0.377,22.96,0
124.26,22,856,59.04,2,90.44,0,0,84,0,1,1,1,0.315,26.97,0
170.53,19,974,1.82,0,70.9,0,0,39,0,1,1,0,0.17,7.59,0
79.75,3,805,2.3,0,36.8,1,0,13,0,1,0,0,0.104,10.6,0
32.63,10,1096,9.93,1,5.68,0,0,91,0,1,1,1,0.244,12.71,0
13.35,7,204,9.85,3,44.81,0,0,7,0,1,1,0,0.228,28.7,0
13.06,5,354,37.88,1,56.33,0,1,30,0,1,1,0,0.101,0.0,0
50.53,9,756,1.15,1,111.28,0,1,28,0,1,1,0,0.181,6.64,0
45.53,6,154,47.28,2,81.27,0,0,13,1,1,1,0,0.383,19.3,0
121.7,6,232,3.66,1,79.38,0,0,21,0,1,1,0,0.21,1.72,0
57.42,3,889,52.68,2,15.35,0,0,57,0,1,1,1,0.043,18.25,1
6.67,2,735,11.69,2,31.43,0,0,63,1,1,1,1,0.096,9.28,0
85.79,23,1774,15.83,1,5.68,0,0,157,0,1,1,0,0.213,28.08,0
11.04,6,2757,5.69,1,12.97,0,0,126,0,1,1,0,0.074,10.27,0
20.41,3,138,14.19,1,34.29,0,0,9,1,1,1,1,0.255,13.57,0
38.48,12,1154,18.61,0,20.98,1,0,77,1,1,1,1,0.308,2.41,0
220.45,19,50,0.16,2,23.14,0,1,2,1,1,1,1,0.079,11.85,0
671.77,16,619,0.52,1,91.45,0,0,49,0,1,1,1,0.082,0.0,1
54.97,6,124,64.55,1,3.2,0,0,6,0,1,1,0,0.061,0.0,0
24.95,16,179,9.18,4,57.67,1,0,6,1,1,0,1,0.417,47.16,0
51.14,3,1462,41.19,2,104.18,0,0,58,0,1,1,1,0.175,21.11,0
72.8,10,153,19.63,1,36.43,0,0,2,0,1,0,1,0.059,0.0,0
21.74,2,559,7.0,2,32.88,0,0,12,0,1,1,0,0.324,21.36,0
180.41,10,98,2.45,3,59.5,0,0,2,0,1,1,1,0.121,22.65,0
37.72,2,49,57.35,3,35.24,0,0,3,0,1,1,0,0.152,33.4,0
49.29,11,207,13.17,0,18.9,0,1,5,0,1,1,1,0.052,0.0,0
58.32,0,489,3.2,1,85.31,0,0,17,0,1,1,1,0.105,11.94,0
45.68,3,142,17.17,1,8.78,0,0,7,0,1,1,1,0.219,16.93,0
69.33,13,178,1.45,2,18.55,0,0,7,0,1,1,1,0.457,7.85,0
16.16,0,617,30.38,0,19.3,0,0,50,0,1,1,0,0.262,4.56,0
17.14,13,54,1.42,2,24.3,0,0,1,0,1,1,0,0.219,10.81,0
9.97,12,296,4.04,1,20.82,2,2,29,0,1,1,0,0.091,22.78,0
46.5,12,1421,1.44,2,7.18,0,0,121,0,1,1,0,0.154,4.84,0
65.3,23,253,1.64,1,55.29,1,0,14,0,1,1,0,0.387,16.68,0
47.36,14,285,11.13,0,53.0,0,0,7,0,1,1,0,0.141,9.55,0
159.89,16,670,17.42,4,19.55,1,1,16,0,1,1,0,0.141,41.96,1
29.8,11,755,23.3,0,47.6,0,0,22,0,1,1,0,0.164,0.0,0
58.48,21,734,17.81,0,85.59,0,0,23,0,1,1,0,0.083,4.36,0
10.06,22,3075,6.78,2,24.69,0,0,244,0,1,0,1,0.398,29.4,0
20.35,13,37,12.22,1,54.5,0,0,3,0,1,1,1,0.354,0.0,0
60.07,11,2016,39.4,3,23.05,0,1,160,1,1,0,1,0.319,24.36,0
70.04,17,1500,7.35,0,48.32,0,0,121,0,1,1,1,0.091,7.79,0
22.33,3,956,4.36,3,150.86,1,0,91,0,1,0,0,0.388,24.82,0
27.89,13,303,10.99,0,52.04,0,1,7,0,1,1,1,0.493,2.88,0
6.57,18,1024,5.29,2,21.69,0,0,25,0,1,0,1,0.173,15.34,0
20.97,12,125,4.55,0,28.1,0,0,11,0,1,1,1,0.102,2.15,0
72.99,22,784,22.63,3,17.48,0,0,49,1,1,1,1,0.225,23.74,0
53.26,17,102,33.22,1,28.04,0,0,3,0,1,0,0,0.178,7.82,0
49.44,10,845,10.47,1,16.82,1,0,28,0,1,1,0,0.373,15.2,0
31.49,5,477,22.7,1,25.75,0,0,32,1,1,1,1,0.118,5.09,0
30.18,8,52,3.11,1,6.1,0,0,3,0,1,1,0,0.21,13.16,0
15.48,11,1128,11.9,1,19.28,0,1,90,0,1,1,1,0.277,16.06,0
60.27,18,431,15.17,2,24.68,1,0,30,0,1,1,1,0.488,22.08,0
45.65,13,534,10.12,1,93.18,0,0,40,0,1,1,0,0.367,13.09,0
49.01,14,167,1.86,0,56.77,0,1,12,1,1,1,0,0.22,14.51,0
17.71,10,1026,19.87,1,27.72,0,0,21,0,1,1,0,0.077,13.44,0
3.48,5,394,27.4,2,10.21,0,0,29,0,1,1,0,0.286,27.03,0
89.76,13,273,15.13,4,25.78,0,1,8,0,1,1,0,0.052,24.9,0
18.56,2,382,2.78,1,20.67,0,0,22,0,1,1,1,0.327,0.0,0
12.64,18,608,1.16,1,15.78,0,0,22,0,1,1,1,0.33,5.5,0
59.95,19,594,5.38,1,50.58,1,0,43,0,1,1,1,0.312,8.6,0
20.25,10,221,0.57,2,17.13,0,0,9,0,1,1,1,0.151,20.85,0
86.48,23,243,27.42,0,22.4,0,0,22,0,1,1,1,0.34,7.19,0
55.53,16,413,18.21,1,8.89,0,0,8,0,1,1,1,0.229,20.82,0
59.36,16,1291,12.44,2,29.12,0,0,72,0,1,0,0,0.192,11.13,0
7.64,22,684,33.06,0,54.98,0,0,35,1,1,1,1,0.254,0.0,0
100.68,2,247,1.75,3,16.61,0,0,8,0,1,1,0,0.383,31.92,0
38.91,13,206,18.8,1,63.91,1,0,4,0,1,1,1,0.248,25.74,0
20.71,6,371,2.38,3,59.91,0,0,13,0,1,0,1,0.081,24.0,0
34.58,18,1020,0.94,0,20.55,1,0,28,0,1,1,0,0.364,15.68,0
5.07,2,4,2.14,1,76.33,1,0,0,0,1,1,0,0.03,6.45,0
45.09,1,620,45.22,2,67.49,0,0,54,0,1,1,0,0.125,0.0,0
10.7,16,174,8.71,0,44.95,0,0,13,0,1,1,0,0.053,0.0,0
7.75,8,117,0.75,3,149.51,0,0,3,0,1,1,0,0.235,23.74,0
6.54,21,6,13.14,0,60.08,0,0,0,0,1,1,0,0.125,0.0,0
91.17,5,1135,3.34,0,69.54,0,0,102,1,1,1,1,0.41,0.0,0
15.97,23,1217,0.1,0,26.46,0,0,45,0,1,0,1,0.224,6.24,0
138.9,20,32,21.31,3,13.66,0,0,0,0,1,1,1,0.222,14.79,0
17.53,8,369,2.52,0,15.96,1,0,27,0,1,1,0,0.191,3.49,0
5.43,4,83,42.84,3,26.98,0,0,5,0,1,1,0,0.346,25.51,0
9.81,1,711,13.48,1,54.61,1,0,34,0,1,0,0,0.255,23.5,0
103.11,21,547,1.37,1,23.81,0,0,11,0,1,1,1,0.491,6.43,0
25.64,14,176,3.69,4,57.05,0,0,4,0,1,1,0,0.126,42.83,0
17.32,8,62,14.16,2,6.44,0,0,4,0,1,1,1,0.089,0.0,0
35.16,18,890,6.19,0,12.94,0,0,64,0,1,1,0,0.245,4.27,0
49.49,9,561,11.39,3,17.42,1,0,19,0,1,1,0,0.282,37.45,0
91.6,3,3,24.11,3,13.75,1,0,0,1,1,1,1,0.083,35.87,0
127.55,9,494,23.6,0,46.0,0,1,44,0,1,1,0,0.103,0.0,0
20.91,7,831,17.96,1,24.75,0,0,30,0,1,1,0,0.099,15.37,0
7.96,21,447,32.58,1,14.86,0,0,40,0,1,1,1,0.274,0.0,0
19.82,12,276,3.34,2,45.3,0,0,11,0,1,1,0,0.301,30.02,0
38.87,6,438,2.93,0,103.55,0,0,38,0,1,1,0,0.05,0.0,0
11.43,6,483,24.09,2,47.6,0,1,31,0,1,1,1,0.247,6.55,0
11.51,3,511,5.8,2,17.24,0,0,40,1,1,1,1,0.101,13.68,0
42.26,14,1706,10.77,1,34.05,1,0,76,0,1,1,0,0.193,4.57,0
28.54,11,98,20.44,1,15.82,0,0,2,0,0,1,1,0.093,18.3,0
30.96,15,488,7.56,1,53.31,1,0,14,0,0,1,1,0.202,14.03,0
14.03,5,104,2.09,3,32.49,0,0,3,0,0,1,0,0.101,12.15,0
23.8,8,118,17.07,2,78.62,1,0,3,0,1,1,1,0.358,32.6,0
11.89,2,553,25.49,1,29.66,1,0,49,0,1,1,1,0.192,13.98,0
72.98,7,1238,0.19,3,32.68,0,0,71,0,1,1,1,0.044,18.84,0
84.37,6,87,12.4,0,8.39,0,0,3,0,1,1,0,0.024,10.12,0
4.73,3,1641,9.51,1,6.15,0,1,113,0,1,1,0,0.358,12.21,0
11.83,12,192,4.51,0,34.34,0,1,4,0,1,1,0,0.25,10.34,0
6.71,18,248,2.63,1,7.61,1,0,7,0,1,1,0,0.136,9.06,0
15.64,6,83,3.12,2,14.06,0,0,5,0,1,1,0,0.166,26.68,0
27.57,9,478,19.36,3,37.33,1,1,27,0,1,1,0,0.081,48.93,1
7.03,11,454,11.52,1,20.53,3,0,15,1,1,1,1,0.043,30.6,0
11.92,2,292,59.57,0,11.38,0,0,6,0,1,1,0,0.232,0.0,0
10.98,23,323,4.18,3,16.66,0,0,21,0,1,1,1,0.307,13.18,0
36.87,11,488,47.16,4,90.34,1,0,44,0,1,1,0,0.183,54.15,0
32.12,18,438,10.86,2,29.97,2,0,35,0,1,1,0,0.177,43.73,0
14.56,14,234,2.37,4,39.59,1,0,7,0,1,1,1,0.201,39.1,0
35.76,7,1078,2.41,0,29.5,0,0,80,0,1,1,1,0.034,7.38,0
17.35,11,551,14.07,1,89.86,0,1,19,0,0,1,0,0.281,4.86,0
22.84,19,115,26.71,3,36.27,1,1,9,0,1,1,1,0.399,34.74,1
159.72,5,193,20.66,2,43.84,0,0,15,0,1,1,0,0.268,24.48,0
114.49,9,775,15.99,2,7.04,1,1,27,0,1,0,1,0.254,30.85,0
8.17,1,55,2.83,1,24.9,0,0,1,0,1,1,0,0.305,0.0,0
68.7,23,694,1.72,2,23.19,0,0,41,0,1,1,0,0.237,4.43,0
67.45,12,222,0.0,1,11.09,0,0,15,0,0,1,1,0.192,0.0,0
9.5,6,401,1.61,2,8.8,0,0,15,0,1,1,0,0.18,4.02,0
67.95,7,165,21.81,4,21.34,2,0,8,0,1,1,0,0.145,46.29,1
139.48,22,2151,33.84,3,235.4,0,1,118,0,1,0,0,0.069,34.89,0
9.75,15,1181,4.12,2,11.98,0,0,91,0,1,1,0,0.023,26.61,0
11.97,10,1319,23.76,0,32.66,0,0,43,0,1,1,1,0.086,16.08,0
82.9,3,102,3.33,2,24.72,0,1,2,0,1,1,1,0.024,9.95,0
39.31,16,922,4.3,2,43.67,0,0,36,1,1,1,1,0.154,15.23,0
52.01,15,383,3.81,3,125.6,1,0,22,0,1,1,1,0.182,29.47,0
42.12,18,615,0.8,1,5.21,0,0,17,0,1,1,0,0.111,10.47,0
44.29,22,123,3.24,1,12.86,0,1,4,0,1,1,1,0.09,8.94,0
7.95,10,622,7.02,2,92.97,0,0,36,0,1,1,0,0.121,17.39,0
85.4,6,1228,7.8,1,36.73,0,0,94,0,1,1,1,0.33,5.1,0
96.5,12,156,5.55,3,18.49,1,0,2,1,1,1,1,0.103,29.47,0
23.82,18,133,10.85,0,19.83,0,0,8,0,1,1,1,0.238,0.0,0
28.69,16,55,7.12,3,7.31,0,0,2,0,1,1,1,0.22,27.82,0
6.48,21,155,52.78,3,35.84,0,0,9,0,1,1,0,0.123,34.81,0
50.11,12,384,24.7,0,29.35,0,0,26,0,1,1,1,0.248,0.55,0
53.09,11,894,40.1,0,27.58,1,0,17,1,1,1,0,0.162,30.39,0
28.16,6,163,12.23,0,17.83,1,0,10,0,1,1,0,0.276,7.64,0
92.24,0,485,17.01,1,32.58,0,1,46,0,1,1,1,0.193,10.29,0
21.45,0,327,2.73,0,13.0,0,0,16,1,1,0,0,0.225,0.0,0
52.7,19,170,20.96,1,16.55,0,0,15,1,1,1,0,0.252,2.85,0
10.81,22,357,4.04,2,36.26,0,1,34,0,1,1,1,0.138,20.88,0
29.27,13,92,2.36,1,19.58,0,0,6,0,1,1,1,0.109,10.37,0
25.17,14,510,0.64,3,28.6,0,0,30,0,1,1,1,0.141,27.28,0
37.54,10,61,9.59,2,19.62,1,2,4,0,1,1,0,0.439,22.33,1
20.71,23,656,5.07,1,39.61,0,0,54,0,1,0,1,0.254,1.15,0
26.27,8,98,64.83,2,17.92,0,1,6,0,1,1,1,0.234,26.88,0
68.45,16,3149,4.31,1,34.6,0,0,52,0,1,1,0,0.071,23.03,0
19.36,3,868,30.21,0,50.38,0,0,61,0,1,1,1,0.662,6.8,0
6.01,19,211,5.71,1,26.05,0,0,19,0,1,1,1,0.386,1.6,0
172.36,18,278,20.74,1,22.97,0,0,6,0,1,0,1,0.063,10.29,0
119.28,6,150,16.18,1,19.2,1,1,6,0,1,0,0,0.218,29.57,1
8.23,0,729,12.38,3,23.24,0,0,64,0,1,1,1,0.142,28.4,0
59.72,8,240,8.09,1,89.09,1,0,16,0,1,1,1,0.278,33.23,0
18.12,12,704,16.68,1,64.94,0,1,18,0,1,1,1,0.294,10.37,0
39.0,23,9,7.85,1,41.3,0,0,0,0,1,1,1,0.428,13.74,0
40.21,1,73,11.91,3,18.32,0,0,4,0,1,1,1,0.323,27.55,0
23.7,1,227,13.37,2,78.54,0,1,5,0,0,1,1,0.147,16.83,0
13.68,23,58,4.67,2,116.27,0,1,1,0,1,1,0,0.156,26.38,0
15.02,14,460,6.23,0,6.55,0,0,30,0,1,1,1,0.181,23.17,0
11.99,16,26,0.27,1,25.34,0,0,1,0,1,1,0,0.221,16.47,0
13.04,12,982,28.67,2,31.12,0,0,35,0,1,1,0,0.106,23.78,0
28.02,6,716,21.16,1,19.0,0,1,49,0,1,1,0,0.103,0.0,0
14.65,8,122,3.04,3,8.02,0,0,3,0,1,1,0,0.237,18.66,0
59.27,11,331,6.74,2,14.01,0,1,8,0,1,1,0,0.039,6.08,0
132.59,2,301,8.2,1,82.06,0,0,5,0,1,1,0,0.126,8.26,0
16.78,22,645,6.11,1,12.74,1,0,45,0,1,0,1,0.262,24.27,0
38.07,21,257,24.01,0,16.33,0,0,24,0,1,1,1,0.152,0.0,0
49.39,14,17,19.39,0,30.55,0,0,0,1,1,1,0,0.155,0.0,0
48.04,6,160,21.86,4,26.86,0,0,8,1,1,0,1,0.093,44.11,0
32.33,22,314,35.17,0,17.73,1,0,9,0,1,1,1,0.113,20.56,0
62.97,0,1834,13.56,2,50.17,0,1,129,0,1,1,0,0.152,11.31,0
48.53,13,1065,14.3,1,49.21,0,0,57,0,1,0,0,0.076,7.59,0
8.69,18,100,19.2,4,13.43,0,0,6,0,1,1,0,0.037,32.06,0
71.46,15,642,17.15,0,9.51,0,0,55,0,1,0,1,0.2,2.54,0
72.77,9,1381,30.58,2,38.59,0,0,88,0,1,1,1,0.157,19.6,0
13.97,0,4,22.06,2,25.54,0,0,0,0,1,1,1,0.183,8.3,0
31.12,4,638,1.93,1,39.21,0,0,18,0,1,1,0,0.196,3.33,0
59.34,2,307,39.54,0,26.06,0,0,16,1,1,1,1,0.125,9.16,0
24.31,16,570,17.24,0,17.87,0,0,39,0,1,1,1,0.102,0.0,0
87.62,17,465,2.04,2,23.15,0,1,35,1,1,1,1,0.226,13.8,0
318.58,20,2089,22.17,1,79.41,1,1,49,0,1,1,0,0.212,17.44,0
13.65,18,170,6.66,0,15.66,0,0,12,0,1,1,1,0.115,0.0,0
7.53,21,771,24.6,0,22.95,0,1,25,0,1,0,1,0.259,0.0,0
40.6,21,134,46.65,3,9.15,1,0,9,0,1,1,1,0.109,30.37,0
61.66,17,286,4.42,0,8.11,1,0,11,0,1,1,0,0.086,21.14,0
23.79,15,1852,29.22,1,10.09,0,0,122,0,1,1,0,0.347,14.62,0
128.16,1,727,22.28,4,6.41,1,0,21,0,1,0,1,0.225,46.19,1
7.86,14,190,16.68,0,10.39,0,0,18,0,1,1,0,0.058,0.0,0
59.91,12,483,7.29,0,38.89,0,0,36,0,1,1,1,0.347,0.0,0
16.35,12,25,1.75,2,46.72,0,1,0,0,1,1,0,0.093,15.01,0
167.23,15,155,9.92,0,10.04,0,1,13,1,1,1,1,0.444,4.49,0
219.76,7,634,1.68,0,10.08,0,0,61,0,1,1,1,0.108,5.23,0
13.92,10,422,10.4,1,24.56,0,0,26,0,1,1,1,0.544,15.52,0
17.3,7,317,25.75,2,169.55,0,0,14,0,1,1,1,0.476,11.11,0
70.78,21,587,90.72,3,15.53,0,0,19,0,1,1,1,0.108,27.02,0
20.35,9,254,3.31,4,21.32,1,0,17,0,1,1,1,0.183,42.29,0
28.63,22,13,3.5,0,75.47,0,1,0,0,1,1,1,0.118,8.1,0
30.73,0,291,24.98,0,68.01,0,0,26,0,1,1,1,0.215,0.07,0
4.39,11,1162,9.5,0,49.02,0,0,45,0,1,1,0,0.037,5.39,0
29.55,8,971,37.12,0,60.63,1,1,24,0,1,1,1,0.096,14.5,0
15.03,4,263,21.98,0,72.99,0,1,26,0,1,0,1,0.096,0.0,0
18.3,8,11,20.0,3,17.83,0,0,0,0,1,1,0,0.255,20.83,0
126.93,15,506,1.61,0,40.61,2,0,36,0,1,1,1,0.179,30.2,0
8.53,17,676,0.55,2,19.72,0,0,26,0,1,1,0,0.178,16.9,0
67.57,7,174,5.71,0,13.99,1,0,6,0,1,1,1,0.169,10.7,0
22.67,22,324,3.68,0,41.96,0,0,17,1,1,1,1,0.113,7.84,0
22.65,10,2405,18.69,2,22.66,0,0,209,0,1,0,0,0.08,15.47,0
66.05,19,429,8.99,2,24.38,0,1,27,0,1,1,1,0.184,19.3,0
42.1,18,216,11.11,1,69.15,1,0,13,0,1,1,1,0.14,23.66,0
53.02,3,494,25.21,3,36.45,1,0,24,0,1,1,0,0.252,24.67,0
78.9,19,99,9.77,4,24.01,0,0,3,0,1,1,0,0.136,21.39,0
21.51,9,111,11.81,1,24.99,0,0,8,0,1,1,0,0.322,13.86,0
16.24,23,1295,27.71,1,9.08,0,1,23,0,1,1,1,0.252,5.59,0
10.12,12,137,8.47,1,46.91,1,0,12,0,1,1,0,0.245,11.32,0
13.13,19,186,1.3,3,24.47,0,0,15,0,1,1,0,0.437,37.17,0
571.97,13,392,11.06,2,22.55,1,0,16,0,1,1,1,0.193,31.69,1
104.03,20,1150,12.99,3,98.18,0,0,99,0,1,1,1,0.521,23.34,0
7.76,1,760,10.76,0,51.43,1,0,34,0,0,1,0,0.284,0.0,0
7.98,3,22,4.48,4,32.08,0,0,0,0,1,1,1,0.358,33.57,0
48.51,6,591,3.8,0,37.1,1,0,24,0,1,1,0,0.096,15.99,0
51.79,18,351,6.92,1,66.65,0,0,17,0,1,0,1,0.321,0.0,0
51.88,16,323,2.73,0,22.89,1,0,27,0,1,1,1,0.077,12.94,0
23.22,15,588,16.45,2,48.75,0,0,22,1,1,1,0,0.113,16.09,0
26.43,12,109,14.31,5,11.63,0,0,7,0,1,1,1,0.136,48.31,0
41.59,23,1995,15.01,0,32.9,0,0,60,0,1,1,1,0.151,6.29,0
32.65,23,518,3.82,1,7.33,0,0,51,0,1,1,1,0.074,9.92,0
3.26,21,228,4.25,0,30.74,0,0,8,0,1,0,1,0.029,3.93,0
23.81,22,458,23.22,1,74.05,2,0,39,1,1,1,1,0.096,24.7,0
12.79,17,122,17.57,1,17.99,0,0,4,0,1,1,0,0.092,11.7,0
35.7,20,502,31.21,1,28.42,0,0,27,0,1,1,0,0.174,0.0,0
593.04,11,14,7.75,1,15.57,0,0,0,0,1,1,1,0.193,5.15,1
43.27,22,209,11.89,1,32.56,1,0,16,0,1,1,1,0.384,19.76,0
21.9,0,688,20.14,0,11.15,1,0,49,0,1,0,0,0.336,6.54,0
75.32,14,825,54.83,2,11.03,0,1,21,0,1,1,1,0.048,20.26,0
48.55,2,146,68.54,0,39.56,0,0,12,1,1,1,0,0.09,0.0,0
45.61,5,388,106.51,3,12.61,0,0,35,0,1,1,1,0.099,24.63,0
54.97,13,376,33.18,0,90.98,0,0,8,0,1,1,0,0.515,2.67,0
234.29,22,274,15.31,0,87.79,0,0,6,1,1,1,0,0.243,0.0,0
9.67,5,130,0.1,3,12.45,0,1,2,0,1,1,1,0.13,27.32,0
48.12,0,607,18.04,1,167.25,0,0,23,0,1,1,0,0.296,17.12,0
11.87,19,145,4.09,1,26.1,0,0,13,0,1,1,0,0.2,14.96,0
52.22,5,1210,0.88,2,27.41,0,0,39,1,1,1,1,0.244,1.14,0
11.96,7,376,17.92,2,53.03,0,0,36,1,1,1,1,0.318,11.16,0
19.74,14,1022,21.16,1,81.47,2,1,42,0,1,1,0,0.073,27.38,0
22.31,13,172,16.16,3,80.4,1,0,13,0,1,1,0,0.053,36.18,0
79.5,15,823,6.82,1,139.03,0,0,54,0,1,1,1,0.275,12.53,0
75.07,19,60,10.73,0,38.28,0,0,2,0,1,1,1,0.079,4.27,0
8.62,22,728,40.99,2,37.9,0,1,64,0,1,1,1,0.108,22.32,0
31.66,15,245,19.62,1,39.01,2,1,4,0,1,1,0,0.226,31.63,0
14.74,18,317,10.54,2,30.93,0,0,5,0,1,0,0,0.321,30.55,0
8.51,23,91,13.5,1,8.97,0,0,4,0,1,1,0,0.44,6.34,0
24.12,0,9,39.4,0,5.28,0,0,0,0,1,1,1,0.236,13.96,0
22.01,3,549,7.51,3,12.19,0,0,39,1,1,1,1,0.352,20.63,0
339.24,23,443,1.61,1,53.3,0,0,8,0,1,1,1,0.184,16.18,0
46.2,9,487,5.91,2,23.18,0,1,35,1,1,1,1,0.142,9.17,0
7.56,19,147,8.05,0,11.65,0,0,9,0,1,1,1,0.172,10.74,0
17.03,17,137,4.78,1,70.55,0,1,6,0,1,0,0,0.067,15.88,0
83.21,1,887,11.29,5,16.88,0,0,49,0,1,0,1,0.277,40.29,0
241.88,3,716,5.45,0,4.38,1,0,15,0,1,1,0,0.427,22.61,0
6.14,14,205,1.63,3,10.23,1,0,11,0,1,0,1,0.131,29.51,0
4.57,3,508,3.13,2,17.33,0,0,31,0,1,1,1,0.367,15.82,0
194.6,15,881,37.54,1,14.36,0,0,61,0,1,1,0,0.359,9.8,0
44.24,14,1098,14.9,2,24.59,0,0,19,0,1,1,1,0.114,12.7,0
12.57,17,3,5.66,0,33.58,0,0,0,0,1,1,1,0.269,0.0,0
51.14,6,840,6.86,0,34.24,0,0,35,0,0,1,0,0.274,0.0,0
2.15,14,216,10.2,1,24.39,0,0,10,0,1,1,0,0.037,0.0,0
30.07,21,634,16.77,0,58.38,0,1,50,0,1,1,0,0.083,0.0,0
41.59,10,232,13.09,1,65.12,0,2,22,0,1,1,0,0.048,1.57,0
75.51,18,466,40.48,2,41.57,1,0,28,0,1,1,1,0.235,29.28,0
10.87,7,520,14.74,2,62.08,0,0,13,0,1,1,1,0.18,29.44,0
32.64,23,260,36.25,4,8.59,0,0,18,0,1,1,1,0.299,41.25,0
11.88,0,360,0.08,0,5.37,0,1,35,0,1,1,1,0.127,1.91,0
38.68,2,648,33.19,1,12.28,0,1,10,0,1,0,1,0.349,1.99,0
12.24,4,323,19.17,0,35.63,0,0,6,0,1,1,0,0.159,0.0,0
19.92,17,7,2.83,1,59.81,0,1,0,0,0,1,1,0.228,1.06,0
11.07,11,6,4.58,0,11.64,0,0,0,0,1,1,1,0.196,2.57,0
57.46,11,541,11.74,0,36.75,0,1,23,0,1,1,1,0.308,4.8,0
70.7,20,939,2.0,1,59.53,0,0,32,0,1,1,1,0.12,0.0,0
23.7,18,769,23.08,1,19.05,1,0,51,0,1,0,1,0.231,17.57,0
31.13,8,186,23.49,0,17.8,0,0,6,0,1,0,0,0.107,0.0,0
7.04,10,319,5.37,2,49.46,0,0,13,0,1,1,0,0.1,17.4,0
22.21,16,133,1.09,0,14.4,0,0,12,0,1,1,0,0.118,8.1,0
28.5,15,2262,67.44,2,14.56,1,0,160,0,1,1,1,0.059,18.42,0
411.91,3,151,4.33,2,21.18,0,0,12,0,1,1,0,0.437,5.75,1
9.86,9,269,1.05,1,22.83,0,0,16,0,0,1,0,0.058,0.0,0
129.56,21,571,6.01,1,19.73,0,0,14,0,1,1,0,0.261,5.47,0
81.2,14,1044,52.11,1,2.68,0,1,55,0,1,1,0,0.071,6.02,0
39.67,18,26,23.62,1,29.79,0,0,0,0,1,1,1,0.085,4.72,0
173.92,2,179,9.82,1,89.62,0,0,6,0,1,1,0,0.189,2.96,0
43.47,20,421,5.46,0,23.12,0,0,36,0,1,1,1,0.131,10.54,0
44.22,22,482,8.26,0,12.02,1,0,43,0,1,1,0,0.15,5.78,0
28.41,4,36,0.26,2,48.11,1,0,1,0,1,1,0,0.07,23.4,0
101.86,10,545,19.01,3,19.92,0,0,29,0,1,1,0,0.064,21.82,0
89.7,23,375,1.57,1,15.61,1,1,36,0,1,0,1,0.1,12.01,0
16.03,4,879,10.98,0,58.7,0,1,59,0,1,1,1,0.085,4.71,0
8.01,6,126,12.52,0,18.37,0,0,10,0,1,1,0,0.007,2.41,0
24.46,5,108,0.03,2,32.97,0,1,6,0,1,1,1,0.048,4.3,0
13.46,12,788,58.59,1,63.98,2,0,45,0,1,1,1,0.133,32.74,0
28.12,1,608,5.4,3,29.95,0,1,46,0,1,1,0,0.174,14.64,0
103.28,18,784,1.21,2,19.54,0,0,33,0,1,1,1,0.234,13.16,0
18.97,10,761,28.9,3,39.56,0,0,53,0,1,0,1,0.069,29.23,0
28.71,19,55,2.47,1,4.1,0,0,3,1,1,1,1,0.147,16.85,0
31.75,4,163,0.38,4,50.26,0,1,12,0,1,1,1,0.082,26.57,0
70.0,8,151,10.24,2,14.61,0,0,4,0,1,1,1,0.256,6.98,0
3.17,5,1364,2.09,0,29.62,0,0,99,0,1,1,1,0.445,0.0,0
16.33,16,334,60.62,3,28.1,0,0,23,0,0,1,0,0.167,23.82,0
37.01,18,59,0.16,2,35.58,0,0,5,0,1,1,0,0.199,5.69,0
99.49,22,171,0.79,1,34.99,0,0,8,0,1,1,0,0.098,8.42,0
18.32,7,1027,26.87,1,13.7,1,0,90,0,1,1,1,0.212,24.51,0
4.59,6,939,4.11,2,17.23,0,0,18,0,1,1,1,0.125,24.65,0
55.69,4,1153,36.39,0,14.37,0,1,46,0,1,1,0,0.166,10.18,0
15.87,14,246,5.59,1,19.75,0,0,6,0,1,1,1,0.143,16.24,0
9.12,9,513,1.09,1,7.25,1,0,19,0,1,0,0,0.156,19.14,0
16.05,23,163,0.16,1,3.18,1,0,7,0,1,1,0,0.101,11.16,0
24.92,15,100,4.98,1,38.99,0,0,6,0,1,1,0,0.124,12.5,0
16.37,8,11,9.63,1,89.24,0,1,0,0,1,1,0,0.177,13.66,0
3.3,6,126,0.02,1,11.21,0,0,4,0,1,1,1,0.226,19.21,0
73.48,10,464,13.05,0,46.89,0,0,35,0,1,1,0,0.073,0.0,0
107.22,8,1173,6.09,1,9.22,2,0,86,0,1,1,0,0.16,32.57,0
57.48,16,72,7.42,2,26.33,0,0,4,0,1,1,0,0.28,14.27,0
9.61,8,1251,4.55,0,43.63,1,0,94,0,1,1,0,0.35,15.92,0
24.5,2,212,11.29,3,111.49,0,1,16,0,1,1,0,0.245,18.61,0
29.77,21,278,3.92,0,29.06,0,0,9,0,1,1,1,0.081,0.0,0
54.53,7,227,2.17,1,10.68,0,1,13,0,1,1,1,0.018,3.09,0
58.46,18,263,33.2,1,27.64,0,0,20,0,1,1,1,0.208,20.46,0
14.38,19,150,7.43,0,31.66,0,0,10,0,1,1,1,0.26,7.95,0
32.52,15,600,1.2,0,191.8,0,0,33,0,1,1,1,0.365,3.72,0
47.34,6,710,3.93,3,165.93,0,1,37,0,0,1,1,0.143,23.51,0
128.49,6,866,5.56,1,47.7,0,0,32,0,1,1,1,0.27,1.55,0
60.61,19,209,22.02,1,17.0,0,0,10,0,1,1,0,0.327,6.22,0
65.96,12,723,0.34,2,30.79,0,0,51,0,1,1,0,0.358,4.9,0
32.58,2,508,9.76,3,10.53,0,0,25,0,1,0,0,0.137,28.29,0
122.79,11,1584,7.86,4,13.65,0,0,102,0,1,1,0,0.128,33.53,0
45.14,23,277,51.82,2,67.99,0,0,26,0,1,1,1,0.096,10.6,0
12.67,7,2434,2.98,1,54.76,0,0,50,0,1,1,1,0.069,22.25,0
121.92,12,674,14.83,4,42.05,0,0,53,1,1,1,1,0.409,34.07,0
60.21,19,749,3.39,4,18.33,2,0,57,1,1,1,0,0.131,52.54,0
19.24,15,13,11.93,1,6.84,1,0,0,0,1,1,1,0.083,15.1,0
18.55,6,344,12.15,1,24.85,1,0,9,0,1,1,1,0.21,12.8,0
40.31,3,376,1.18,0,11.65,1,1,17,0,1,0,1,0.128,4.94,0
47.62,11,21,9.14,2,13.26,2,0,0,0,1,1,0,0.18,25.74,0
36.5,16,187,9.27,2,44.57,0,0,14,0,1,1,0,0.136,20.91,0
40.91,0,1558,5.77,2,184.56,0,0,91,0,1,0,1,0.183,9.51,0
164.01,16,278,4.87,1,24.96,0,1,12,0,1,1,1,0.024,10.39,0
87.49,1,103,3.81,2,31.84,0,0,7,0,1,1,1,0.192,14.82,0
36.26,5,360,0.09,1,11.83,0,0,13,0,1,1,0,0.149,14.9,0
76.81,11,17,0.03,2,13.86,2,0,1,0,1,1,1,0.077,38.39,0
10.67,10,363,13.37,2,24.76,0,1,35,0,1,1,0,0.302,28.52,0
44.61,20,451,5.17,0,3.53,0,0,15,0,1,1,1,0.152,0.0,0
182.97,10,221,2.76,1,11.83,0,0,5,0,1,1,1,0.041,10.42,0
24.09,17,719,17.32,1,42.88,0,0,67,0,1,1,1,0.064,3.79,0
12.84,7,73,11.29,1,104.36,0,0,3,0,1,1,0,0.289,1.54,0
15.61,6,1053,36.97,4,37.81,0,2,75,0,1,1,0,0.068,41.06,0
10.08,13,1556,26.67,0,15.29,0,0,71,1,1,1,0,0.137,12.09,0
13.67,15,1,19.46,2,10.01,0,1,0,0,1,1,1,0.176,14.27,0
20.69,11,925,2.03,4,22.25,0,0,53,0,1,1,0,0.104,22.78,0
7.35,8,353,16.45,0,23.34,0,0,15,0,1,1,1,0.326,0.0,0
30.44,19,309,17.76,1,14.31,0,0,26,0,1,1,1,0.107,0.0,0
73.87,22,136,21.62,2,50.91,0,0,5,0,1,1,1,0.08,22.45,0
12.09,20,296,4.58,3,9.37,0,0,22,0,1,1,0,0.142,36.8,0
136.9,15,1502,15.34,2,15.52,0,0,66,0,1,1,1,0.242,12.74,0
49.94,20,118,14.45,1,20.24,0,1,6,0,1,0,1,0.616,10.51,0
83.98,18,99,7.3,3,156.72,0,0,6,0,1,1,0,0.104,24.17,0
15.52,15,138,16.34,0,55.71,0,0,9,0,0,1,1,0.207,8.87,0
70.42,8,401,1.36,3,38.95,1,0,22,0,1,1,0,0.46,30.81,0
10.05,12,1332,15.47,1,50.66,0,0,38,0,1,1,1,0.323,1.39,0
72.98,4,427,13.97,2,32.53,0,0,33,0,1,0,0,0.237,26.28,0
35.58,21,140,3.55,1,33.57,0,0,12,0,1,1,0,0.291,0.0,0
52.1,18,290,25.57,2,22.96,1,1,26,0,1,1,0,0.223,35.41,0
9.25,9,247,31.12,1,71.58,0,0,6,0,1,0,0,0.328,7.29,0
12.24,6,24,3.55,1,30.51,0,0,1,0,1,0,1,0.099,0.0,0
54.45,8,357,1.19,2,18.68,0,0,12,0,1,0,0,0.207,22.79,0
11.61,13,67,13.88,2,58.75,0,1,1,0,1,1,1,0.011,0.0,0
47.62,14,923,9.81,2,23.11,0,0,20,0,1,1,1,0.17,7.55,0
7.64,12,398,8.37,2,26.44,0,0,6,0,1,1,1,0.381,21.32,0
69.98,9,931,21.47,0,23.02,0,0,87,0,1,1,0,0.074,2.1,0
8.74,13,1562,52.43,3,97.55,0,0,104,0,1,1,0,0.511,16.81,0
52.05,20,1434,9.74,0,24.65,0,0,95,0,1,1,1,0.144,0.0,0
56.02,22,53,0.09,1,32.83,0,0,4,0,1,1,0,0.266,0.0,0
14.93,11,1449,13.61,0,3.32,0,0,128,1,1,1,0,0.079,15.51,0
53.63,18,794,15.92,2,24.71,0,0,13,0,1,1,0,0.37,21.73,0
38.88,5,752,26.41,1,31.22,0,1,59,1,1,1,0,0.174,8.73,0
17.48,11,47,3.34,2,86.17,0,0,2,0,1,1,1,0.095,14.41,0
10.93,23,99,11.15,4,45.82,0,0,4,0,1,1,1,0.288,29.99,0
4.21,12,1848,8.89,0,25.86,0,2,145,0,1,1,1,0.259,15.05,0
42.51,7,120,16.38,2,23.23,1,1,6,0,1,1,1,0.321,23.67,0
6.27,15,93,0.99,2,4.09,0,0,9,0,1,1,1,0.052,18.84,0
32.96,1,225,32.31,1,16.14,0,0,19,0,1,1,0,0.196,13.53,0
23.02,21,1223,10.74,2,28.87,0,0,39,0,1,0,1,0.05,16.62,0
59.09,6,323,31.44,1,5.17,0,0,19,0,1,0,1,0.094,1.4,0
22.15,11,1267,6.24,0,35.43,0,0,95,0,1,1,0,0.081,3.05,0
21.55,6,203,15.9,2,76.39,0,0,9,0,1,1,1,0.166,17.27,0
62.29,18,128,47.1,5,80.13,0,1,3,0,1,1,1,0.186,25.3,0
41.89,13,342,43.07,2,14.88,0,0,18,0,1,1,0,0.312,3.06,0
41.11,8,478,43.26,3,95.37,0,0,12,0,0,1,1,0.263,20.95,0
47.91,17,248,0.66,1,24.17,0,0,9,0,1,1,1,0.161,12.57,0
6.45,10,212,7.74,1,12.84,1,0,16,0,1,1,1,0.36,5.11,0
63.87,15,123,0.94,2,19.35,1,0,6,0,1,0,1,0.236,32.4,0
55.28,18,161,5.55,2,28.14,0,0,8,0,1,1,0,0.157,15.79,0
10.84,10,559,2.88,1,4.6,0,0,38,0,1,1,1,0.146,0.0,0
23.47,17,231,14.52,2,62.46,0,0,11,0,1,1,1,0.069,16.57,0
28.81,10,42,22.76,3,5.86,0,0,2,0,1,1,1,0.1,32.15,0
26.19,3,74,10.8,2,22.93,0,0,5,0,1,1,0,0.4,14.53,0
41.84,17,233,23.81,1,62.19,1,0,14,0,1,1,1,0.067,10.8,0
125.38,18,1292,0.19,1,26.65,0,0,111,0,1,1,0,0.301,17.51,0
88.39,12,238,25.76,1,40.98,0,0,17,0,1,1,1,0.112,3.55,0
8.07,3,31,2.95,1,75.55,0,0,1,0,1,1,1,0.321,1.75,0
55.82,9,271,9.27,0,52.31,0,0,25,0,1,1,0,0.147,5.69,0
113.17,21,553,8.77,0,33.46,0,0,28,0,1,1,0,0.054,3.57,0
44.12,4,450,30.97,1,248.09,0,1,43,0,1,1,0,0.328,11.48,0
89.21,2,163,50.71,0,8.65,0,0,14,0,1,1,1,0.141,0.0,0
224.14,15,583,4.42,0,37.6,1,0,24,1,1,0,1,0.184,0.0,0
83.41,7,498,1.05,3,43.05,0,0,9,0,1,1,0,0.055,39.74,0
38.45,23,94,15.77,0,6.52,0,1,3,1,1,1,0,0.046,0.0,0
85.21,6,88,10.48,1,16.61,1,1,4,0,1,1,0,0.14,13.29,0
34.64,18,396,12.51,1,11.73,0,0,36,0,1,1,0,0.025,4.71,0
30.69,13,539,0.71,1,28.2,0,0,18,0,1,1,1,0.232,6.01,0
21.09,14,1634,22.4,1,19.9,0,1,157,0,1,1,1,0.135,5.88,0
143.08,16,274,3.97,1,130.32,2,0,26,0,1,1,1,0.047,35.1,0
13.22,20,724,6.12,1,65.9,1,0,40,0,1,1,1,0.277,25.07,0
138.71,0,62,3.89,0,34.59,0,0,1,0,1,0,0,0.244,4.32,0
49.4,5,1102,43.77,2,26.17,0,0,88,0,1,1,1,0.11,22.06,0
7.39,22,501,2.77,5,4.54,1,0,22,0,1,1,1,0.267,33.5,0
43.28,14,496,19.77,1,6.83,1,0,21,0,0,1,0,0.223,14.03,0
3.67,11,77,4.23,0,38.45,0,0,1,1,1,1,1,0.233,0.0,0
56.01,20,20,8.3,0,31.96,0,1,1,0,1,1,0,0.307,11.83,0
72.62,19,604,83.06,3,6.6,0,1,55,0,1,1,0,0.032,34.76,0
16.57,1,62,1.59,2,44.46,0,0,2,0,1,1,0,0.227,35.68,0
33.9,4,68,31.97,1,19.44,1,0,1,0,1,1,1,0.454,25.25,0
211.49,8,104,43.8,1,11.16,0,1,5,0,1,1,1,0.315,13.88,0
18.07,19,51,17.97,2,32.73,1,0,1,0,1,1,0,0.372,27.02,0
10.39,13,491,0.15,0,42.74,0,0,28,0,1,0,1,0.341,0.0,0
131.85,17,274,25.79,3,15.83,0,0,22,0,1,1,0,0.426,47.83,1
213.28,21,155,32.09,1,45.09,0,0,7,1,1,0,1,0.089,13.46,1
30.08,7,291,59.4,1,14.68,0,0,18,1,1,0,1,0.214,3.02,0
82.39,1,929,27.42,3,17.69,1,0,57,0,1,1,1,0.112,28.02,0
114.6,8,1309,8.85,2,3.68,0,0,65,0,1,1,0,0.276,21.68,0
14.26,6,334,17.5,2,35.49,1,0,32,0,1,1,0,0.045,27.11,0
18.44,17,418,9.96,0,7.23,0,0,18,0,1,1,1,0.135,0.0,0
102.6,15,149,6.53,0,12.28,0,0,2,0,1,1,1,0.27,0.0,0
161.58,20,360,14.77,1,17.99,0,0,31,0,1,0,0,0.292,4.39,0
52.61,4,689,22.03,1,65.4,1,1,64,0,1,0,1,0.17,9.12,0
12.43,22,339,15.15,1,17.36,0,1,19,0,1,1,0,0.213,13.91,0
218.56,14,180,26.28,1,69.17,0,0,4,1,1,1,0,0.179,0.0,0
17.62,4,436,2.91,2,8.1,1,2,10,0,1,1,0,0.23,24.31,0
21.43,10,1465,7.02,0,40.05,0,0,93,0,1,1,1,0.047,0.0,0
42.2,21,1095,5.62,1,53.47,0,0,29,0,1,1,1,0.179,18.7,0
141.76,13,733,3.24,1,25.38,0,0,24,0,1,1,1,0.042,0.0,0
70.38,18,162,8.78,1,63.87,0,2,13,0,1,1,0,0.258,10.3,0
45.37,2,138,44.31,1,20.75,0,0,4,0,0,1,0,0.444,1.5,0
47.62,23,912,11.58,1,28.66,0,0,44,0,0,1,0,0.056,6.84,0
31.3,9,100,5.06,1,2.99,0,0,4,0,1,1,0,0.165,0.0,0
52.36,5,465,6.56,5,18.1,0,0,24,0,1,1,0,0.057,50.84,0
2.39,2,289,14.24,1,10.98,0,1,14,0,1,1,1,0.167,1.6,0
22.27,1,316,6.53,2,57.16,0,0,19,0,1,1,0,0.366,32.84,0
38.14,12,303,11.59,4,52.51,0,0,18,1,1,1,0,0.248,28.74,0
9.48,17,1151,4.81,0,69.63,1,0,40,1,1,1,0,0.324,3.65,0
44.09,1,46,6.37,4,4.14,1,2,1,0,1,1,1,0.163,44.73,0
24.42,14,764,18.35,2,31.4,0,0,24,0,1,0,1,0.11,11.94,0
173.38,4,901,13.18,1,35.39,1,1,30,0,1,1,1,0.15,35.0,0
144.46,14,1431,1.47,2,6.03,0,0,121,0,1,1,1,0.125,16.6,0
18.81,20,301,54.28,1,8.48,0,0,28,1,1,1,0,0.382,12.68,0
25.77,16,347,0.76,2,151.64,0,0,27,1,0,1,1,0.059,33.23,0
27.83,1,1626,1.3,0,49.58,0,0,32,0,1,1,0,0.442,0.0,0
19.07,17,307,18.13,2,20.39,0,0,20,0,1,1,1,0.402,16.49,0
36.42,14,350,18.47,2,65.3,0,0,28,0,1,1,1,0.194,6.99,0
14.04,19,202,0.29,2,10.29,0,0,12,0,1,1,1,0.368,20.2,0
9.67,22,16,15.44,3,33.48,0,0,0,0,1,1,1,0.227,23.89,0
55.85,2,284,0.51,0,48.49,0,0,16,0,1,1,0,0.24,5.09,0
56.23,4,532,48.57,1,8.73,0,0,37,0,1,1,0,0.246,17.23,0
13.41,10,586,17.87,2,12.82,0,1,37,0,1,1,1,0.275,27.77,0
73.36,8,3,3.1,3,26.4,0,0,0,0,1,1,1,0.146,12.23,0
15.93,4,807,2.58,2,69.52,0,0,31,0,1,1,1,0.025,14.68,0
38.6,0,339,12.65,1,101.26,0,0,25,0,1,1,1,0.102,9.75,0
68.06,13,368,15.06,0,97.28,1,0,16,0,1,1,0,0.062,16.2,0
28.97,4,1632,26.69,4,49.74,0,0,124,0,1,1,1,0.359,36.82,0
47.22,7,167,35.05,3,28.43,0,0,9,1,1,1,0,0.52,27.41,0
17.88,20,717,7.48,1,262.42,0,1,58,0,1,1,0,0.107,0.0,0
24.62,13,428,27.88,3,32.99,0,0,25,0,1,1,0,0.091,20.29,0
24.39,15,603,11.73,1,43.32,0,1,24,0,1,1,0,0.25,0.0,0
14.2,5,270,9.54,2,70.19,1,0,26,0,1,1,0,0.182,13.42,0
25.11,7,164,18.01,2,13.03,0,0,6,0,1,0,0,0.168,6.63,0
6.37,1,395,1.63,3,61.43,0,0,19,0,1,0,1,0.323,15.64,0
18.34,18,235,4.63,0,13.67,1,0,19,0,1,1,1,0.082,21.23,0
22.54,8,126,25.45,1,58.99,1,0,7,0,1,1,1,0.18,15.44,0
23.19,4,914,10.52,1,63.99,0,0,67,0,1,1,0,0.178,6.42,0
23.54,4,323,35.8,1,45.86,0,0,18,0,1,1,1,0.154,2.49,0
28.17,18,940,1.39,0,32.61,0,0,63,0,0,1,0,0.185,12.97,0
48.4,3,321,5.64,0,88.11,0,0,19,0,1,0,0,0.279,8.21,0
71.85,15,407,6.59,3,8.27,0,0,40,0,1,1,0,0.112,24.43,0
15.65,15,2678,8.24,0,18.17,1,0,90,0,1,1,0,0.238,7.76,0
9.0,15,1513,64.94,0,13.67,0,0,137,0,1,1,1,0.331,0.0,0
10.57,6,159,5.58,1,23.62,0,0,8,0,1,1,1,0.491,0.0,0
18.41,17,1015,10.97,1,24.26,0,0,19,1,1,1,0,0.441,10.3,0
21.07,23,247,11.52,5,23.54,0,0,24,0,1,1,0,0.077,32.21,0
13.87,20,37,22.1,0,206.27,0,0,3,0,1,1,1,0.411,0.0,0
8.2,0,429,10.94,0,17.93,2,0,9,0,1,1,1,0.024,13.55,0
18.99,2,1887,13.96,2,24.29,0,0,91,0,1,1,0,0.094,4.71,0
35.92,20,1831,21.0,2,127.71,0,0,162,0,1,1,1,0.378,25.5,0
54.33,7,68,1.6,0,54.4,0,0,4,1,1,1,1,0.054,0.0,0
17.16,0,738,49.65,0,37.22,0,1,69,0,1,1,0,0.16,0.29,0
19.83,6,812,28.09,0,88.58,0,0,53,0,0,1,0,0.327,0.0,0
11.86,6,230,7.38,1,12.29,0,2,19,0,0,1,1,0.174,3.76,0
29.04,7,537,19.55,3,71.85,1,0,29,0,1,1,0,0.067,36.87,0
12.83,18,335,21.55,2,84.08,0,0,8,0,1,1,1,0.24,20.5,0
53.15,16,129,28.48,0,97.71,0,1,4,1,1,1,1,0.143,5.47,0
5.02,10,716,3.13,1,43.52,1,0,20,0,1,1,1,0.01,23.99,0
20.91,14,152,18.25,0,19.63,0,0,12,0,1,1,1,0.398,0.0,0
40.49,8,208,0.51,1,70.41,0,0,19,0,1,1,0,0.269,10.71,0
36.01,16,105,1.84,1,10.09,0,0,3,0,1,1,0,0.428,21.29,0
442.76,10,635,22.45,3,49.83,1,0,27,1,1,1,0,0.016,35.23,1
42.51,5,307,25.15,0,40.07,0,1,24,0,1,1,0,0.235,0.0,0
10.98,8,293,13.46,1,35.27,1,1,15,1,1,1,1,0.338,19.39,0
27.24,17,464,13.07,2,25.95,0,1,39,0,0,1,1,0.187,11.08,0
5.07,19,86,20.77,1,98.19,0,1,3,0,1,1,0,0.23,10.89,0
27.64,1,1142,35.48,1,43.12,0,0,69,0,1,1,0,0.11,14.36,0
13.03,3,313,8.2,1,56.67,0,0,26,0,1,0,0,0.079,26.13,0
74.84,17,228,1.83,0,29.62,0,0,10,0,1,1,1,0.406,6.6,0
17.3,0,68,27.4,2,69.39,1,0,4,0,1,1,0,0.096,23.25,0
26.66,10,92,6.27,1,20.77,0,0,6,0,1,1,1,0.282,2.28,0
15.87,2,1265,2.15,1,10.85,0,0,58,0,1,1,1,0.132,11.24,0
170.52,7,305,14.3,2,18.2,0,0,23,0,1,1,1,0.297,34.55,0
21.73,4,640,12.94,0,16.83,0,0,38,0,1,1,1,0.212,0.0,0
187.27,19,42,9.64,1,4.43,0,0,2,0,1,1,1,0.208,1.46,0
67.64,20,516,29.47,0,27.46,1,0,25,0,1,0,1,0.391,20.7,0
48.52,21,1272,4.77,0,9.2,0,1,30,1,1,1,1,0.174,0.0,0
43.33,21,178,0.2,1,21.72,0,1,13,0,1,1,1,0.156,2.93,0
44.42,4,433,5.86,0,28.11,2,0,19,0,1,1,1,0.234,13.35,0
4.36,10,1409,0.15,1,15.95,0,0,94,0,1,1,0,0.444,16.75,0
22.67,11,635,11.77,2,30.9,0,0,58,0,1,1,1,0.225,30.95,0
69.77,21,32,7.13,4,23.58,0,0,2,0,1,1,0,0.052,38.5,0
28.53,8,238,25.23,1,12.12,0,0,16,0,1,1,0,0.258,12.75,0
7.35,20,45,23.96,2,15.3,0,2,1,0,1,1,0,0.155,29.1,0
28.43,12,988,8.55,1,46.46,0,1,58,0,1,1,1,0.233,7.17,0
164.7,21,486,3.66,2,39.27,0,0,23,1,1,1,1,0.099,14.11,0
104.26,19,1566,8.23,1,198.82,0,1,103,0,1,1,1,0.224,0.0,0
28.16,2,10,15.38,2,15.46,1,0,0,0,1,1,0,0.302,18.22,0
77.59,12,275,3.16,1,22.84,1,0,21,0,1,1,0,0.307,9.51,0
20.77,21,55,22.25,1,15.31,2,0,1,0,1,1,1,0.183,18.89,0
5.45,10,216,6.02,1,11.67,0,0,10,0,0,1,1,0.036,1.42,0
11.89,10,88,40.36,0,15.12,0,0,4,0,1,1,0,0.161,0.0,0
143.01,20,199,10.76,1,13.62,0,0,6,1,1,0,0,0.056,5.08,0
22.78,19,855,28.17,5,31.22,1,0,48,0,1,1,1,0.277,45.68,1
23.49,20,88,14.35,5,16.49,0,0,3,0,1,1,0,0.042,34.81,0
22.2,6,321,12.13,3,18.22,0,0,14,0,1,1,1,0.287,23.78,0
201.17,16,1273,17.19,2,16.4,0,0,81,0,1,1,1,0.399,20.62,0
152.32,15,3354,25.03,0,16.19,0,0,292,0,1,1,0,0.156,1.34,0
275.55,13,144,15.51,3,22.8,0,0,7,0,1,1,0,0.227,41.09,1
25.56,0,1371,23.94,2,174.06,1,0,84,0,1,1,1,0.224,30.32,0
40.27,10,151,3.17,4,37.83,0,0,12,0,1,1,1,0.036,33.31,0
6.58,12,267,4.88,1,45.25,1,0,14,0,1,0,0,0.111,12.53,0
131.23,0,1052,3.92,1,5.68,0,0,51,0,1,1,1,0.059,9.53,0
9.32,1,771,24.01,0,26.86,1,0,55,0,1,1,1,0.251,12.73,0
37.22,8,974,1.35,4,15.26,0,0,38,0,1,1,1,0.273,32.62,0
10.0,12,805,23.83,0,35.47,1,0,15,0,1,1,0,0.447,10.16,0
16.63,4,134,7.39,3,56.87,0,0,3,0,1,1,1,0.551,37.54,0
12.97,8,409,1.24,2,28.8,1,0,16,0,1,1,0,0.33,30.99,0
16.32,12,243,8.29,0,24.09,0,0,20,0,1,1,0,0.192,3.12,0
17.48,4,308,5.36,3,25.19,0,0,10,0,1,1,0,0.228,31.76,0
17.32,14,84,13.45,4,21.58,0,0,5,1,1,1,1,0.078,38.43,0
68.95,6,190,9.59,0,5.04,1,0,8,0,1,1,0,0.147,1.02,0
9.93,13,975,5.28,2,22.26,0,0,21,0,1,1,1,0.053,10.39,0
37.36,15,1139,29.74,1,11.99,0,0,97,0,1,0,0,0.233,2.17,0
101.29,5,471,7.83,0,4.12,0,0,44,0,1,0,1,0.159,0.0,0
17.94,1,345,9.54,2,32.08,0,0,10,1,1,1,0,0.047,6.06,0
14.62,15,624,28.12,0,7.43,0,0,36,0,1,1,1,0.497,0.0,0
23.79,18,469,1.4,1,29.34,0,0,19,0,1,1,1,0.122,17.35,0
97.49,4,2058,7.41,0,15.05,0,0,128,0,1,1,0,0.15,8.05,0
36.38,3,105,7.73,1,9.44,0,0,7,0,1,1,1,0.322,14.1,0
17.62,13,298,10.27,0,48.46,0,0,29,0,0,1,1,0.33,0.0,0
48.61,5,1252,1.68,2,42.98,0,0,57,0,1,1,1,0.187,3.22,0
9.95,7,1231,1.62,0,40.54,0,0,46,0,1,1,1,0.148,1.17,0
59.23,23,342,8.08,1,18.35,0,0,24,0,0,1,1,0.442,20.87,0
45.09,2,72,0.5,2,11.57,0,0,6,0,1,1,0,0.223,7.77,0
22.03,3,844,4.42,3,16.77,0,0,16,1,1,1,1,0.084,26.49,0
12.95,0,440,3.37,0,23.74,0,0,8,0,1,1,0,0.266,0.0,0
12.35,1,742,10.08,3,8.95,0,0,48,0,1,1,1,0.072,14.5,0
51.15,12,310,0.17,0,37.16,0,1,8,1,0,1,1,0.033,0.0,0
102.41,8,114,16.89,1,89.22,1,1,7,0,1,1,1,0.154,17.15,0
15.84,11,12,29.03,1,20.2,0,1,0,0,1,1,1,0.158,6.71,0
47.39,9,410,18.4,1,26.53,0,0,34,0,1,1,1,0.078,2.19,0
3.72,9,88,25.56,2,120.97,0,1,7,0,1,0,1,0.187,13.47,0
16.7,17,104,15.46,3,46.72,0,0,8,0,1,1,1,0.126,21.47,0
29.05,11,287,10.62,0,33.71,0,0,27,0,1,1,0,0.08,0.0,0
12.07,21,292,3.71,0,17.0,0,0,19,0,1,1,0,0.393,9.26,0
11.75,15,160,4.92,2,61.34,0,0,4,0,1,1,0,0.15,8.88,0
15.37,22,71,5.73,1,28.56,0,0,6,0,1,1,0,0.462,8.81,0
40.13,5,1450,0.58,2,33.44,1,0,144,0,1,1,0,0.413,26.77,0
24.85,23,71,36.64,0,3.29,0,0,1,0,1,1,1,0.045,0.0,0
3.2,23,216,34.58,2,62.53,0,0,14,0,1,1,0,0.386,9.61,0
3.59,20,182,1.71,2,30.51,1,0,8,0,1,1,0,0.239,20.68,0
16.33,23,1006,12.2,2,16.19,0,1,42,0,1,1,1,0.014,19.43,0
47.36,9,264,9.46,1,54.74,0,1,21,0,1,1,1,0.038,7.68,0
1.92,14,66,17.25,1,37.0,0,0,2,0,1,1,1,0.124,31.74,1
18.18,8,5,13.86,2,57.89,0,0,0,0,1,1,1,0.33,15.33,0
17.7,23,640,1.99,3,15.16,0,0,23,0,1,1,0,0.293,19.92,0
120.1,1,627,16.19,1,17.68,0,0,38,0,1,1,0,0.041,17.49,0
20.39,17,270,14.08,0,19.08,0,0,10,0,1,1,1,0.239,0.0,0
43.95,11,68,11.36,1,13.71,0,0,3,0,1,1,1,0.098,7.3,0
34.51,2,232,7.72,2,21.66,0,0,14,0,1,1,1,0.222,8.56,0
3.56,6,446,46.49,1,49.61,0,0,33,0,0,1,1,0.284,4.83,0
64.6,8,609,28.4,0,14.65,0,0,13,0,1,1,0,0.415,3.75,0
37.17,7,41,13.2,1,34.98,0,0,2,0,1,1,1,0.226,8.24,0
49.81,5,406,0.1,1,5.08,1,0,30,0,1,1,1,0.047,15.35,0
1519.65,0,162,8.49,1,37.88,0,1,7,0,1,1,0,0.266,11.49,1
3.73,13,480,18.08,0,37.97,1,0,38,0,1,1,1,0.075,10.71,0
168.12,15,522,1.87,4,18.47,0,0,23,0,1,0,0,0.135,49.22,0
22.48,15,1207,7.83,0,17.14,0,0,96,1,1,0,0,0.114,5.57,0
39.94,3,264,3.19,0,57.24,0,0,25,0,1,1,0,0.058,17.23,0
28.63,5,386,6.19,1,11.01,1,0,22,0,0,1,0,0.311,20.43,0
19.6,14,156,0.41,1,100.25,1,1,8,0,1,0,0,0.136,14.43,0
16.95,21,169,2.03,0,25.25,0,0,9,0,1,1,0,0.015,0.0,0
41.66,7,24,9.1,1,17.3,1,1,2,0,1,1,1,0.228,25.38,0
6.57,0,168,34.27,1,6.85,0,0,5,0,1,1,1,0.053,22.01,0
63.47,12,33,10.12,0,45.58,0,0,2,0,1,1,1,0.175,0.0,0
19.76,17,1661,9.05,3,28.93,0,0,123,0,1,1,0,0.318,25.24,0
9.68,17,489,23.24,2,44.73,0,0,33,0,1,1,1,0.107,23.37,0
19.11,12,95,4.68,4,82.19,0,0,7,0,1,1,0,0.145,22.48,0
105.34,21,62,1.5,1,14.78,1,1,2,0,0,1,0,0.196,11.16,0
17.54,13,231,3.53,5,19.31,0,0,21,0,1,1,1,0.359,44.71,0
42.88,10,184,23.5,2,12.29,1,0,16,0,1,1,0,0.37,29.16,0
14.43,6,164,16.95,2,14.95,0,0,5,0,1,1,0,0.03,19.69,0
63.94,17,316,1.44,1,62.83,0,0,18,0,1,0,1,0.044,0.0,0
59.47,20,1220,16.5,1,51.62,0,0,52,0,1,1,1,0.23,10.91,0
190.3,21,420,40.23,2,29.71,0,0,34,0,1,0,0,0.294,22.16,1
25.14,3,368,0.69,1,42.35,0,0,33,0,1,0,1,0.207,19.57,0
58.48,16,821,14.37,0,113.51,0,0,50,0,1,1,1,0.153,4.96,0
33.05,18,2,7.15,1,19.9,0,0,0,0,1,1,0,0.392,19.08,0
109.49,13,110,10.43,0,52.98,0,0,7,1,0,1,1,0.361,0.0,0
14.6,9,343,11.27,2,44.88,1,0,9,0,1,1,0,0.23,34.99,0
63.12,5,611,22.11,1,14.64,2,0,36,0,1,1,0,0.263,31.31,1
24.66,17,332,12.21,2,24.78,0,0,26,0,1,1,0,0.093,9.25,0
28.1,3,89,13.49,2,16.05,0,0,3,0,1,1,1,0.225,19.02,0
32.84,10,1330,6.07,1,90.84,0,0,65,0,1,1,1,0.318,0.0,0
38.56,12,199,2.02,1,10.92,0,0,14,0,1,1,0,0.315,4.8,0
26.68,7,776,17.22,1,5.1,0,0,74,0,1,1,1,0.246,9.96,0
37.14,9,1110,0.01,3,7.73,0,0,25,0,1,1,1,0.03,43.21,0
145.2,22,213,5.98,0,17.35,0,0,6,0,1,1,0,0.218,0.72,0
80.27,10,933,3.69,1,33.82,0,0,25,0,0,1,0,0.164,0.0,0
71.46,2,620,7.38,0,8.27,0,0,21,0,1,1,1,0.218,0.0,0
19.0,14,1173,5.59,2,33.05,0,0,25,0,1,1,1,0.026,5.69,0
12.31,7,145,18.27,0,36.24,0,1,6,0,1,1,1,0.032,10.48,0
77.89,19,1339,4.52,1,20.01,1,0,53,0,1,1,1,0.095,4.3,0
71.96,17,34,12.34,1,23.66,0,0,1,0,1,1,0,0.191,13.93,0
130.67,20,789,9.13,2,40.68,0,0,30,1,1,1,0,0.166,22.76,0
16.38,0,286,24.22,1,33.82,0,0,20,0,1,1,1,0.033,8.31,0
23.82,23,98,8.38,1,30.05,1,0,7,0,1,1,1,0.398,29.06,0
5.82,7,41,29.91,1,5.57,0,1,3,0,1,1,0,0.172,7.94,0
20.24,2,247,0.0,1,16.68,1,0,8,0,1,1,0,0.474,33.36,0
81.17,0,247,13.93,3,10.79,0,0,6,0,1,1,1,0.013,38.07,0
18.79,19,131,0.15,1,44.19,0,0,2,0,1,1,0,0.017,1.47,0
56.85,15,121,18.77,0,18.62,0,1,6,0,1,1,0,0.275,0.0,0
24.77,8,255,4.02,1,86.61,1,0,17,0,1,1,1,0.044,23.27,0
41.43,16,264,7.17,1,70.93,1,0,9,0,1,1,1,0.388,41.95,0
9.51,15,292,7.18,2,79.41,1,0,21,0,1,1,1,0.353,33.82,0
32.63,22,1015,28.1,1,20.13,0,0,32,0,1,1,0,0.107,15.16,0
1.51,5,472,1.62,3,16.24,1,0,16,0,1,1,1,0.119,44.83,0
24.86,22,10,16.49,0,20.35,0,0,0,0,1,1,0,0.208,0.0,0
5.87,6,366,59.65,3,57.82,0,0,35,0,1,1,1,0.134,15.37,0
100.08,23,719,0.34,3,69.36,0,0,66,0,1,1,1,0.441,30.81,0
65.2,15,29,50.67,2,21.98,0,0,0,0,1,1,1,0.13,18.7,0
47.78,7,275,0.28,1,67.15,0,0,27,0,1,1,1,0.041,2.68,0
137.14,9,300,27.6,0,22.44,1,0,14,0,1,1,0,0.081,13.53,0
11.6,13,1540,48.76,1,31.77,0,1,96,0,0,1,1,0.114,0.0,0
171.98,10,323,74.49,1,18.97,0,0,14,0,1,1,0,0.019,11.62,1
76.11,1,693,9.22,4,134.53,0,1,59,0,1,0,0,0.244,23.15,0
23.65,11,180,30.26,2,121.15,0,0,13,0,1,0,1,0.156,6.04,0
93.28,19,755,1.96,0,50.97,1,1,67,0,1,1,0,0.178,10.29,0
9.91,19,195,8.31,3,22.35,0,1,6,0,1,1,1,0.137,26.78,0
13.14,12,281,5.52,0,6.88,1,0,19,0,1,0,1,0.144,8.18,0
16.3,14,326,7.54,2,28.56,1,0,19,0,1,1,0,0.204,33.03,0
17.66,11,1304,18.16,5,43.08,0,0,85,0,1,1,1,0.049,32.85,0
10.42,12,27,1.37,0,8.73,0,0,1,0,1,1,1,0.257,0.0,0
101.81,7,110,94.5,1,110.0,0,0,1,0,1,1,0,0.386,0.0,1
23.13,15,612,15.12,0,84.06,0,0,46,0,1,1,0,0.118,0.0,0
42.63,2,431,31.01,0,13.13,0,0,32,0,1,1,1,0.291,0.08,0
16.94,12,145,26.55,1,30.46,0,0,12,0,1,1,1,0.081,3.29,0
4.85,11,171,21.79,0,32.45,1,0,16,0,1,1,1,0.261,3.52,0
39.25,18,229,0.6,3,26.25,1,1,7,0,1,1,0,0.449,42.22,0
4.43,1,299,10.9,0,33.36,1,0,6,0,1,1,0,0.176,11.4,0
27.98,0,852,5.97,2,16.39,1,0,69,1,1,1,0,0.013,25.54,0
7.63,7,7,1.8,0,24.62,0,0,0,0,1,1,1,0.246,0.14,0
218.61,8,1141,6.3,1,30.79,0,0,35,0,1,1,1,0.084,9.68,0
74.54,7,266,15.53,2,16.49,0,0,6,0,1,1,0,0.134,3.18,0
33.31,20,131,3.93,1,48.53,0,0,11,0,1,1,1,0.318,21.77,0
106.03,16,355,8.82,2,27.6,3,0,34,0,1,1,0,0.147,44.27,0
12.85,8,539,7.78,2,18.23,0,0,27,0,1,1,1,0.111,8.19,0
51.6,5,23,0.81,0,13.15,1,0,2,1,1,1,0,0.316,29.59,1
36.59,14,629,14.84,1,44.85,0,0,50,0,1,1,1,0.108,31.92,0
39.02,22,715,14.47,0,29.22,0,0,29,0,1,1,0,0.155,0.0,0
106.95,23,91,50.9,2,14.84,0,1,2,0,1,1,0,0.169,24.52,0
62.33,12,92,5.31,3,21.08,0,0,3,0,1,0,0,0.033,13.49,0
39.99,20,114,8.14,0,20.48,0,0,6,0,1,1,0,0.128,0.0,0
5.73,21,796,7.75,2,53.31,0,0,39,0,1,1,1,0.099,20.07,0
11.47,11,159,37.84,0,92.48,0,0,15,0,1,1,1,0.217,0.62,0
26.5,12,795,7.88,1,24.12,0,0,40,0,1,1,1,0.227,11.43,0
32.9,6,389,8.77,3,36.46,0,0,9,0,1,1,1,0.055,25.49,0
9.68,22,729,4.36,0,44.8,0,0,19,0,1,1,0,0.207,0.0,0
334.18,17,403,0.02,2,10.79,0,0,37,0,1,1,0,0.281,8.73,0
136.51,13,205,1.76,1,28.24,2,0,12,0,1,1,0,0.099,47.05,0
54.71,10,1208,18.26,3,38.86,0,0,115,0,1,1,1,0.241,20.77,0
32.2,13,628,17.21,2,41.11,0,0,60,0,1,1,1,0.051,10.66,0
24.23,16,331,5.84,0,22.0,0,0,32,0,1,1,1,0.105,0.0,0
11.57,23,507,9.61,1,9.58,0,0,47,0,0,1,0,0.163,6.36,0
32.38,20,478,5.29,1,40.44,2,0,43,0,1,1,1,0.083,32.26,0
38.77,1,222,19.69,1,32.83,1,0,15,0,1,1,1,0.154,6.2,0
8.66,18,276,27.72,1,52.74,1,0,26,0,1,1,1,0.252,20.62,0
41.85,15,192,34.41,3,5.09,0,0,15,0,1,1,1,0.129,0.0,0
25.66,21,3650,2.87,0,27.84,0,0,268,1,1,1,0,0.438,7.88,0
4.45,9,434,17.81,2,20.88,0,0,39,0,1,1,0,0.097,8.56,0
12.67,21,48,49.45,2,18.35,0,0,4,0,1,1,1,0.11,18.27,0
19.81,7,366,15.77,1,10.18,0,0,17,0,1,1,1,0.013,7.05,0
197.89,20,26,6.48,0,12.39,0,0,1,0,1,1,1,0.021,8.55,0
52.28,4,170,15.16,1,30.28,0,0,4,0,1,1,1,0.234,0.0,0
7.88,6,295,17.49,0,15.01,0,0,28,1,1,1,0,0.045,0.4,0
48.72,12,382,7.59,4,12.45,0,0,9,0,1,1,1,0.24,36.08,0
6.38,15,1869,1.65,3,25.81,0,0,151,0,1,1,1,0.1,26.66,0
88.47,4,2015,14.0,3,14.1,0,0,98,1,1,1,1,0.377,20.35,0
18.71,15,52,24.3,1,25.63,0,0,2,0,1,1,1,0.124,8.19,0
27.29,14,386,90.34,0,24.93,0,1,10,0,1,1,0,0.455,0.0,0
112.82,8,849,3.79,0,31.52,0,1,22,0,1,1,1,0.115,4.4,0
8.27,21,136,18.08,3,12.8,0,0,6,0,1,1,1,0.148,21.02,0
7.41,22,694,0.43,4,53.42,0,0,52,1,1,1,0,0.533,39.5,0
16.72,11,1054,52.51,0,49.45,0,0,41,1,1,1,0,0.203,0.0,0
84.64,7,543,0.19,0,26.17,0,0,40,0,1,1,1,0.293,0.0,0
6.56,12,199,6.67,2,35.16,0,0,19,0,0,1,1,0.028,20.58,0
1.76,4,1283,1.19,1,38.34,0,0,66,0,0,1,1,0.281,12.98,0
19.08,13,1075,14.55,2,42.35,1,0,101,0,1,1,0,0.288,27.14,0
52.03,15,629,6.22,2,40.45,0,0,14,0,1,1,0,0.159,28.08,0
99.51,10,226,19.8,1,39.13,0,0,9,0,1,1,1,0.143,12.34,0
18.86,19,785,9.99,2,33.93,0,0,52,0,1,1,1,0.115,13.08,0
19.86,11,190,8.16,1,36.6,0,0,6,0,1,1,0,0.163,4.19,0
95.0,14,146,6.43,0,4.86,0,0,6,0,1,1,1,0.182,2.12,0
4.62,23,362,1.35,1,10.93,0,0,19,0,1,1,1,0.228,11.24,0
20.32,11,2928,3.44,0,42.1,0,1,213,0,1,1,1,0.21,2.41,0
36.25,8,816,15.29,2,11.54,0,0,28,0,1,1,0,0.073,12.78,0
46.96,0,654,10.3,0,27.31,0,0,30,0,1,1,1,0.088,0.19,0
18.0,2,301,1.09,0,14.09,0,0,28,0,1,0,0,0.125,0.0,0
31.01,11,187,11.78,3,32.51,1,0,7,0,1,1,0,0.079,30.73,0
2.49,19,969,0.83,2,2.11,0,0,75,0,1,1,0,0.133,21.0,0
15.51,12,419,10.75,0,33.89,0,0,37,0,1,1,1,0.082,0.0,0
47.16,22,839,50.27,2,24.02,1,1,60,0,1,1,0,0.482,24.95,0
11.22,5,334,5.51,1,12.48,0,0,27,0,1,1,0,0.094,10.61,0
31.78,9,701,19.28,1,55.54,1,0,69,0,1,1,0,0.384,27.78,0
46.85,9,1011,20.53,1,104.21,1,0,44,0,1,1,0,0.046,11.11,0
21.27,15,248,7.78,3,4.87,0,0,9,0,1,1,0,0.079,35.86,0
35.53,0,7,13.49,0,15.9,1,0,0,0,1,1,1,0.29,7.28,0
11.44,15,147,9.58,0,8.04,1,0,10,0,1,1,1,0.087,17.46,0
24.37,3,1232,5.0,1,6.58,0,0,31,0,1,1,1,0.377,18.7,0
55.16,5,582,21.08,1,29.25,0,1,12,1,1,1,0,0.063,0.0,0
35.06,18,668,18.2,1,11.45,0,0,18,1,1,1,1,0.24,10.03,0
16.67,1,197,34.62,1,11.44,0,0,6,0,1,1,0,0.276,10.9,0
37.5,17,604,14.44,3,14.72,0,0,12,0,1,1,1,0.098,30.71,0
61.23,9,520,7.38,1,25.54,0,0,34,0,1,1,1,0.059,5.54,0
3.86,3,98,18.78,0,65.76,0,0,6,0,1,1,0,0.258,0.0,0
95.5,0,1732,14.48,1,35.05,0,1,98,0,1,1,1,0.116,0.63,0
21.41,14,218,14.38,2,34.37,0,0,6,0,1,0,1,0.22,17.22,0
45.86,9,200,28.44,1,13.81,0,0,19,0,1,1,1,0.206,17.52,0
99.21,17,230,36.2,0,54.75,1,1,17,1,0,1,1,0.11,3.29,0
7.6,15,48,2.98,1,63.65,1,0,1,0,1,1,0,0.228,12.56,0
14.74,12,490,5.65,1,54.53,0,0,31,0,1,1,1,0.21,7.14,0
22.45,14,136,15.76,1,14.73,1,0,2,0,1,1,0,0.059,29.33,0
13.68,1,813,12.22,2,51.14,0,0,40,0,1,1,0,0.309,21.89,0
169.85,19,251,15.85,1,71.49,0,2,21,0,1,1,0,0.048,10.0,0
12.72,3,307,8.51,2,52.36,0,0,18,0,1,1,1,0.213,10.41,0
17.19,0,520,7.98,3,23.45,0,0,12,0,1,0,1,0.42,33.3,0
36.76,6,717,1.88,0,13.83,0,0,62,0,1,1,1,0.141,0.0,0
9.01,22,131,14.66,1,31.44,0,1,2,0,1,1,1,0.288,17.9,0
20.17,10,1695,2.9,1,18.0,0,1,97,0,1,1,0,0.082,21.33,0
41.16,9,487,16.68,1,2.52,0,0,28,0,1,1,1,0.02,0.0,0
21.48,0,3,51.2,2,16.11,1,1,0,0,1,1,1,0.064,23.51,0
27.29,10,269,4.44,1,33.35,1,0,26,0,1,0,1,0.03,17.74,0
17.65,23,287,2.3,1,38.38,0,1,14,0,1,1,1,0.22,5.07,0
6.59,9,828,0.37,1,92.61,0,0,58,0,1,1,0,0.286,0.0,0
41.33,13,182,7.14,1,80.74,0,1,10,0,1,1,0,0.236,2.63,0
173.28,13,201,3.62,4,39.58,0,0,4,0,1,1,1,0.21,35.85,0
30.52,6,37,10.15,0,14.14,0,0,3,0,1,1,1,0.144,2.07,0
37.53,22,167,11.14,4,29.51,0,0,10,1,1,0,1,0.161,25.13,0
59.9,10,631,6.45,3,19.2,0,0,42,0,1,1,1,0.19,6.08,0
8.42,21,504,20.79,1,4.87,0,0,22,0,1,1,1,0.36,9.14,0
164.43,3,42,35.28,2,229.07,0,0,3,0,1,1,0,0.27,28.92,1
36.68,23,61,3.56,2,11.16,0,0,4,0,1,1,1,0.501,22.77,0
153.22,1,237,27.15,1,6.14,0,0,11,0,1,1,1,0.245,12.89,0
14.4,6,681,2.11,0,6.01,0,0,39,0,1,1,0,0.105,8.12,0
184.58,18,895,3.9,0,22.83,0,0,37,0,0,1,0,0.226,0.0,0
65.05,13,7,12.36,0,60.2,0,0,0,0,1,1,1,0.426,6.76,0
52.09,18,200,5.49,0,15.29,0,0,16,0,1,1,1,0.031,7.88,0
37.86,6,276,0.64,1,41.34,0,0,12,0,1,1,0,0.34,23.34,0
23.37,11,1210,5.24,5,35.97,0,1,102,0,1,1,0,0.226,40.79,0
99.54,2,348,35.29,2,20.98,0,0,32,1,1,1,1,0.622,15.89,0
34.48,14,157,2.87,1,11.78,1,0,7,0,0,1,0,0.268,23.54,0
4.19,4,247,21.64,3,53.29,0,1,8,0,1,1,1,0.272,31.52,0
9.8,7,287,19.22,3,30.72,0,0,27,0,1,0,1,0.086,29.48,0
24.88,13,554,1.68,1,27.04,0,0,11,1,1,0,0,0.091,6.65,0
40.85,3,21,5.99,2,73.34,1,0,1,0,1,1,0,0.233,19.21,0
28.32,6,247,3.15,1,34.36,0,0,20,0,1,1,0,0.053,4.1,0
101.39,6,520,0.35,2,14.61,0,0,10,1,1,1,1,0.048,25.4,0
4.26,17,167,2.85,1,61.39,0,0,11,0,1,1,0,0.469,16.24,0
34.59,13,448,3.38,2,79.3,0,0,38,0,1,1,1,0.342,5.43,0
4.86,7,221,2.72,3,37.02,1,0,9,1,1,1,0,0.165,29.58,0
64.05,11,711,1.43,1,22.94,0,0,30,0,1,1,0,0.108,12.77,0
27.26,9,31,11.21,1,106.44,0,0,0,0,1,1,0,0.288,2.79,0
45.59,13,1250,5.84,2,94.12,0,0,78,0,1,0,1,0.392,17.81,0
12.63,8,94,35.83,0,37.82,0,0,2,0,1,1,0,0.25,0.91,0
107.71,5,86,3.11,0,9.22,2,0,1,0,1,1,0,0.165,19.46,0
84.92,4,918,13.85,1,15.51,0,2,25,0,1,1,1,0.268,5.82,0
53.71,0,1017,34.63,1,173.4,0,0,53,0,1,0,1,0.062,21.2,0
26.32,0,49,0.73,4,16.17,0,0,3,0,1,1,1,0.082,27.56,0
53.51,19,1197,10.89,0,69.2,0,0,87,1,1,0,1,0.252,0.0,0
14.78,16,160,8.99,0,11.5,1,0,6,0,1,0,0,0.112,2.25,0
70.5,10,482,39.63,1,15.47,0,0,20,0,1,1,1,0.099,6.71,0
155.94,11,36,16.35,4,17.7,0,0,2,0,1,1,1,0.146,37.58,0
87.41,2,240,6.44,0,42.14,0,0,18,0,1,1,0,0.161,0.0,0
14.45,5,300,18.65,2,33.57,0,0,23,0,1,1,0,0.299,18.8,0
43.01,10,458,13.11,0,233.0,1,0,13,0,1,1,0,0.252,13.26,0
8.22,12,373,6.4,3,6.86,1,0,8,0,1,1,0,0.078,29.47,0
53.11,10,309,23.07,0,6.46,0,0,18,1,1,0,0,0.054,0.07,0
47.02,7,1605,16.55,1,16.72,0,0,80,0,1,1,0,0.145,6.26,0
4.62,9,102,0.08,1,34.68,0,0,9,0,1,1,0,0.067,27.27,0
9.38,1,86,30.05,0,37.18,0,0,1,0,1,1,1,0.305,0.0,0
22.58,23,625,7.59,2,25.26,1,1,52,0,1,1,0,0.28,30.72,0
22.18,13,39,15.55,3,12.13,1,0,3,0,1,1,0,0.467,36.94,0
8.94,15,330,7.58,2,24.26,0,0,28,0,1,1,1,0.146,19.42,0
44.21,16,331,31.98,3,12.56,0,0,27,0,1,1,0,0.371,16.56,0
38.53,10,186,15.78,0,26.32,0,0,3,0,1,1,0,0.202,0.0,0
24.67,1,1333,12.99,3,55.71,0,0,118,0,1,1,1,0.134,25.77,0
14.07,23,166,58.88,0,4.6,0,0,10,0,1,1,0,0.144,0.0,0
85.52,22,170,4.94,1,65.64,0,0,12,0,1,1,1,0.132,3.46,0
156.87,4,133,1.01,4,6.09,0,0,6,0,1,1,0,0.355,42.28,0
18.48,15,79,10.89,5,10.92,0,0,7,0,1,0,0,0.17,36.87,1
16.25,15,226,8.28,1,209.7,0,0,13,0,1,1,0,0.082,0.0,0
48.97,1,571,9.09,0,16.94,0,0,38,0,1,1,0,0.201,13.02,0
20.95,15,678,14.52,1,59.47,1,0,23,0,1,1,0,0.115,14.08,0
26.07,4,839,14.32,2,83.4,0,0,53,0,0,1,1,0.217,33.41,0
62.78,7,110,7.47,3,60.56,0,0,3,0,1,0,1,0.177,32.8,0
4.44,19,18,29.8,1,7.05,0,1,0,0,1,1,1,0.162,16.81,0
111.98,13,1838,15.81,2,21.14,0,0,109,0,1,1,1,0.067,7.48,0
32.22,9,7,33.1,3,12.35,0,1,0,0,1,1,1,0.169,22.95,0
19.86,22,1618,36.65,1,35.97,0,1,145,0,1,1,0,0.107,5.81,0
27.41,1,883,2.75,1,15.88,0,0,83,0,1,1,1,0.194,4.44,0
28.86,2,1216,17.12,1,69.9,1,0,115,0,1,1,0,0.223,15.95,0
5.31,17,245,5.73,2,44.39,2,0,23,0,1,1,1,0.02,32.93,0
133.61,20,110,27.16,4,17.22,0,0,8,1,1,1,1,0.398,38.8,0
31.23,1,466,19.8,2,25.74,0,0,12,0,1,1,1,0.353,11.55,0
46.67,20,676,3.32,0,37.14,1,0,46,0,1,1,1,0.109,14.28,0
77.6,8,70,41.89,3,24.94,0,0,4,0,1,1,1,0.243,20.5,0
10.79,1,799,17.26,3,13.16,0,0,20,0,1,1,1,0.287,24.14,0
48.11,6,117,44.53,2,20.62,0,0,8,0,1,1,1,0.28,3.35,0
22.93,6,338,3.38,1,17.59,0,0,17,0,1,1,1,0.186,9.28,0
69.88,13,971,30.57,1,5.39,0,0,21,0,1,1,1,0.341,12.63,0
3.57,4,107,16.54,1,52.46,0,0,10,0,1,1,1,0.061,0.0,0
27.14,7,138,12.05,3,15.83,1,0,4,0,1,0,1,0.417,17.36,0
16.4,22,32,25.76,1,16.73,0,0,0,0,1,1,0,0.019,0.0,0
46.17,21,79,15.03,2,48.47,0,0,2,0,1,1,1,0.267,14.24,0
47.94,17,79,16.61,2,32.91,0,0,6,0,1,1,1,0.071,32.21,0
14.77,5,114,4.39,2,20.53,2,0,9,0,1,1,0,0.166,41.93,0
14.7,13,169,25.48,1,30.35,1,0,4,0,1,1,1,0.326,20.79,0
26.83,17,844,15.76,2,18.16,0,0,50,0,1,0,0,0.032,7.58,0
12.22,16,1237,27.91,0,11.65,1,0,91,0,1,1,1,0.199,13.94,0
69.55,8,261,6.5,1,20.43,1,2,19,0,1,0,1,0.334,14.87,0
20.71,12,69,6.05,1,19.98,0,1,5,0,1,1,0,0.085,14.32,0
1.64,15,127,0.36,0,14.37,1,0,6,0,1,1,1,0.31,0.0,0
20.6,20,666,21.95,1,8.77,0,1,33,0,1,1,1,0.176,4.45,0
10.61,9,566,6.01,1,26.81,1,1,52,0,1,0,1,0.177,12.92,0
5.86,9,1709,5.94,1,3.74,0,1,164,0,1,1,1,0.089,13.31,0
8.69,3,7,17.5,0,27.0,0,0,0,0,1,1,0,0.124,0.0,0
33.43,11,695,4.37,2,19.68,0,0,69,0,1,1,1,0.039,0.23,0
113.14,7,352,35.96,1,23.82,0,0,9,0,1,1,1,0.102,0.0,0
40.98,14,1165,11.58,2,29.27,0,0,95,0,1,1,1,0.379,16.38,0
16.34,20,429,52.34,3,44.89,0,0,10,0,1,1,1,0.134,22.31,0
47.27,22,296,1.2,0,16.21,0,1,20,0,1,1,1,0.083,1.7,0
18.93,18,548,6.16,2,18.72,0,0,34,0,1,1,0,0.2,14.91,0
14.96,14,896,7.21,5,28.92,1,0,89,0,1,1,0,0.453,47.42,0
9.45,7,166,19.66,2,11.76,1,0,9,0,1,1,1,0.134,21.06,0
5.2,7,57,3.59,0,13.25,1,0,3,0,1,1,1,0.05,23.04,0
20.29,18,284,7.06,3,33.21,1,1,21,0,1,1,0,0.149,41.07,0
35.09,8,121,36.23,1,20.8,0,1,9,0,1,1,1,0.141,0.0,0
27.2,23,281,1.82,1,11.64,0,0,19,0,1,1,1,0.246,12.54,0
19.77,16,2358,20.52,3,8.0,0,0,193,0,1,1,1,0.072,29.83,0
11.64,7,427,18.18,2,24.47,0,1,33,1,1,1,0,0.141,9.07,0
55.05,11,591,2.1,1,38.94,0,0,27,0,1,1,0,0.064,6.12,0
8.03,14,566,17.49,0,47.0,1,0,15,0,1,0,0,0.369,8.26,0
65.11,3,859,12.65,2,8.83,0,1,78,0,1,1,1,0.189,0.0,0
11.0,5,1442,5.09,3,37.01,0,0,25,0,1,1,1,0.389,28.71,0
14.12,15,538,5.59,2,11.6,0,0,18,0,1,0,0,0.342,11.92,0
6.91,4,323,26.85,1,106.49,0,0,20,0,1,1,1,0.161,2.82,0
18.15,22,191,3.94,1,21.22,1,0,15,1,1,1,1,0.324,23.86,0
79.46,12,223,10.79,4,10.06,0,0,7,0,1,1,1,0.421,36.55,0
50.18,14,204,17.15,2,34.52,0,0,14,0,1,1,0,0.428,13.93,0
79.71,16,196,2.09,1,25.37,1,0,9,0,1,1,1,0.205,16.46,0
50.51,21,593,40.4,1,47.77,2,0,10,0,1,1,1,0.258,35.5,0
9.94,19,443,4.53,1,32.27,0,0,33,0,1,1,1,0.071,11.73,0
21.52,21,113,5.76,1,102.89,0,0,7,0,1,1,0,0.167,13.28,0
13.73,4,1747,16.45,4,19.93,0,1,37,0,1,1,0,0.35,30.37,0
113.36,18,279,1.22,3,54.07,0,0,24,0,0,1,0,0.19,25.13,0
9.05,6,417,14.82,3,15.98,1,0,12,0,1,1,1,0.066,37.21,0
73.24,2,606,37.16,2,32.28,0,0,50,0,1,1,1,0.24,0.0,0
73.18,12,476,4.3,2,18.37,2,1,23,0,1,1,0,0.154,31.16,0
186.72,13,186,6.74,0,65.41,0,1,6,0,1,1,0,0.108,14.6,0
19.89,15,799,3.97,0,58.17,0,0,52,0,1,1,0,0.098,0.0,0
61.09,12,58,25.62,2,40.79,0,1,3,0,1,1,0,0.339,17.88,0
293.43,1,421,2.75,1,35.68,0,0,38,0,1,1,1,0.281,3.38,0
16.16,13,160,6.38,6,47.22,0,1,11,1,1,1,0,0.36,46.41,0
6.46,19,478,13.78,0,58.13,0,1,40,0,1,1,0,0.148,0.0,0
4.57,6,123,7.78,1,29.47,0,0,2,0,1,1,0,0.145,0.0,0
61.11,4,740,1.02,0,42.08,0,0,41,0,1,0,1,0.197,9.59,0
4.56,13,129,44.27,0,93.85,0,0,5,0,1,1,1,0.008,2.46,0
20.65,8,1105,6.19,2,23.22,0,0,33,0,1,1,1,0.099,32.71,0
46.4,9,989,8.85,1,33.43,1,0,96,0,1,1,1,0.207,19.75,0
36.06,6,225,2.75,1,19.72,0,2,16,0,1,1,0,0.142,8.62,0
45.85,13,244,30.08,1,79.95,1,0,10,0,1,0,0,0.324,17.77,0
37.42,13,604,5.17,0,22.3,0,0,31,0,1,1,1,0.153,7.58,0
107.65,1,47,0.3,2,40.79,1,0,2,0,1,1,1,0.237,15.96,0
11.56,16,42,5.71,1,148.3,0,0,0,0,1,1,0,0.388,2.61,0
15.23,19,73,62.08,0,60.55,0,0,5,0,1,0,0,0.356,0.0,0
13.84,3,413,2.38,1,22.26,0,0,34,0,1,1,0,0.2,7.93,0
68.73,12,81,0.48,0,52.42,0,0,6,0,1,1,0,0.172,0.61,0
73.73,17,163,12.95,2,38.44,2,0,7,0,1,1,0,0.213,27.34,0
47.05,2,521,6.97,2,7.86,0,1,13,0,1,1,0,0.287,10.39,0
97.86,18,8,23.77,1,10.7,0,0,0,0,1,0,0,0.167,5.73,1
9.23,4,99,19.75,0,21.14,0,1,5,0,0,1,0,0.022,0.0,0
158.73,0,1329,3.08,4,35.99,1,0,127,0,1,0,1,0.365,50.94,1
137.45,8,545,12.47,3,16.79,0,1,30,0,1,1,1,0.088,24.65,0
62.53,23,182,0.49,0,27.79,0,0,16,0,1,1,0,0.144,1.46,0
178.0,7,23,8.68,1,17.82,0,0,1,0,1,1,0,0.259,9.89,0
5.72,2,441,18.78,0,13.16,0,0,30,0,1,1,0,0.154,11.61,0
17.74,1,126,8.04,1,19.06,0,0,10,0,0,1,0,0.377,12.31,0
14.36,0,1612,1.88,0,34.68,0,0,65,0,1,1,1,0.101,6.41,0
61.65,11,581,0.95,0,40.43,0,1,35,0,1,1,1,0.128,12.51,0
10.48,21,1827,28.83,1,20.53,1,0,44,0,1,1,1,0.269,11.66,0
63.91,12,945,33.29,1,88.6,2,0,90,0,1,1,0,0.195,39.63,0
117.98,9,330,6.3,3,15.5,0,0,32,0,1,1,0,0.426,28.09,0
60.05,16,554,2.69,3,33.2,0,0,35,0,1,1,0,0.383,12.89,0
39.8,10,836,57.68,3,19.49,0,0,78,0,1,1,1,0.097,18.02,0
11.16,4,432,11.84,0,13.87,0,0,37,0,1,1,0,0.063,0.0,0
12.85,8,32,9.71,1,13.25,0,0,1,0,1,1,0,0.168,11.45,0
104.55,12,318,20.3,1,25.17,1,0,21,0,1,1,0,0.208,19.14,0
65.32,19,70,2.77,0,7.96,1,0,5,0,1,1,1,0.171,15.16,0
28.82,22,627,13.01,3,36.82,0,1,27,1,1,0,0,0.111,35.19,0
19.73,10,571,33.13,2,37.47,0,0,24,0,1,0,1,0.107,16.71,0
3.95,22,2474,0.35,1,45.12,1,1,212,1,1,1,0,0.132,15.38,0
10.27,3,496,16.76,3,103.34,0,0,16,0,1,1,0,0.081,22.92,0
202.64,20,805,12.03,0,35.17,0,1,29,0,1,1,0,0.362,0.0,0
8.33,10,156,45.18,0,11.73,1,0,10,0,1,1,1,0.271,8.02,0
36.22,8,208,4.49,2,19.37,0,1,10,1,1,1,0,0.394,10.53,0
82.06,6,1245,29.37,0,27.61,1,0,34,0,1,1,1,0.257,25.21,0
8.54,15,704,5.54,1,22.53,2,0,69,0,1,1,1,0.182,20.65,0
36.04,22,532,8.43,2,12.69,1,0,29,0,1,1,1,0.333,18.62,0
76.55,22,147,3.6,4,15.65,0,0,14,0,1,0,0,0.025,21.47,0
30.34,4,600,29.88,0,37.47,0,0,32,0,1,1,0,0.146,19.53,0
527.63,5,1089,3.26,2,45.94,0,0,89,0,1,1,1,0.191,35.07,1
5.65,18,131,29.39,3,19.09,0,0,9,1,1,1,1,0.04,28.07,0
86.38,0,612,9.12,1,32.75,0,0,26,0,1,1,0,0.31,2.23,0
25.21,15,250,27.03,3,8.86,1,0,5,0,1,1,0,0.3,13.57,0
64.84,17,63,4.61,1,11.56,0,0,1,0,1,1,1,0.143,6.94,0
46.59,23,721,2.14,3,25.75,0,0,14,0,1,1,1,0.202,24.84,0
14.39,12,91,12.14,3,9.2,0,1,6,0,1,1,0,0.064,9.47,0
37.67,0,146,10.68,0,31.36,2,0,3,0,1,1,1,0.178,17.36,0
4.67,9,764,6.62,2,8.68,0,0,31,0,1,1,0,0.313,3.8,0
54.78,6,678,16.31,1,73.6,0,1,17,0,1,1,0,0.08,16.74,0
40.37,4,147,1.5,0,76.27,0,0,9,0,1,1,1,0.147,0.0,0
56.75,12,1415,14.59,0,83.65,0,0,106,0,1,1,1,0.401,15.33,0
86.32,21,121,3.57,2,12.84,0,1,6,0,1,0,0,0.194,10.42,0
43.28,15,2527,2.07,1,51.74,0,0,243,0,1,1,1,0.135,0.0,0
34.75,23,670,36.05,1,16.59,0,0,26,0,1,1,1,0.239,0.0,0
12.42,19,249,9.24,1,6.01,0,0,24,0,1,1,1,0.356,0.0,0
14.7,21,70,21.62,2,14.84,0,0,4,0,1,1,1,0.329,18.98,0
98.17,13,193,1.4,1,55.82,0,0,17,0,1,1,1,0.145,2.6,0
126.01,10,108,0.89,1,34.37,1,0,2,0,1,1,0,0.274,6.54,0
23.62,18,486,10.24,1,16.99,0,0,47,0,1,1,1,0.368,22.04,0
31.37,22,221,5.69,0,23.1,0,0,17,0,1,1,1,0.106,9.14,0
12.13,1,175,0.07,2,16.78,0,0,11,0,1,1,1,0.209,23.25,0
96.81,7,708,3.04,4,23.99,0,0,12,0,1,1,1,0.055,22.34,0
58.29,12,131,3.7,1,81.22,0,0,2,0,1,1,1,0.483,12.29,0
208.77,6,442,5.11,0,20.01,0,0,13,0,1,1,1,0.373,5.19,0
12.45,11,108,31.5,0,116.04,1,0,5,0,1,1,0,0.411,2.27,0
20.53,7,627,8.19,2,11.98,0,0,25,1,1,1,0,0.175,16.05,0
37.77,15,491,17.06,2,41.91,0,0,42,0,1,1,1,0.206,20.51,0
57.2,17,800,0.28,0,57.94,1,0,63,0,1,1,0,0.101,0.0,0
24.15,18,35,25.22,3,9.28,0,0,3,0,1,1,1,0.112,20.69,0
12.52,3,118,4.12,3,34.71,0,0,5,0,1,1,1,0.122,20.28,0
72.34,11,84,5.55,1,9.34,0,0,6,0,1,1,1,0.092,11.99,0
61.63,15,106,0.69,2,118.85,0,0,9,0,1,1,0,0.311,11.44,0
11.99,20,54,7.91,2,76.78,0,0,5,0,1,1,0,0.241,5.32,0
116.22,21,413,28.72,3,45.96,0,0,33,0,1,1,0,0.063,26.72,0
96.56,16,450,7.14,3,27.63,0,1,39,0,0,1,0,0.386,26.72,0
34.27,3,927,35.89,2,17.89,0,0,38,1,1,0,1,0.213,4.63,0
32.45,19,270,30.31,2,16.0,0,0,19,0,1,1,0,0.237,23.52,0
52.15,23,380,0.96,1,86.45,0,1,27,0,1,1,1,0.128,15.59,0
12.66,23,2372,5.46,3,31.01,0,0,154,0,1,1,1,0.085,42.86,0
30.88,21,379,36.19,1,74.49,0,0,36,0,1,1,0,0.107,8.84,0
3.48,23,426,0.45,0,77.89,1,0,21,0,1,1,0,0.134,9.41,0
71.98,8,2751,21.77,2,25.01,0,0,244,0,1,0,1,0.167,18.31,0
6.29,4,2569,35.54,2,23.48,0,0,54,0,1,1,0,0.03,21.6,0
134.75,16,276,22.08,0,21.99,1,0,14,0,1,1,0,0.178,14.36,0
21.54,16,504,20.43,1,13.88,0,0,11,1,1,1,1,0.069,12.13,0
24.25,1,328,27.81,2,24.77,0,0,21,0,1,1,1,0.421,21.65,0
15.99,1,638,16.44,2,26.31,0,2,42,1,1,1,1,0.233,10.63,0
22.47,20,1393,8.25,0,45.92,1,1,63,0,1,1,0,0.156,13.19,0
123.78,22,185,0.97,2,24.83,0,0,17,0,1,0,1,0.221,17.03,0
2.49,6,854,23.27,1,50.46,0,0,25,0,1,1,1,0.375,9.71,0
107.44,3,532,35.35,2,43.14,0,0,29,0,1,0,1,0.039,17.78,0
42.01,12,164,10.75,1,48.53,0,0,10,0,1,1,0,0.048,13.23,0
8.96,19,798,11.41,1,30.63,0,1,26,0,1,1,1,0.254,10.79,0
10.22,10,279,7.74,1,40.29,0,0,23,0,1,1,1,0.085,16.18,0
160.2,2,64,29.16,0,32.69,2,1,3,0,1,1,1,0.059,8.63,0
11.64,1,2512,0.22,0,8.02,0,0,151,0,1,1,1,0.19,0.0,0
9.46,15,277,14.69,1,19.38,0,0,13,0,1,1,0,0.146,11.9,0
93.44,2,390,35.69,2,13.2,0,1,26,0,1,1,0,0.173,17.74,0
42.04,23,825,1.63,1,90.25,0,0,69,0,1,1,1,0.051,3.4,0
11.73,14,1621,47.97,2,57.58,0,0,72,1,1,1,1,0.414,29.18,0
37.21,16,1031,51.48,1,32.97,1,0,43,0,1,1,0,0.067,18.52,0
10.74,15,372,39.84,2,36.79,1,1,34,0,0,1,1,0.193,39.71,0
90.09,19,394,9.31,0,84.29,0,0,39,0,1,1,0,0.221,20.7,0
86.61,6,165,7.24,1,17.9,1,0,5,0,1,1,1,0.252,14.01,0
51.01,15,311,18.36,1,73.07,2,0,10,1,1,0,1,0.229,30.16,0
43.02,4,1467,5.76,1,113.74,1,0,42,1,1,1,1,0.206,23.95,0
174.37,1,649,1.06,1,28.74,0,0,26,0,1,0,1,0.307,5.93,0
29.95,0,6,34.75,1,14.47,0,0,0,0,1,1,0,0.237,12.14,0
9.19,21,62,15.11,1,23.4,0,0,1,0,1,1,0,0.173,3.91,0
46.97,12,1287,3.48,1,63.79,1,0,47,0,1,0,1,0.159,8.71,0
241.3,15,944,0.28,3,42.59,0,0,83,0,1,1,0,0.257,29.83,0
10.86,4,333,19.28,0,34.07,0,0,8,0,1,1,1,0.278,12.16,0
20.87,2,480,28.74,1,13.52,0,0,41,0,1,1,1,0.083,7.13,0
45.44,14,171,7.8,5,28.72,0,2,10,0,1,1,1,0.197,40.61,0
28.39,15,787,1.27,2,35.28,0,0,30,0,1,1,1,0.514,16.41,0
11.22,10,462,15.69,1,18.98,0,1,25,1,1,1,1,0.243,16.01,0
92.01,18,593,5.28,2,19.68,0,0,18,0,1,1,1,0.235,30.84,0
304.92,17,235,2.33,1,49.85,0,1,15,1,1,1,1,0.286,9.01,0
36.46,20,281,10.71,1,44.4,0,0,6,0,1,1,0,0.509,1.55,0
12.13,8,116,9.86,3,28.37,0,0,7,0,1,0,1,0.311,25.6,0
6.37,7,1479,10.91,3,23.38,0,0,83,0,1,1,0,0.209,40.29,0
38.78,21,1465,26.05,1,25.14,0,0,24,0,1,1,0,0.145,6.26,0
90.37,18,851,9.94,0,62.7,0,0,80,0,1,1,1,0.223,0.0,0
48.19,21,1371,34.62,1,43.64,0,0,26,0,1,1,1,0.016,6.78,0
29.89,4,547,27.66,2,31.89,0,0,47,0,1,1,1,0.063,21.57,0
16.62,16,134,15.8,0,102.05,0,0,5,0,1,1,1,0.036,9.51,0
10.05,4,714,0.88,3,16.0,0,0,70,1,1,1,1,0.009,31.64,0
69.04,13,197,30.03,2,11.02,0,1,19,1,1,1,0,0.222,6.93,0
74.72,6,290,35.4,0,4.13,0,0,10,0,1,1,0,0.092,2.59,0
6.39,8,160,7.05,1,42.14,0,0,6,0,1,1,1,0.047,0.79,0
146.91,16,275,11.2,2,94.45,0,0,24,0,1,1,0,0.131,10.1,0
53.2,2,569,4.95,0,88.91,0,0,16,0,1,1,1,0.251,8.57,0
121.46,7,59,0.22,1,16.89,0,0,0,0,1,1,1,0.359,12.7,0
7.83,21,56,9.79,2,14.48,0,0,3,0,1,1,1,0.051,7.24,0
7.65,12,576,2.08,0,4.31,0,0,22,0,1,1,0,0.149,0.0,0
25.82,15,756,3.04,1,15.94,1,0,35,0,1,1,1,0.102,20.44,0
49.54,20,401,9.83,3,11.29,0,1,21,0,1,1,0,0.149,14.92,0
180.61,9,100,30.27,2,73.93,1,0,3,0,1,1,0,0.266,27.09,1
60.71,17,282,27.93,2,31.08,0,0,7,0,1,1,0,0.301,11.1,0
23.51,2,710,50.32,1,28.63,0,1,53,0,1,1,1,0.196,0.0,0
10.74,11,579,9.89,2,15.41,0,0,33,0,1,1,0,0.045,28.54,0
102.51,15,58,12.04,1,9.19,1,0,4,0,1,1,0,0.283,23.42,0
11.42,17,1739,25.9,3,9.67,0,0,160,0,0,0,1,0.187,19.09,0
152.7,16,126,18.04,2,12.0,0,0,4,0,1,1,1,0.202,13.59,0
22.55,6,124,3.03,0,50.91,0,0,11,0,1,1,0,0.256,15.33,0
147.02,18,308,7.62,1,8.91,0,0,29,0,0,1,1,0.183,0.0,0
59.08,22,198,39.71,3,41.79,0,0,8,0,1,1,1,0.114,21.71,0
26.13,22,2067,2.37,3,299.2,1,0,181,0,1,1,0,0.275,34.03,0
17.83,7,40,3.52,0,19.43,0,0,1,0,1,1,0,0.289,0.0,0
21.31,16,183,7.68,3,35.99,0,0,15,1,1,1,1,0.112,26.61,0
45.99,20,241,42.17,3,28.24,0,0,22,0,1,0,1,0.047,28.97,0
32.37,6,340,1.81,1,9.69,1,0,33,0,1,1,0,0.358,25.89,0
16.55,0,8,16.76,1,11.64,0,0,0,0,1,1,0,0.233,4.06,0
25.39,7,43,2.13,1,18.56,0,0,2,0,1,1,1,0.306,7.49,0
32.41,18,149,11.15,1,26.25,0,0,3,1,1,1,1,0.068,22.0,0
3.57,19,404,11.54,2,130.4,1,0,24,0,1,1,1,0.111,29.49,0
47.38,19,730,0.65,1,16.11,0,1,63,0,1,1,1,0.155,9.14,0
11.25,9,580,46.23,1,14.04,0,0,10,0,1,1,0,0.026,13.28,0
9.46,11,419,24.65,3,12.93,0,0,38,0,0,1,0,0.206,28.72,0
5.54,23,253,5.41,1,70.65,0,0,16,0,1,1,1,0.408,18.49,0
4.98,0,1023,2.1,0,17.17,0,1,71,0,1,1,1,0.356,0.0,0
7.73,23,308,6.36,2,103.08,1,1,23,0,1,1,0,0.11,20.79,0
14.75,20,178,33.7,2,35.36,1,1,16,0,1,1,1,0.402,42.24,0
211.3,3,496,2.14,1,96.8,0,0,36,0,1,1,1,0.137,8.15,0
17.71,3,589,6.45,1,28.73,0,0,31,0,1,1,1,0.205,0.0,0
35.79,8,254,10.23,2,23.46,0,1,22,0,1,1,1,0.112,18.75,0
44.72,14,14,0.5,2,32.71,0,1,1,0,1,1,0,0.158,8.75,0
34.16,23,49,4.68,1,80.58,0,0,3,0,1,1,1,0.164,0.0,0
27.73,14,934,13.58,0,33.76,0,0,75,0,1,1,0,0.174,0.0,0
9.07,6,29,5.87,1,41.73,1,0,1,0,1,1,0,0.383,23.17,0
127.86,11,448,30.66,1,29.15,0,1,11,0,1,1,1,0.112,13.62,0
182.58,2,101,41.41,0,23.27,0,0,6,1,1,1,0,0.117,4.88,0
5.57,19,130,8.74,1,41.4,0,0,8,0,1,1,0,0.406,8.22,0
10.76,8,160,11.39,0,33.03,0,1,9,0,1,1,1,0.18,14.04,0
22.65,13,20,14.95,1,32.95,0,0,1,0,1,1,1,0.169,3.34,0
11.42,12,98,16.38,2,10.28,1,0,4,0,1,1,0,0.179,27.44,0
49.7,23,526,0.98,2,17.9,0,0,43,0,1,1,1,0.233,10.36,0
14.46,11,345,0.83,1,28.22,1,0,12,0,1,1,0,0.118,5.5,0
261.14,0,798,30.1,0,9.44,0,0,42,1,1,1,0,0.162,0.0,0
98.55,18,32,3.72,1,49.06,0,0,2,1,1,1,1,0.096,2.5,0
37.06,15,1099,13.16,0,10.65,0,1,69,0,1,1,1,0.297,2.77,0
83.68,11,2813,14.7,3,14.8,0,0,77,1,1,1,0,0.044,24.58,0
90.55,9,8,2.7,1,36.22,0,0,0,0,1,1,1,0.262,8.02,0
17.05,1,1715,21.51,1,9.06,0,0,135,0,1,1,1,0.364,14.51,0
13.25,17,135,30.14,2,46.9,0,0,3,0,1,1,1,0.139,17.37,0
32.4,12,590,5.04,1,10.29,0,1,51,0,0,1,0,0.016,8.34,0
70.93,23,173,31.54,0,37.78,0,1,10,0,1,1,1,0.214,13.53,0
34.43,5,369,1.27,0,18.45,0,0,22,0,1,1,0,0.101,0.0,0
6.19,11,357,24.18,1,30.28,1,1,22,0,1,1,0,0.107,37.45,0
13.43,21,224,15.33,2,22.21,0,0,8,0,1,1,1,0.366,0.0,0
27.83,3,632,13.12,1,14.87,1,0,30,0,1,1,0,0.117,9.04,0
27.78,0,458,3.92,0,4.22,0,0,33,0,1,1,1,0.072,0.0,0
215.41,10,355,6.74,2,10.04,0,0,17,0,1,1,1,0.08,24.32,0
7.49,22,2033,36.17,2,6.99,0,0,192,0,1,1,0,0.515,12.33,0
49.68,7,1407,9.4,2,16.51,0,0,129,0,1,1,1,0.159,27.39,0
132.84,1,1555,13.54,0,45.1,0,0,48,0,1,1,1,0.085,16.93,0
290.46,1,1066,41.2,1,99.44,0,0,35,0,1,0,1,0.42,7.15,1
20.0,15,147,9.42,0,67.32,1,0,7,0,1,1,0,0.121,3.36,0
48.98,0,215,7.37,1,51.34,0,0,14,0,1,1,1,0.11,19.03,0
52.97,3,131,33.55,2,99.36,1,0,11,1,1,1,1,0.101,26.94,0
36.43,5,2141,36.27,4,68.9,0,0,58,0,1,1,0,0.257,45.05,0
27.14,20,83,6.57,2,118.35,0,0,6,0,0,1,1,0.225,13.94,0
46.34,19,228,13.45,0,32.09,0,0,6,1,1,1,1,0.049,0.0,0
2.38,13,111,49.75,1,42.03,0,1,6,0,1,1,1,0.092,0.0,0
59.27,19,126,0.86,1,9.45,0,0,8,0,1,1,1,0.077,3.15,0
33.99,14,142,0.61,0,9.2,0,0,13,0,1,1,1,0.078,0.0,0
23.99,6,510,10.9,0,50.11,1,0,40,0,1,1,0,0.377,11.63,0
232.03,6,40,5.16,2,11.17,0,0,3,0,1,1,0,0.158,11.18,0
15.26,17,425,13.08,2,28.08,0,0,7,0,1,1,0,0.085,8.5,0
20.02,22,855,19.33,1,110.87,1,0,68,0,1,1,1,0.302,33.42,0
219.54,1,727,1.07,1,26.87,1,0,53,0,1,1,1,0.328,13.86,0
13.04,19,82,32.1,1,40.95,0,0,6,1,1,1,0,0.085,7.95,0
17.29,14,1231,4.86,1,21.59,1,0,25,0,1,1,1,0.063,14.49,0
25.87,0,735,7.2,2,60.26,0,0,36,0,1,1,0,0.312,0.0,0
69.46,20,3,6.17,0,46.76,0,0,0,0,1,1,1,0.385,0.09,0
36.88,16,669,27.47,3,47.58,0,0,61,0,1,1,1,0.219,29.72,0
8.23,19,669,2.81,3,51.36,0,0,31,1,1,1,1,0.178,28.69,0
17.6,12,343,0.44,3,18.27,0,0,30,0,1,1,1,0.193,22.36,0
16.32,11,24,53.53,2,215.87,0,0,1,0,1,1,1,0.074,13.57,0
27.74,23,434,59.16,0,22.71,0,1,31,0,1,1,1,0.317,0.0,0
45.87,21,726,4.47,1,22.24,0,0,12,0,1,1,1,0.18,0.0,0
45.52,14,158,0.14,4,14.09,0,1,11,0,1,1,0,0.302,27.79,0
5.07,23,550,15.57,1,27.21,0,0,41,0,1,1,1,0.112,16.56,0
86.83,4,218,15.68,2,32.17,0,0,6,0,1,1,1,0.464,18.42,0
38.57,6,426,42.29,2,23.37,0,1,22,0,1,1,0,0.254,16.68,0
119.65,7,243,5.32,3,77.72,0,0,17,0,1,1,1,0.077,17.53,0
46.72,22,181,3.15,1,34.3,1,0,11,0,1,1,1,0.568,21.37,0
90.14,13,969,14.37,0,56.42,0,0,90,0,1,1,0,0.238,0.0,0
47.78,3,701,12.44,3,5.88,0,0,24,0,1,1,1,0.061,27.03,0
115.15,20,212,18.97,2,22.33,0,0,20,0,1,1,1,0.541,29.02,0
50.51,13,285,32.46,1,42.67,0,1,16,0,1,1,0,0.102,22.36,0
27.17,9,588,12.31,0,12.18,0,0,58,0,1,1,0,0.175,0.0,0
290.74,21,833,2.44,1,12.87,0,0,43,0,0,1,1,0.228,0.88,0
72.9,15,577,13.67,0,27.01,0,0,51,0,1,1,0,0.461,0.0,0
53.18,10,389,7.03,2,26.6,0,0,33,0,1,1,1,0.451,8.71,0
8.36,21,1544,9.04,0,17.53,0,0,95,0,1,1,1,0.171,11.6,0
8.26,13,744,48.09,1,22.72,1,0,59,0,1,1,1,0.469,16.87,0
40.15,13,61,12.14,3,57.16,0,0,4,0,1,1,1,0.185,23.65,0
34.66,1,408,2.43,2,19.69,0,0,11,0,1,1,1,0.283,20.3,0
16.21,21,263,8.78,0,9.53,1,1,20,0,1,1,0,0.101,11.48,0
34.5,12,792,3.89,2,26.28,0,0,61,0,1,1,0,0.099,11.36,0
146.73,2,23,2.18,0,18.32,0,0,1,0,1,1,1,0.254,0.0,0
60.06,17,264,18.68,2,60.73,0,0,7,0,1,1,1,0.218,19.21,0
9.57,21,192,14.86,2,94.87,0,0,10,0,1,1,0,0.25,6.36,0
26.8,3,76,10.33,1,11.68,0,0,5,0,1,0,0,0.043,20.04,0
13.4,20,238,8.25,0,38.37,0,0,21,0,1,1,0,0.219,9.44,0
20.33,20,559,5.83,2,4.57,0,0,26,0,1,1,1,0.134,12.31,0
19.81,18,224,1.38,2,47.69,0,0,10,1,1,0,0,0.08,17.63,0
18.58,15,434,5.33,1,36.96,1,0,14,0,1,1,1,0.377,7.5,0
8.54,3,449,27.34,0,29.92,0,0,21,0,1,1,1,0.243,0.0,0
26.37,18,442,22.96,3,26.84,0,0,16,0,1,1,1,0.06,13.24,0
17.11,22,377,53.8,2,12.4,0,0,16,0,1,1,0,0.163,18.3,0
1.6,14,62,16.01,0,13.92,0,0,3,0,1,1,1,0.322,1.57,0
233.45,0,123,12.1,2,12.56,0,0,7,0,1,1,1,0.014,21.58,0
89.01,15,805,5.27,1,33.11,0,0,63,0,1,1,1,0.066,12.34,0
20.57,14,349,1.2,2,8.13,0,0,34,1,1,1,1,0.129,22.25,0
30.53,15,612,14.44,4,7.67,0,1,14,0,1,1,1,0.308,19.94,0
9.28,21,422,10.05,0,87.4,1,0,15,0,1,1,0,0.084,16.07,0
163.32,19,20,21.35,2,31.61,0,0,1,1,1,0,0,0.186,16.11,0
199.79,0,795,7.96,0,8.23,0,0,77,0,1,1,0,0.094,0.0,0
35.05,16,33,63.56,1,58.47,0,0,1,0,1,1,1,0.427,5.31,0
83.39,4,1434,7.6,0,13.49,0,1,128,1,1,1,0,0.104,1.46,0
35.7,4,121,6.08,1,16.31,0,0,6,0,1,1,0,0.118,0.0,0
7.87,6,359,30.72,0,27.24,0,0,34,0,1,1,1,0.412,13.87,0
19.85,12,33,7.55,3,9.23,0,0,0,0,1,1,0,0.115,27.42,0
34.19,11,1127,30.71,1,43.63,0,0,41,0,1,1,0,0.095,9.56,0
19.02,3,1955,0.42,2,16.75,0,0,38,0,1,1,1,0.16,21.99,0
24.08,3,79,17.69,1,3.6,1,0,6,0,1,1,0,0.18,1.83,0
27.35,22,175,1.12,2,36.09,0,0,12,0,1,0,1,0.016,21.5,0
27.64,20,8,2.41,1,78.99,0,0,0,0,1,1,1,0.172,7.59,0
31.57,20,773,18.06,5,74.03,1,0,16,0,1,1,0,0.248,56.41,0
10.37,5,187,5.13,3,9.76,0,0,15,1,1,1,0,0.472,38.79,0
14.63,23,444,3.54,0,40.09,0,0,35,0,1,1,1,0.371,3.56,0
8.29,14,20,24.26,1,18.67,0,0,1,0,1,1,0,0.174,4.37,0
79.66,20,628,43.85,1,33.68,0,0,19,0,1,1,1,0.15,7.9,0
3.65,18,377,3.97,1,8.97,0,0,24,0,1,1,1,0.473,12.28,0
94.97,5,645,5.72,3,16.43,0,0,60,0,1,1,0,0.209,26.66,0
119.86,11,779,18.78,0,11.63,0,0,26,0,1,1,0,0.056,14.36,0
22.15,13,47,25.33,1,6.05,1,0,3,1,1,1,0,0.228,28.39,0
2.22,17,431,106.27,2,11.28,1,0,28,0,0,1,0,0.136,30.66,0
20.88,11,525,4.79,1,28.74,0,0,10,0,1,1,1,0.268,23.09,0
28.1,23,364,12.2,0,9.34,1,0,29,0,1,1,1,0.289,5.14,0
10.91,23,101,2.16,2,27.22,0,0,8,0,1,1,0,0.041,12.18,0
17.9,14,794,6.03,0,45.84,0,0,25,0,1,1,0,0.431,0.0,0
138.41,18,2987,0.69,1,68.8,0,0,60,0,1,1,0,0.335,8.66,0
58.26,7,1741,3.55,2,109.74,0,0,133,0,1,1,1,0.251,9.57,0
11.89,8,751,10.59,2,49.27,0,0,20,0,1,1,0,0.314,22.16,0
6.06,4,271,2.68,4,10.44,0,0,20,0,1,1,1,0.198,19.85,0
21.61,4,206,33.03,1,41.02,0,0,6,0,1,1,0,0.11,22.92,0
24.2,5,36,18.58,0,56.29,1,0,3,0,1,1,1,0.112,10.89,0
49.22,22,269,0.42,2,12.91,0,0,18,0,1,0,1,0.295,21.33,0
17.54,2,85,31.4,1,65.29,0,0,5,1,1,1,0,0.078,10.42,0
49.97,4,147,56.79,1,16.92,1,0,8,0,1,1,0,0.014,15.17,1
207.5,0,1112,10.45,0,27.94,0,0,22,0,1,1,1,0.252,0.0,0
67.73,10,1729,5.67,0,65.85,0,2,149,0,1,1,1,0.319,0.0,0
28.56,20,1484,4.59,1,18.25,1,1,80,0,1,1,1,0.215,18.91,0
24.95,19,107,1.37,0,21.46,1,0,5,0,1,1,1,0.359,9.2,0
20.97,0,1156,10.15,0,57.4,0,0,80,0,1,1,0,0.061,0.0,0
97.58,6,76,0.77,1,40.71,1,0,4,0,0,1,0,0.045,31.73,0
16.0,14,354,10.51,3,4.83,0,0,14,0,0,1,1,0.448,23.98,0
31.35,16,516,4.37,1,8.2,0,0,14,0,1,1,1,0.248,10.56,0
31.54,7,310,9.71,2,21.98,0,1,7,1,1,0,0,0.244,15.54,0
18.14,1,1517,8.13,5,20.84,0,0,55,0,1,1,1,0.457,42.02,0
7.6,12,203,5.46,0,14.11,1,0,18,0,1,1,0,0.464,5.07,0
41.39,11,375,8.93,2,145.62,1,1,9,0,1,1,1,0.206,23.77,0
28.19,4,39,9.64,5,64.75,1,0,3,0,1,1,0,0.202,48.84,0
49.41,12,956,26.91,1,3.57,0,0,85,0,1,0,1,0.285,2.46,0
17.57,5,267,16.44,4,65.23,0,0,22,1,1,1,0,0.093,30.03,0
101.58,14,603,8.52,2,12.1,0,0,53,0,1,1,1,0.204,13.77,0
12.47,22,573,35.35,0,24.26,0,0,19,0,1,1,0,0.081,5.29,0
166.01,21,564,21.14,1,7.72,0,0,56,0,1,1,1,0.191,8.74,0
5.22,20,354,1.18,1,70.72,0,0,21,0,1,1,1,0.265,12.69,0
46.28,21,163,2.5,1,31.84,1,0,13,0,1,0,1,0.065,28.16,0
48.2,10,491,1.28,1,80.6,0,0,28,0,1,1,1,0.345,8.09,0
13.52,3,1632,5.76,2,33.9,1,0,53,0,1,1,1,0.24,34.47,0
45.81,0,898,8.58,3,19.07,0,0,78,0,1,1,0,0.043,24.89,0
107.72,14,58,10.53,1,14.53,0,0,3,0,0,1,0,0.076,13.73,0
3.26,11,12,28.6,0,7.19,1,0,1,0,1,1,0,0.139,12.49,0
49.54,8,346,0.27,1,20.87,0,1,29,0,1,1,0,0.191,0.23,0
2.48,10,748,8.39,5,32.56,1,0,59,0,1,1,0,0.347,52.8,0
11.41,4,188,7.94,1,4.72,0,0,14,0,1,1,0,0.194,5.53,0
152.81,23,604,44.2,2,51.68,0,0,40,0,1,1,0,0.303,13.23,0
16.75,6,1344,4.14,1,29.0,0,0,122,0,0,1,1,0.362,2.84,0
9.26,7,307,1.96,3,20.29,1,0,21,0,0,1,0,0.066,28.49,0
24.58,0,140,2.3,1,11.27,0,0,13,0,1,1,1,0.184,12.04,0
236.96,0,1249,11.01,1,10.55,0,1,75,0,1,1,0,0.061,8.4,0
4.8,2,320,7.44,3,23.71,0,0,7,0,1,0,1,0.121,20.25,0
10.47,7,262,21.05,1,23.9,0,0,20,0,1,1,1,0.281,0.0,0
133.95,10,218,5.86,3,5.03,0,0,4,0,1,1,0,0.333,29.7,0
192.04,0,275,2.05,1,167.82,1,0,13,0,1,0,1,0.259,17.09,0
27.02,13,560,7.34,0,11.89,1,0,30,0,1,1,1,0.123,0.0,0
8.68,0,284,32.19,1,69.06,1,0,25,0,1,1,1,0.174,17.01,0
243.68,5,196,7.8,0,18.47,0,1,12,0,1,0,1,0.092,6.28,0
147.59,20,681,26.9,0,40.8,0,0,64,0,1,1,1,0.12,0.0,0
59.08,5,113,6.97,2,21.55,0,0,4,0,1,0,1,0.284,18.23,0
13.3,2,113,4.96,0,19.05,1,2,4,0,1,1,0,0.168,9.03,0
28.53,9,596,22.37,2,29.58,1,0,28,0,1,1,0,0.145,19.56,0
25.52,11,1008,3.52,1,18.11,1,2,78,0,1,1,0,0.144,32.57,0
41.71,9,138,3.96,1,66.22,0,0,10,0,1,1,0,0.097,8.11,0
127.87,21,106,0.77,1,8.56,0,0,3,1,1,1,0,0.023,1.37,0
72.2,1,555,3.12,1,23.2,0,0,27,0,1,1,1,0.469,19.94,0
10.2,23,485,7.14,2,14.66,0,0,22,0,1,0,0,0.216,17.36,0
118.69,21,296,7.65,3,45.03,0,1,23,1,0,0,0,0.204,36.17,0
40.98,12,50,8.19,0,4.63,0,0,2,0,1,0,1,0.438,6.68,0
59.56,15,48,9.8,0,67.97,0,0,3,1,1,1,1,0.324,0.0,0
129.87,12,751,12.73,0,11.46,0,0,46,0,1,1,0,0.153,2.76,0
9.86,3,301,3.15,3,42.23,0,0,28,0,1,1,1,0.169,16.33,0
28.91,3,976,14.28,2,4.66,0,0,95,0,1,1,1,0.142,17.62,0
17.61,10,428,6.15,1,16.61,0,1,29,0,1,1,0,0.13,0.0,0
6.25,22,482,19.86,3,18.0,0,0,44,0,1,1,0,0.191,20.22,0
42.38,13,1361,12.22,1,27.99,0,0,104,0,1,1,0,0.187,5.07,0
369.28,2,90,12.12,2,39.14,1,1,6,0,1,1,1,0.325,31.65,1
4.76,18,392,17.35,0,149.4,0,0,21,0,1,0,0,0.293,4.63,0
29.01,21,30,6.07,1,16.9,0,1,1,0,1,1,1,0.207,16.25,0
56.86,0,222,8.41,2,44.31,0,0,10,0,1,1,1,0.209,21.68,0
33.89,4,80,13.12,2,17.78,2,2,2,0,1,0,1,0.072,25.42,0
26.76,16,104,8.21,4,33.73,0,0,9,0,1,1,0,0.351,18.32,0
8.17,0,1365,8.81,1,7.44,1,0,46,1,1,1,0,0.258,8.53,0
37.82,18,472,4.77,1,31.95,0,0,29,0,1,1,0,0.011,6.8,0
14.06,18,1114,5.08,1,11.93,1,0,86,0,1,1,1,0.216,19.58,0
3.35,3,293,18.01,2,6.39,0,0,24,0,1,1,1,0.196,22.47,0
98.95,18,455,0.06,1,24.23,0,0,21,0,1,1,1,0.162,4.16,0
78.13,5,16,1.5,2,28.83,0,0,1,0,1,1,1,0.049,22.36,0
31.55,14,317,44.58,1,20.32,0,0,16,0,1,1,1,0.426,5.91,0
37.68,3,415,3.11,0,36.66,0,0,35,1,1,1,0,0.105,0.0,0
87.73,23,8,8.12,4,110.42,0,0,0,0,1,1,1,0.192,21.18,0
37.5,0,779,28.43,2,12.48,0,0,16,0,1,1,0,0.076,2.23,0
74.0,23,175,0.0,6,50.93,1,0,11,0,1,1,1,0.028,58.49,0
22.25,16,301,38.89,3,15.01,0,0,22,0,1,0,1,0.107,32.88,0
111.27,10,384,0.82,2,35.2,0,0,35,0,1,1,0,0.105,25.82,0
41.3,16,2427,2.81,1,24.95,1,0,50,0,1,1,1,0.315,6.3,0
36.38,22,52,0.44,2,91.41,0,0,3,0,1,1,0,0.071,15.8,0
8.41,0,405,10.99,2,25.41,0,0,23,0,1,1,0,0.078,17.73,0
39.92,8,378,43.0,0,26.79,0,0,26,0,1,1,1,0.042,0.38,0
13.04,13,36,27.4,2,61.73,0,0,2,0,1,1,0,0.09,18.32,0
15.83,14,502,15.31,3,39.7,0,0,13,0,1,1,1,0.221,22.18,0
13.26,23,169,3.08,2,44.44,0,0,10,1,1,1,1,0.175,9.58,0
10.32,0,55,30.56,2,73.89,0,0,3,0,1,1,1,0.339,20.27,0
250.83,1,98,21.08,2,32.05,0,2,5,0,1,0,1,0.186,26.12,1
113.45,17,868,4.66,0,90.79,0,0,44,0,0,1,1,0.234,0.0,0
204.46,17,55,24.53,1,8.21,0,1,4,0,1,1,1,0.078,9.73,0
8.82,5,315,31.45,0,22.96,0,0,6,0,1,1,0,0.153,12.63,0
32.18,19,109,17.97,4,25.93,0,0,5,0,1,1,1,0.228,29.4,0
8.22,7,89,1.59,2,14.06,0,0,5,1,1,1,0,0.169,13.17,0
14.94,0,115,62.26,2,47.17,0,0,10,0,1,1,1,0.262,16.27,0
11.96,14,339,1.19,2,32.73,0,1,23,0,1,1,1,0.102,5.97,0
103.5,9,136,15.94,0,4.85,1,0,3,0,1,1,0,0.19,11.11,0
20.16,3,51,1.76,1,71.16,0,0,3,0,1,1,0,0.159,1.11,0
87.22,9,808,35.37,1,60.96,0,0,36,0,1,1,1,0.085,0.0,0
54.82,10,388,6.46,1,31.63,0,2,25,0,1,1,0,0.199,11.93,0
299.96,4,85,10.75,1,35.9,0,0,5,0,1,1,0,0.13,9.61,0
6.82,8,319,2.95,0,10.18,0,0,9,0,1,1,0,0.159,2.64,0
105.56,4,35,11.86,1,12.77,0,0,2,0,1,1,1,0.278,10.89,0
94.3,10,434,41.91,1,2.94,0,0,26,0,1,0,1,0.158,7.78,0
11.32,2,208,34.79,3,15.29,0,0,10,1,1,1,0,0.346,12.03,0
82.03,3,55,0.99,4,24.66,0,0,1,0,1,1,1,0.019,33.57,0
41.94,9,101,7.13,2,41.33,1,0,9,0,1,1,1,0.165,22.9,0
23.87,6,212,4.67,0,9.94,1,0,7,0,1,1,0,0.145,20.1,0
13.15,0,821,9.85,3,57.99,0,0,77,0,1,1,1,0.163,13.73,0
14.6,5,95,26.91,4,29.08,0,0,5,0,1,1,0,0.31,28.12,0
232.71,7,58,20.14,2,61.58,0,0,3,0,1,1,0,0.025,9.5,1
29.98,16,363,6.32,1,53.02,0,0,20,0,1,0,1,0.377,3.61,0
65.51,23,409,7.24,2,30.22,0,0,36,1,1,1,1,0.004,8.41,0
13.59,6,47,15.93,1,36.58,1,1,3,0,1,1,0,0.406,9.67,0
13.74,0,167,3.24,0,16.22,0,0,12,0,1,1,0,0.179,0.78,0
88.41,8,152,1.63,3,25.71,2,0,9,0,1,1,1,0.194,48.91,0
7.77,10,103,4.17,3,31.43,0,0,7,0,1,1,0,0.121,10.62,0
19.78,18,190,1.99,1,52.95,0,0,7,0,1,1,0,0.31,0.0,0
31.0,1,19,6.51,1,28.41,0,0,1,0,1,1,0,0.292,1.34,0
33.49,22,527,41.6,2,135.11,0,0,14,0,1,1,1,0.249,1.19,0
25.05,10,2232,1.92,0,29.16,0,0,61,0,1,1,1,0.064,4.35,0
44.51,2,503,25.58,2,3.71,0,0,38,0,1,1,1,0.217,19.27,0
59.91,16,224,11.47,0,18.78,0,0,21,0,1,1,1,0.277,4.27,0
62.47,9,551,15.03,0,12.81,0,0,46,0,1,1,1,0.085,0.0,0
11.18,2,424,2.8,0,20.45,0,0,40,0,1,1,0,0.065,14.35,0
22.55,21,938,2.46,2,10.74,1,0,32,0,1,1,1,0.357,28.65,0
98.96,2,486,2.66,1,6.8,0,0,18,0,0,1,1,0.096,0.0,0
73.31,20,503,16.5,1,14.34,1,0,26,0,1,1,1,0.181,11.26,0
7.59,6,125,20.66,0,36.93,2,0,6,0,1,1,0,0.147,35.23,0
42.58,1,269,37.93,1,40.83,0,0,11,1,1,1,0,0.321,0.0,1
4.14,0,211,7.62,1,13.95,1,0,8,0,1,1,0,0.491,19.91,0
31.4,6,6,9.3,0,48.88,1,0,0,0,1,1,1,0.221,20.85,0
199.89,19,188,9.51,3,16.85,0,1,5,0,1,1,0,0.23,5.32,1
11.61,10,333,4.72,0,15.13,1,2,29,0,1,1,0,0.44,10.94,1
13.01,22,458,5.97,0,19.01,0,0,27,0,1,1,0,0.302,0.0,0
64.33,5,1363,28.14,1,4.05,0,1,127,0,0,0,1,0.12,14.42,0
6.41,22,137,6.32,2,21.76,0,0,2,0,1,1,0,0.049,19.16,0
15.91,3,83,30.5,2,7.38,1,0,2,0,1,1,0,0.296,27.29,0
54.4,18,1018,5.46,1,16.97,1,0,59,0,1,0,1,0.245,19.67,0
15.89,20,1422,6.23,0,14.3,0,0,40,0,1,1,1,0.37,0.0,0
23.67,18,335,12.32,3,55.17,0,0,11,0,1,1,0,0.344,39.91,0
63.07,13,61,1.63,1,12.83,0,0,3,0,1,1,1,0.256,0.73,0
45.67,2,332,38.28,1,161.65,1,0,26,0,1,1,0,0.449,7.14,0
39.13,3,58,25.76,4,14.25,1,1,4,0,1,1,1,0.129,44.43,1
21.35,7,1074,16.65,3,17.99,0,0,72,0,1,1,1,0.212,26.79,0
43.38,17,616,66.5,2,31.84,0,0,56,0,1,1,1,0.125,22.78,0
26.48,3,138,0.24,1,15.97,1,1,9,0,1,1,0,0.221,22.74,0
47.36,10,1089,7.94,1,55.84,0,0,20,1,1,1,0,0.431,0.0,0
18.23,15,508,29.32,3,4.97,1,0,30,0,1,1,0,0.378,26.16,0
24.96,2,1532,8.51,4,30.03,1,1,149,0,1,1,0,0.315,46.99,0
11.13,6,1968,0.08,0,15.26,0,0,140,0,1,1,1,0.143,0.0,0
28.93,1,2,2.58,2,48.36,1,0,0,0,1,1,0,0.568,36.46,0
13.32,0,64,8.54,2,25.1,1,0,1,0,1,1,1,0.344,23.44,0
9.84,0,396,16.54,1,38.81,0,0,18,0,1,1,0,0.076,3.65,0
38.81,5,1560,2.66,2,56.29,0,0,136,0,1,1,0,0.212,26.3,0
37.07,18,2578,8.91,1,80.88,0,0,66,0,1,1,1,0.445,5.85,0
65.55,6,419,0.19,0,35.73,0,0,36,0,1,1,0,0.103,6.64,0
19.47,23,95,9.74,0,100.63,0,0,6,0,1,1,1,0.181,0.0,0
45.06,4,89,33.94,3,10.69,0,0,4,0,1,1,0,0.222,18.3,0
51.98,20,722,13.62,4,19.34,1,0,68,0,1,1,1,0.083,50.37,0
46.75,17,448,8.71,3,15.28,0,0,8,1,1,1,1,0.512,27.05,0
13.12,23,398,2.66,1,27.81,0,0,37,1,1,0,1,0.156,24.67,0
34.79,12,313,3.39,8,30.62,0,0,28,0,1,1,1,0.185,85.57,0
43.13,0,646,1.19,2,16.89,0,0,63,0,1,1,0,0.17,19.49,0
30.18,9,976,20.35,0,63.71,0,1,50,0,1,0,0,0.32,0.0,0
3.72,8,180,1.2,1,1.77,2,0,9,0,1,1,1,0.194,35.09,0
35.18,16,125,7.27,3,62.49,0,0,9,0,1,1,0,0.351,34.73,0
273.84,0,555,20.79,2,16.1,0,0,14,0,1,1,0,0.309,22.58,1
20.9,0,1231,18.71,3,36.8,0,0,45,0,1,1,0,0.49,29.36,0
14.47,6,214,12.92,1,9.4,0,0,11,0,1,1,1,0.291,20.92,0
43.53,3,159,12.71,2,31.27,0,0,12,0,1,1,0,0.147,4.26,0
40.95,22,128,1.42,2,31.62,0,1,7,0,1,1,1,0.165,23.88,0
98.76,20,147,2.88,1,59.76,0,0,5,0,1,1,1,0.13,9.88,0
8.52,11,72,11.48,1,54.87,0,0,2,0,1,1,0,0.034,0.0,0
62.26,15,454,6.42,2,8.59,0,0,35,0,0,1,1,0.053,21.01,0
54.08,13,165,0.29,3,25.36,1,1,13,0,1,1,0,0.466,33.27,1
25.99,22,477,24.0,2,54.43,0,0,25,0,1,1,0,0.075,20.18,0
42.04,9,43,15.91,1,16.25,1,0,1,1,1,1,1,0.205,28.02,0
83.89,13,61,5.91,1,6.27,0,1,3,0,1,1,1,0.094,0.0,0
71.69,6,384,1.55,2,27.27,0,0,19,0,1,1,1,0.25,23.83,0
9.55,3,358,13.42,2,8.56,2,0,25,0,1,1,1,0.074,40.16,0
68.04,1,158,6.43,2,16.07,0,0,13,0,1,1,1,0.174,29.29,0
28.09,23,878,4.42,0,12.51,0,0,53,0,1,1,0,0.233,4.07,0
32.23,17,104,19.17,0,21.28,0,0,9,0,1,1,0,0.206,0.0,0
32.24,15,224,5.97,2,63.99,0,0,10,0,1,1,1,0.023,23.37,0
25.78,8,405,2.19,2,42.22,0,0,22,0,1,0,0,0.439,12.66,0
98.66,4,1009,9.86,1,67.71,1,0,64,0,1,1,0,0.404,9.11,0
27.56,8,271,26.44,3,39.11,2,0,20,0,1,1,1,0.196,31.63,0
9.78,7,254,28.42,0,29.92,0,0,15,0,1,1,0,0.091,0.0,0
20.22,23,433,28.39,1,74.01,0,0,36,0,1,1,1,0.384,8.95,0
35.83,19,190,8.19,1,8.27,0,0,14,0,1,1,1,0.145,12.3,0
102.43,15,618,23.48,0,81.48,0,0,28,0,0,1,0,0.379,4.87,0
54.77,19,143,28.48,1,41.23,1,0,10,0,1,1,0,0.152,28.26,0
12.8,17,866,9.23,3,54.68,1,0,37,0,1,1,0,0.111,27.49,0
359.67,3,159,5.76,1,16.9,0,1,12,0,1,1,1,0.089,2.14,0
39.05,15,2460,18.16,0,13.83,0,0,174,0,1,1,0,0.14,0.0,0
107.27,3,190,35.22,4,27.55,1,0,5,0,1,1,0,0.294,56.52,1
25.75,5,1055,53.72,3,10.36,0,1,79,0,1,1,1,0.24,14.34,0
51.08,2,253,5.14,2,18.55,0,0,6,0,1,1,1,0.033,19.53,0
69.37,17,141,46.91,0,19.47,1,0,3,0,1,0,1,0.322,9.29,0
101.31,14,128,10.38,3,18.2,0,0,8,0,1,1,0,0.149,18.84,0
86.26,7,949,5.48,1,15.21,0,0,42,0,1,1,0,0.218,3.12,0
71.68,17,185,66.85,1,7.38,1,0,5,0,1,0,1,0.139,8.5,0
21.87,23,207,31.53,2,39.81,0,0,20,0,1,1,0,0.138,9.34,0
16.92,22,110,17.69,3,31.3,0,0,9,0,1,1,0,0.152,26.71,0
41.79,2,1626,33.8,6,10.52,1,0,51,0,1,1,0,0.254,58.37,1
76.18,5,140,17.16,1,35.98,1,0,13,0,1,1,0,0.129,16.57,0
23.98,21,142,8.71,4,21.13,0,0,9,0,1,1,0,0.076,6.74,0
86.94,20,1440,44.36,0,13.07,0,0,86,0,1,1,0,0.096,0.0,0
128.08,23,1156,49.55,0,43.0,0,1,53,0,1,1,1,0.126,11.1,0
11.99,14,143,5.66,4,26.96,0,0,6,0,1,1,1,0.075,40.18,0
12.98,11,1000,6.56,0,79.42,0,0,25,0,1,1,1,0.174,10.05,0
26.04,4,144,7.24,0,15.03,0,0,4,0,1,1,1,0.304,0.0,0
40.76,6,44,25.9,1,38.23,1,0,1,0,1,1,1,0.395,7.65,0
17.73,21,858,23.49,0,92.51,0,0,66,0,1,1,1,0.101,0.0,0
115.84,14,738,61.22,1,29.35,0,2,71,0,1,1,1,0.192,4.23,1
45.79,6,175,9.39,1,11.47,0,0,9,0,1,1,1,0.176,0.0,0
31.17,12,47,20.02,0,17.74,0,0,2,0,1,1,1,0.239,0.0,0
7.13,2,116,29.14,0,81.36,0,0,10,0,1,1,1,0.145,4.17,0
8.04,22,737,3.75,3,78.55,0,1,54,0,1,0,1,0.286,40.73,0
39.69,12,1673,14.54,0,17.87,0,0,62,0,1,1,1,0.063,0.0,0
3.55,2,150,11.9,1,14.59,0,0,9,0,1,0,0,0.265,29.16,0
82.49,1,853,20.37,2,49.8,0,0,77,0,1,0,1,0.225,10.27,0
25.58,22,129,17.83,0,13.66,0,0,9,0,1,1,0,0.112,0.0,0
767.47,3,569,25.13,0,28.49,0,0,27,0,1,1,1,0.031,0.0,1
301.24,16,44,5.59,0,3.23,0,0,2,1,1,1,1,0.294,11.77,1
24.99,5,440,3.66,0,92.28,0,1,40,0,1,1,1,0.423,0.0,0
26.94,10,157,24.54,1,32.0,0,0,11,0,1,1,1,0.094,0.0,0
81.09,5,1301,6.71,0,18.91,0,0,76,0,1,1,1,0.168,0.0,0
164.54,21,171,5.09,0,36.21,0,0,12,0,1,1,0,0.089,16.38,0
5.82,1,254,6.16,2,45.57,0,0,18,1,1,1,0,0.374,20.11,0
5.02,16,918,1.03,2,6.7,0,0,58,0,1,1,1,0.344,18.55,0
16.09,2,288,22.25,1,13.89,0,0,19,0,1,0,1,0.206,0.8,0
53.66,11,136,18.84,1,19.91,0,1,6,0,1,1,1,0.396,5.41,0
49.25,13,397,12.07,2,9.01,0,0,18,0,1,1,0,0.158,15.69,0
87.34,1,916,18.89,1,18.95,1,1,41,0,0,1,0,0.355,11.09,0
9.03,21,284,7.01,2,19.11,0,1,5,0,1,1,1,0.135,24.78,0
2.96,21,71,5.25,1,14.34,0,1,6,0,1,1,1,0.086,0.66,0
70.67,4,242,29.74,0,17.02,0,1,7,0,1,1,1,0.193,4.58,0
13.09,9,1545,8.23,2,21.51,0,0,37,0,1,1,1,0.134,13.14,0
3.98,9,37,3.27,4,6.82,1,0,1,0,1,1,0,0.38,53.56,0
34.64,20,263,20.74,1,50.68,0,0,14,0,1,0,1,0.097,0.0,0
66.23,8,522,6.14,1,38.0,0,0,20,0,1,1,1,0.292,10.75,0
26.52,20,41,3.57,1,19.18,0,1,3,1,1,1,0,0.137,11.35,0
18.96,12,212,0.41,0,26.99,0,0,6,0,1,1,0,0.154,0.0,0
25.55,9,1412,52.9,1,25.81,3,1,91,0,1,1,0,0.478,47.02,1
20.69,5,16,9.45,1,121.39,0,0,1,0,1,1,0,0.168,19.05,0
7.78,10,697,2.65,2,15.34,1,0,49,0,1,1,0,0.156,30.54,0
14.66,3,921,21.27,1,33.92,1,0,76,0,1,1,1,0.142,11.66,0
50.46,13,162,32.79,1,3.86,0,0,14,1,1,0,0,0.062,0.0,0
41.33,16,121,11.26,1,34.04,0,0,4,0,1,1,0,0.104,5.51,0
35.45,19,1231,0.43,2,18.85,0,0,121,0,1,1,0,0.295,12.6,0
11.08,1,722,6.82,2,34.56,1,0,36,0,1,1,0,0.03,22.9,0
24.99,9,60,4.18,1,31.2,1,0,4,0,1,1,0,0.037,21.94,0
3.4,2,119,15.18,3,26.32,0,1,2,0,1,1,1,0.437,15.75,1
35.82,6,486,10.97,0,30.71,0,0,38,0,1,1,0,0.313,0.0,0
125.07,6,272,6.59,5,50.76,0,0,23,0,1,1,1,0.136,40.0,0
6.86,0,351,15.68,1,22.42,0,0,9,0,1,1,0,0.063,11.51,0
16.68,7,1514,13.17,4,20.67,0,0,63,0,1,1,1,0.173,42.69,0
41.64,22,273,35.55,2,59.51,0,0,14,0,1,1,0,0.222,16.31,0
104.88,0,1067,13.62,2,30.44,0,1,85,0,1,1,0,0.377,22.32,0
19.14,7,541,10.63,2,14.83,0,0,32,0,1,1,0,0.095,11.67,0
15.0,13,65,26.03,1,38.44,1,0,4,0,1,1,1,0.232,13.47,0
4.18,13,682,3.39,1,22.25,0,0,32,0,1,1,0,0.286,0.9,0
33.23,1,367,4.19,2,9.13,0,0,32,0,1,1,1,0.039,21.5,0
230.92,7,128,22.96,1,38.71,0,0,6,0,1,1,0,0.282,19.47,0
39.54,18,171,8.76,1,19.62,1,0,9,0,1,1,1,0.502,18.74,0
29.3,9,407,7.9,1,6.16,0,0,21,0,1,1,1,0.073,15.53,0
41.35,6,460,32.72,2,9.54,0,0,37,0,1,1,1,0.095,16.0,0
29.63,12,1724,14.13,1,44.65,0,0,146,0,1,1,1,0.155,18.21,0
13.29,21,965,24.36,0,32.68,0,0,88,0,1,1,1,0.096,0.0,0
68.26,20,115,24.9,0,23.58,1,1,4,1,1,1,1,0.274,17.72,0
37.55,14,744,1.92,3,38.91,0,0,68,0,1,1,1,0.232,14.21,0
30.5,10,4,15.91,1,43.27,0,0,0,0,1,1,0,0.044,7.36,0
11.3,13,70,45.71,1,50.38,2,0,6,0,1,1,0,0.103,35.28,0
110.33,10,111,9.81,1,49.78,1,0,9,0,1,0,0,0.086,19.29,0
58.25,1,455,19.76,2,16.72,0,0,24,0,1,1,0,0.109,6.91,0
17.24,1,108,12.55,0,4.15,0,0,8,0,1,1,1,0.082,0.0,0
81.6,11,227,3.44,1,17.27,0,0,17,0,1,1,1,0.112,10.59,0
18.22,14,139,3.26,2,187.27,0,0,2,0,1,1,0,0.18,21.65,0
13.71,16,206,8.53,0,49.63,0,0,3,0,1,1,1,0.513,11.52,0
14.02,13,1428,9.9,1,19.3,0,0,34,0,1,1,0,0.034,12.59,0
5.1,15,2972,10.49,2,18.9,0,0,284,0,0,0,1,0.08,15.93,0
48.02,7,579,46.52,0,73.32,0,1,44,0,1,1,1,0.122,0.0,0
4.8,23,425,1.58,3,10.74,0,0,21,0,1,0,1,0.122,27.1,0
8.77,16,616,7.18,3,45.65,1,0,21,0,1,1,1,0.068,43.7,0
3.76,4,738,10.84,1,8.62,1,0,70,0,1,1,1,0.34,14.48,0
27.49,11,672,49.5,5,66.66,0,0,24,0,1,1,0,0.496,28.66,0
25.78,5,43,10.53,0,25.53,2,0,2,0,1,0,0,0.173,25.76,0
21.61,17,186,22.39,1,58.51,0,1,6,0,1,1,1,0.568,6.52,1
10.56,4,210,20.75,1,18.93,1,1,16,1,1,0,0,0.211,23.42,0
9.28,5,230,12.54,1,132.89,1,0,7,0,1,1,1,0.19,26.42,0
47.67,8,211,2.1,3,33.37,0,0,13,0,1,1,1,0.114,11.77,0
17.28,14,773,3.7,1,42.82,0,0,54,0,1,1,0,0.429,9.39,0
41.11,9,688,4.12,0,67.1,0,0,66,0,1,1,1,0.206,0.0,0
12.36,16,2,0.59,0,109.48,0,1,0,0,1,1,1,0.218,7.58,0
35.91,18,176,7.15,2,22.2,0,0,10,0,1,1,0,0.193,4.91,0
110.31,11,489,14.14,1,30.61,0,0,24,0,1,1,1,0.271,8.99,0
53.85,8,64,2.34,1,36.77,1,0,1,0,1,1,0,0.056,19.77,0
19.84,14,37,2.89,2,72.98,0,0,2,0,1,1,0,0.178,15.91,0
38.75,13,881,18.41,1,55.6,1,0,32,1,1,1,1,0.423,26.23,0
23.55,0,301,2.78,0,6.45,0,0,12,1,1,1,0,0.115,0.0,0
30.2,16,968,2.18,0,8.93,0,0,17,0,1,1,1,0.121,5.02,0
21.64,0,867,57.14,1,48.49,0,0,62,1,1,1,1,0.414,7.76,0
25.42,22,1119,0.22,1,105.19,1,2,89,0,1,0,1,0.193,14.18,0
37.04,20,25,5.9,0,18.44,0,0,0,0,1,1,1,0.139,0.0,0
11.1,21,103,0.53,1,43.27,0,0,2,0,1,1,0,0.284,2.6,0
10.85,12,176,27.31,0,18.52,0,0,15,0,1,1,1,0.083,0.0,0
7.47,7,73,13.14,0,30.48,0,1,5,0,1,1,0,0.104,0.0,0
6.05,12,332,0.74,0,14.74,0,0,8,0,1,1,0,0.233,1.68,0
8.87,15,802,14.33,2,17.62,0,0,41,0,1,1,0,0.234,12.66,0
35.14,1,1510,1.97,0,24.14,0,0,64,0,1,1,1,0.32,0.0,0
12.27,12,1102,10.27,1,33.27,0,0,33,0,1,1,1,0.076,0.0,0
50.08,17,306,16.6,0,90.66,0,0,16,0,1,1,0,0.235,3.05,0
31.02,2,506,2.41,4,14.09,0,1,44,0,0,1,0,0.081,39.25,0
4.18,12,131,10.31,1,87.87,0,0,11,0,1,1,0,0.5,11.13,0
57.68,18,258,9.17,2,47.88,0,0,16,0,1,0,0,0.213,8.62,0
67.41,12,1025,37.11,1,16.21,0,1,64,1,1,1,1,0.24,12.41,0
11.09,18,15,81.74,0,15.73,0,0,1,1,1,1,1,0.105,0.0,0
45.61,3,380,15.94,0,10.3,0,0,37,0,1,1,0,0.115,0.0,0
12.72,18,1031,28.95,2,14.13,0,0,87,0,1,1,0,0.114,11.02,0
33.04,17,65,15.61,0,8.1,0,0,2,0,0,1,1,0.316,4.76,0
8.46,5,2024,31.35,1,27.2,0,0,112,0,1,1,1,0.307,15.8,0
4.99,18,6,8.52,1,19.18,3,1,0,0,1,1,0,0.083,26.33,0
20.43,3,1086,14.05,0,15.21,0,0,94,0,1,1,1,0.085,4.17,0
26.48,3,218,27.98,4,71.36,0,0,5,1,1,1,1,0.046,29.99,0
20.13,23,71,37.53,1,30.53,1,0,5,0,1,1,1,0.257,11.09,0
9.17,6,86,0.37,1,34.43,0,0,2,0,1,1,0,0.283,16.61,0
20.09,6,604,1.65,2,61.71,0,0,15,0,1,1,1,0.386,13.12,0
39.22,22,1023,40.14,3,10.72,0,0,88,1,1,1,0,0.283,32.51,0
28.65,15,512,12.61,1,23.32,0,0,42,0,1,1,1,0.203,0.0,0
35.96,15,1321,69.37,0,64.09,1,0,104,0,1,1,1,0.29,14.9,0
15.33,4,924,23.6,0,8.53,0,0,17,0,1,1,1,0.015,7.55,0
96.71,14,5,25.57,1,34.91,0,0,0,0,1,1,0,0.098,0.0,0
9.24,22,553,7.32,3,88.39,0,0,29,0,1,1,0,0.13,25.57,0
48.79,3,182,4.47,0,6.28,1,0,16,0,1,1,1,0.36,7.68,0
97.7,23,303,13.68,0,88.64,0,0,18,0,1,0,1,0.193,0.0,0
48.47,12,49,31.68,1,50.49,0,0,2,0,1,0,1,0.045,14.95,0
24.47,18,166,19.4,1,31.51,2,0,2,0,0,1,1,0.091,25.0,0
17.67,6,501,9.58,0,67.99,0,0,42,0,1,1,0,0.372,0.0,0
84.44,11,123,20.99,1,36.5,0,0,8,0,1,1,0,0.238,7.75,0
7.22,8,521,17.59,1,12.42,0,0,24,0,1,1,1,0.237,0.0,0
11.36,16,1282,36.64,1,19.36,0,0,38,0,1,1,1,0.376,0.0,0
20.13,1,2,4.59,0,25.34,0,0,0,0,1,1,0,0.324,4.42,0
103.3,15,770,1.91,1,44.18,0,1,28,0,1,0,0,0.119,1.56,0
43.81,6,513,9.52,2,15.25,0,0,27,0,1,0,1,0.332,17.5,0
11.38,17,24,6.72,0,31.11,0,1,1,0,1,1,1,0.339,0.0,0
21.97,6,781,55.25,3,28.15,0,0,15,0,1,1,1,0.134,41.33,0
16.21,0,127,0.11,0,30.91,0,0,12,0,1,1,1,0.156,10.61,0
14.73,2,155,40.63,1,48.84,0,0,8,0,1,1,0,0.157,11.42,0
79.75,20,49,46.54,0,18.99,0,0,4,0,1,1,1,0.064,10.87,0
7.6,10,382,0.78,0,12.8,0,0,10,0,1,1,1,0.172,0.0,0
149.72,21,345,33.05,5,23.61,0,0,23,1,1,1,1,0.329,52.92,1
68.6,14,213,9.55,1,7.74,1,1,12,0,1,1,0,0.378,13.09,0
89.2,2,92,21.8,1,41.13,0,0,8,0,1,1,1,0.094,5.52,0
18.86,23,910,1.24,0,40.01,0,1,76,0,1,1,0,0.17,9.92,0
25.79,12,1045,46.59,3,31.75,0,0,53,0,1,1,1,0.017,21.66,0
7.15,3,389,14.03,0,9.62,0,0,32,0,1,1,0,0.1,0.02,0
17.73,22,140,34.34,2,12.64,0,0,7,0,1,0,0,0.225,14.31,0
49.09,21,51,16.77,3,99.99,0,1,4,0,1,1,1,0.488,36.31,1
109.52,7,1015,11.54,2,22.08,1,0,41,0,1,1,1,0.213,27.49,0
9.9,21,50,2.84,1,48.93,1,0,2,0,1,1,1,0.137,11.62,0
20.79,3,7,2.94,1,221.31,1,1,0,0,1,1,0,0.198,14.94,0
25.76,17,317,9.6,2,21.36,0,1,19,0,1,1,1,0.33,7.43,0
7.42,6,657,30.65,1,40.36,0,1,32,0,0,1,0,0.054,0.62,0
54.13,10,306,1.84,1,25.47,2,0,29,0,1,1,1,0.125,22.76,0
14.53,3,26,96.43,2,45.83,1,1,1,0,1,1,1,0.245,11.14,0
24.65,12,586,31.3,0,41.08,0,0,44,0,1,1,0,0.094,4.84,0
19.07,8,514,7.48,4,41.13,1,0,26,0,1,1,0,0.051,46.33,0
13.61,8,572,4.38,2,89.54,0,0,44,1,1,1,0,0.256,17.54,0
29.75,22,119,38.26,3,15.17,0,0,9,0,1,1,1,0.427,17.23,0
24.15,20,794,1.97,2,31.69,1,0,49,0,1,1,1,0.108,32.84,0
20.66,18,326,6.4,2,26.03,1,0,6,0,1,1,0,0.267,29.8,0
14.46,2,384,1.31,4,11.83,1,0,22,0,1,1,1,0.127,35.28,0
41.24,11,395,46.01,1,31.18,0,0,36,1,1,1,0,0.034,15.43,0
156.59,10,169,14.42,3,67.93,0,0,3,0,1,1,1,0.024,21.21,0
34.46,19,144,6.15,2,8.49,0,1,9,0,1,1,1,0.04,23.07,0
81.14,10,2,4.83,1,61.18,0,0,0,0,1,1,0,0.226,5.37,0
7.46,16,253,8.81,1,37.83,0,0,14,0,0,1,0,0.18,14.15,0
35.08,20,332,1.44,2,56.72,0,0,24,0,1,1,0,0.293,6.38,0
10.0,13,679,33.02,1,27.89,0,1,32,0,1,1,1,0.062,2.47,0
6.84,15,34,10.73,0,298.61,0,0,0,0,1,1,0,0.153,8.13,0
14.31,23,1288,19.37,4,38.1,0,0,123,0,1,0,1,0.137,21.06,0
98.68,9,153,3.99,1,32.32,0,0,14,0,1,1,0,0.248,10.78,0
77.48,3,228,10.51,0,29.22,0,0,18,0,1,1,1,0.123,0.0,0
38.21,9,25,3.56,2,14.72,0,1,0,0,1,1,0,0.278,9.15,0
6.47,19,529,25.4,1,21.82,0,0,42,0,1,1,1,0.297,10.53,0
24.62,11,617,22.39,1,19.18,0,0,27,0,1,1,0,0.116,2.11,0
40.52,8,1321,2.41,0,43.92,0,0,89,0,1,1,1,0.331,20.46,0
35.71,14,205,1.16,2,59.32,0,0,11,1,1,1,1,0.09,9.97,0
4.74,8,149,26.08,2,65.96,0,0,5,0,1,1,1,0.33,26.88,0
12.3,6,647,1.74,1,20.18,0,1,45,0,1,1,0,0.04,14.12,0
28.1,23,613,11.93,0,9.26,0,0,46,0,1,1,0,0.273,0.49,0
51.23,11,1383,11.47,1,49.74,0,0,83,0,1,1,0,0.279,7.48,0
3.33,19,115,3.4,2,13.9,0,0,3,0,1,1,1,0.35,12.27,0
25.48,23,611,13.42,1,70.94,0,0,35,1,0,1,0,0.094,13.54,0
34.57,13,35,10.48,1,41.9,0,1,2,0,1,1,1,0.283,5.02,0
70.08,21,327,10.68,0,44.17,0,1,28,1,1,1,1,0.288,0.0,0
59.91,15,64,6.69,2,16.21,0,0,1,0,1,1,1,0.2,10.29,0
53.65,18,529,27.34,3,21.15,0,1,17,0,1,1,0,0.125,19.27,0
13.46,22,460,1.32,2,18.64,0,0,43,0,1,1,1,0.249,10.23,0
4.45,2,25,8.66,1,65.78,0,0,2,0,1,1,1,0.089,3.58,0
20.23,10,193,4.51,1,12.71,1,1,14,0,1,1,1,0.238,18.52,0
81.58,22,251,28.3,1,57.81,0,0,7,0,1,1,0,0.112,0.0,0
120.72,20,143,3.82,0,56.01,0,0,2,0,1,1,1,0.257,0.0,0
60.98,19,20,21.85,3,24.13,0,0,1,0,1,1,1,0.181,12.45,0
46.03,18,192,14.18,0,113.4,1,0,17,0,0,1,0,0.259,4.87,0
43.8,7,787,31.17,3,41.81,0,1,17,0,1,1,1,0.11,29.27,0
17.18,19,223,13.51,0,5.11,0,0,5,0,1,1,0,0.125,3.45,0
26.31,7,195,12.2,1,36.35,0,0,19,0,1,1,0,0.038,10.56,0
159.03,2,1422,24.23,2,12.29,1,1,51,1,1,1,1,0.025,33.52,0
11.67,9,21,12.4,3,19.83,0,0,1,0,1,1,1,0.099,16.68,0
150.62,12,729,27.92,0,64.33,0,0,46,0,1,1,0,0.143,8.68,0
21.71,8,330,0.76,3,14.46,0,0,16,0,1,1,1,0.178,13.53,0
112.78,5,1445,10.25,2,60.0,0,1,120,0,1,1,0,0.152,7.63,0
7.34,14,250,25.12,2,27.07,0,2,9,0,1,0,1,0.185,31.57,0
53.83,15,616,28.29,0,22.83,0,0,24,1,1,1,0,0.271,7.63,0
14.34,4,36,26.94,2,10.07,0,0,1,0,1,1,0,0.214,26.29,0
7.28,20,1321,13.91,1,11.65,0,0,82,0,1,1,1,0.124,16.68,0
37.28,12,211,76.67,1,57.27,0,0,15,0,1,1,0,0.168,0.0,0
82.23,18,371,3.0,3,18.04,0,0,9,0,1,1,0,0.099,4.81,0
12.87,1,75,2.88,0,21.31,0,0,2,0,1,1,0,0.341,0.0,0
6.69,5,1455,0.5,0,26.03,0,0,38,0,1,1,1,0.049,13.77,0
27.33,0,559,68.11,4,39.47,0,0,39,0,0,1,1,0.28,58.28,0
27.46,14,28,6.42,1,113.96,0,0,1,0,1,1,1,0.233,11.96,0
51.85,14,84,21.54,1,44.92,0,2,7,0,1,1,0,0.367,20.26,1
77.45,13,255,0.92,3,237.29,0,0,10,0,1,1,0,0.107,24.38,0
28.24,6,122,5.32,3,44.97,0,0,9,1,1,1,0,0.129,24.03,0
191.62,4,182,14.67,1,10.59,0,0,7,0,1,0,0,0.421,0.0,0
37.5,19,2994,11.16,3,30.05,0,1,237,0,1,0,1,0.105,11.39,0
21.19,15,537,3.49,1,182.71,0,1,36,0,1,1,1,0.461,4.9,0
5.98,16,1277,9.29,0,116.61,0,0,65,0,1,1,1,0.089,12.74,0
23.04,10,286,1.73,0,71.2,0,0,19,0,1,0,0,0.094,0.59,0
21.4,14,619,11.74,2,7.41,0,0,53,0,1,1,1,0.34,21.25,0
78.28,19,308,1.53,2,88.89,0,0,10,0,1,1,1,0.239,20.0,0
47.58,15,199,15.16,0,17.99,0,0,13,0,1,1,0,0.421,0.0,0
9.21,2,366,2.53,0,34.1,0,0,36,0,1,1,0,0.161,0.0,0
35.6,5,279,11.88,2,27.42,0,1,23,0,0,1,0,0.144,19.32,0
58.65,20,1970,2.07,0,21.92,1,1,81,0,1,1,0,0.256,11.72,0
138.11,22,343,7.68,1,26.48,0,0,28,0,1,1,1,0.085,15.53,0
72.78,12,833,6.5,0,20.48,1,0,48,0,1,1,0,0.36,16.93,0
64.13,0,550,21.18,2,5.66,0,0,44,0,1,1,1,0.038,33.65,0
31.82,20,327,15.37,1,10.09,0,0,8,0,1,1,0,0.21,14.34,0
44.18,13,321,41.49,2,45.01,0,1,28,0,1,1,1,0.223,8.49,0
104.53,1,209,38.25,0,78.75,0,0,20,0,1,1,0,0.595,0.0,0
7.9,1,57,19.36,0,30.68,0,1,3,1,1,1,0,0.207,0.0,0
21.13,14,717,22.08,1,48.86,0,0,42,0,1,1,1,0.298,8.25,0
13.84,17,1251,14.71,1,22.06,0,0,40,1,1,1,0,0.125,13.62,0
43.78,8,123,17.65,1,22.07,1,0,9,0,1,1,0,0.066,24.07,0
102.54,2,1300,14.4,1,17.45,0,0,30,0,1,1,0,0.39,11.66,0
16.49,3,132,5.6,0,8.44,0,1,8,0,1,1,1,0.083,0.0,0
2.74,14,378,6.48,4,40.67,0,1,19,0,1,1,1,0.184,26.73,0
19.84,4,211,12.83,2,22.76,1,0,7,0,1,1,1,0.159,23.22,0
74.7,19,61,19.1,0,65.51,0,0,5,0,1,1,1,0.272,0.09,0
51.3,19,27,7.82,2,42.97,0,0,2,0,1,1,1,0.389,26.32,0
45.98,4,227,2.31,2,41.89,0,0,9,0,1,1,1,0.086,18.97,0
22.65,9,24,9.23,2,27.27,0,0,1,0,1,1,1,0.303,15.84,0
8.34,15,55,49.53,3,9.49,0,0,2,0,1,1,0,0.084,23.48,0
50.16,11,77,3.61,2,11.54,1,1,2,0,0,1,1,0.204,39.76,0
13.01,13,1,15.71,1,20.35,0,0,0,0,1,1,1,0.302,2.07,0
266.16,21,83,60.72,2,59.52,0,0,2,0,1,1,1,0.365,15.49,1
53.01,10,431,7.08,2,47.6,0,1,19,0,1,1,1,0.034,27.04,0
16.77,18,856,32.82,0,210.08,0,0,63,0,1,1,1,0.17,5.34,0
16.26,5,107,29.93,1,10.84,0,0,4,0,1,1,1,0.016,4.52,0
27.3,9,42,6.21,0,55.4,0,0,3,1,1,1,1,0.127,3.04,0
23.58,19,654,1.56,0,12.28,0,0,52,0,1,1,1,0.169,7.53,0
91.55,2,4,2.95,1,58.75,0,1,0,0,1,1,0,0.118,5.98,0
36.1,21,662,6.83,1,32.13,0,0,14,0,1,1,1,0.151,11.29,0
14.42,14,70,47.96,1,7.86,0,0,5,0,0,1,1,0.159,8.03,0
198.43,10,130,4.81,1,24.86,0,0,3,0,1,1,0,0.347,8.28,0
31.48,21,64,39.23,3,83.0,0,0,2,0,1,1,1,0.256,23.1,0
64.64,1,142,3.0,1,27.49,1,0,9,0,1,1,1,0.24,11.5,0
16.31,23,800,52.5,1,36.86,0,0,74,0,1,1,1,0.055,0.0,0
43.08,5,71,5.21,1,50.49,0,0,5,0,1,1,0,0.234,23.56,0
40.9,16,2572,15.04,2,18.7,0,0,100,0,1,1,0,0.112,17.09,0
4.53,17,198,1.08,1,94.45,1,0,16,0,1,1,0,0.206,14.68,0
224.81,3,1275,5.34,2,36.03,0,0,64,0,1,1,0,0.027,9.99,0
108.92,22,105,3.55,4,74.23,0,0,3,0,1,1,0,0.124,39.64,0
20.14,8,104,0.05,4,36.46,0,0,4,0,0,1,1,0.404,29.48,0
9.95,9,417,2.56,2,28.92,0,0,35,0,1,1,0,0.314,0.0,0
42.42,20,26,13.49,1,16.28,1,0,1,0,1,1,1,0.2,5.05,0
32.68,1,807,7.41,1,51.72,0,0,39,0,1,1,1,0.171,5.72,0
42.76,10,290,19.23,1,19.65,0,0,28,0,1,1,0,0.109,8.41,0
36.29,10,601,16.68,0,19.7,1,0,35,0,1,1,1,0.208,16.25,0
49.71,10,96,24.09,2,4.63,2,0,5,0,1,1,0,0.223,38.59,0
127.4,0,514,30.26,0,13.17,0,0,39,0,1,1,0,0.058,9.55,0
52.88,13,451,25.71,1,15.34,0,0,43,0,1,1,0,0.077,9.98,0
10.49,0,705,8.91,0,25.49,0,1,69,0,1,1,1,0.041,15.86,0
117.05,20,176,5.54,1,43.33,0,0,14,0,1,1,1,0.086,10.57,0
154.56,22,1353,10.47,1,16.96,0,0,120,1,1,1,0,0.174,24.12,0
700.68,8,1626,11.49,2,16.98,0,0,150,0,1,1,1,0.393,3.21,1
9.74,23,1013,5.64,1,83.91,0,0,79,0,1,1,0,0.032,23.4,0
38.2,0,424,11.65,1,56.28,0,1,27,0,1,1,1,0.373,19.93,0
3.74,20,273,1.68,1,22.01,0,0,10,0,1,1,0,0.19,4.94,0
52.1,21,30,3.94,2,18.3,0,0,2,0,1,0,0,0.117,12.73,0
17.32,21,1471,20.56,1,11.29,0,0,86,1,1,1,0,0.231,0.0,0
205.09,3,1516,3.03,3,38.02,0,0,141,0,1,1,0,0.359,24.56,1
13.81,0,9,2.25,2,89.53,0,0,0,0,1,1,1,0.305,20.6,0
5.53,18,221,5.08,3,18.67,0,0,20,0,1,1,1,0.122,20.54,0
18.7,9,1060,6.96,1,29.97,0,0,101,0,1,1,0,0.038,7.94,0
4.16,14,42,5.97,1,37.39,0,0,1,0,1,1,1,0.193,12.18,0
63.5,19,109,7.04,1,15.94,1,1,9,0,1,1,1,0.231,1.22,0
3.8,3,1924,2.26,1,11.25,0,0,126,0,1,1,0,0.076,14.54,0
30.83,19,940,2.71,3,9.94,1,0,38,0,1,1,0,0.324,49.8,0
3.75,13,1216,4.03,2,71.84,0,1,88,0,1,1,1,0.191,20.64,0
21.75,4,77,7.71,1,21.34,0,0,6,0,1,1,0,0.166,2.06,0
154.99,14,119,6.14,1,66.59,1,1,6,0,1,1,1,0.179,11.1,0
42.98,14,465,23.51,1,31.32,1,0,31,0,1,0,1,0.157,13.92,0
12.64,15,348,11.18,0,126.35,0,0,11,0,1,1,1,0.23,0.64,0
29.04,15,177,12.86,0,9.63,0,0,3,0,1,1,1,0.151,0.0,0
30.51,3,1076,12.33,4,60.17,0,1,101,0,1,1,1,0.076,33.94,0
48.07,8,1158,7.63,2,21.03,0,0,34,0,1,1,1,0.133,13.11,0
7.64,0,172,59.05,2,8.09,0,0,10,0,1,1,1,0.289,18.73,0
54.19,4,85,0.57,1,17.5,0,0,2,0,1,1,0,0.063,14.87,0
2.0,8,81,3.65,1,3.04,0,0,7,0,1,1,0,0.073,7.0,0
15.96,19,331,5.02,1,6.48,0,0,26,0,1,1,0,0.041,9.32,0
18.39,4,71,31.97,1,45.96,0,0,2,0,1,1,0,0.284,16.38,0
56.45,3,321,37.68,4,25.54,0,0,27,0,1,1,1,0.049,33.72,0
30.65,15,310,28.07,2,42.79,1,0,13,0,1,1,1,0.371,22.66,0
7.35,1,1078,8.09,0,35.56,0,0,93,0,1,1,1,0.208,4.67,0
11.19,15,176,36.91,2,26.57,0,0,6,0,1,1,1,0.117,24.88,0
36.55,17,411,1.56,3,58.46,0,0,23,0,1,1,0,0.361,22.0,0
27.69,1,680,15.85,2,8.82,0,0,26,0,1,1,1,0.272,10.59,0
16.79,15,453,41.52,0,58.66,0,0,32,0,1,0,0,0.181,0.0,0
18.53,0,1540,21.09,0,23.19,0,0,32,0,1,1,1,0.129,4.53,0
60.11,15,461,4.88,1,28.45,0,1,29,0,1,1,0,0.538,11.17,0
17.86,2,1161,18.96,2,84.46,0,0,90,0,1,1,1,0.148,15.71,0
27.44,14,141,5.24,1,8.69,0,0,4,0,1,1,1,0.152,4.23,0
262.42,10,411,1.77,1,43.6,1,0,14,0,1,1,1,0.1,6.03,0
7.22,9,392,18.95,4,11.77,0,0,30,0,1,1,1,0.221,29.62,0
4.7,16,2276,2.96,2,84.19,1,0,116,1,1,1,0,0.125,19.85,0
65.6,3,114,1.77,3,116.85,1,0,7,0,1,1,0,0.119,37.28,0
15.2,16,76,12.04,0,47.49,0,1,3,0,1,1,1,0.237,0.0,0
21.8,3,473,14.54,0,60.36,0,0,24,0,1,1,0,0.28,1.82,0
13.72,18,127,0.79,1,5.13,0,0,5,0,1,0,1,0.04,14.18,0
23.11,0,510,0.07,4,16.13,0,0,33,0,1,1,0,0.023,40.81,0
148.2,13,1797,32.07,2,27.14,0,2,119,0,1,0,0,0.018,27.06,0
66.83,23,1464,1.84,1,35.62,0,0,116,1,1,1,1,0.295,0.0,0
70.97,10,131,13.15,2,18.69,0,0,7,0,1,1,1,0.203,25.97,0
7.27,6,94,46.04,0,18.57,0,0,5,1,1,1,0,0.273,0.0,0
9.48,16,411,10.76,2,14.76,0,0,35,0,1,1,1,0.073,14.99,0
1.75,3,442,2.26,1,27.88,1,0,8,0,0,1,0,0.093,3.92,0
13.34,9,543,7.5,3,13.21,0,0,32,1,1,1,1,0.326,34.21,0
78.0,16,676,14.67,3,5.72,0,0,18,0,1,1,0,0.524,23.66,0
50.25,3,459,21.59,3,2.85,0,0,33,0,1,1,1,0.107,31.12,0
24.01,18,59,14.01,2,40.66,0,2,5,0,1,1,1,0.095,8.4,0
29.3,17,781,0.52,0,29.41,0,0,40,0,1,1,0,0.087,0.29,0
15.05,16,41,2.32,1,26.84,0,0,2,0,1,1,1,0.118,7.23,0
36.77,5,10,6.97,5,58.92,0,0,0,0,1,1,0,0.104,43.91,0
64.45,6,734,18.35,1,7.69,1,0,58,0,1,1,0,0.398,27.38,0
5.95,5,397,13.17,3,24.25,1,0,26,0,1,1,0,0.302,27.9,0
40.43,11,600,0.69,2,84.84,1,1,40,0,1,1,1,0.039,12.56,0
76.13,8,241,23.91,3,19.87,0,0,7,0,1,0,0,0.21,0.08,0
19.78,17,6,13.94,1,22.96,0,0,0,0,1,1,0,0.208,8.61,0
60.38,1,201,32.73,2,59.34,1,0,13,0,1,1,1,0.193,19.1,0
500.02,16,468,8.11,1,22.15,1,0,12,0,1,1,1,0.077,17.36,1
27.0,20,128,10.11,2,6.37,0,0,3,0,0,1,1,0.153,16.77,0
44.4,0,582,7.8,1,24.13,0,0,17,0,1,0,0,0.2,2.11,0
14.32,22,791,19.23,1,15.88,0,1,39,0,0,1,0,0.153,3.15,0
35.92,8,303,20.92,2,10.07,1,1,11,0,1,1,0,0.278,31.44,0
47.48,5,1043,19.27,2,80.34,0,0,100,0,1,0,1,0.332,11.67,0
36.41,1,965,5.17,1,32.0,0,0,70,0,1,1,0,0.055,16.36,0
10.81,5,1052,15.16,2,58.96,0,0,34,0,1,1,1,0.245,11.34,0
36.83,8,541,6.2,1,7.85,1,0,45,0,0,1,1,0.017,23.32,0
129.31,2,182,26.95,1,20.92,0,0,7,0,1,1,1,0.446,18.43,0
46.93,15,328,0.85,1,56.26,0,0,27,0,1,1,0,0.101,7.61,0
78.41,23,620,0.58,1,39.58,0,0,34,0,1,0,0,0.274,14.97,0
23.64,14,118,1.61,2,73.26,0,0,6,0,1,1,1,0.294,11.57,0
63.43,11,671,3.39,0,18.83,0,0,32,0,0,1,0,0.017,0.0,0
39.62,22,397,0.58,0,29.71,1,0,14,0,1,0,1,0.108,22.19,0
11.58,7,50,1.11,4,31.7,0,1,3,0,1,1,1,0.12,47.56,0
41.2,5,407,5.48,1,33.99,0,0,23,0,1,1,1,0.112,15.96,0
11.12,2,35,1.58,1,29.41,0,0,0,0,1,0,1,0.146,13.79,0
15.91,22,7,24.3,2,19.28,0,0,0,0,1,1,1,0.363,15.89,0
36.21,3,1102,0.83,0,50.96,0,0,88,0,1,1,1,0.097,0.0,0
40.34,9,337,35.78,1,45.87,0,0,13,0,1,1,1,0.021,10.83,0
9.12,13,392,30.7,0,32.88,0,0,28,0,1,0,1,0.101,5.67,0
85.97,20,164,3.51,0,15.38,0,0,5,0,1,0,1,0.144,0.0,0
53.09,23,391,1.11,1,21.68,0,0,31,0,1,0,0,0.376,18.82,0
14.81,14,92,1.67,0,7.92,0,0,4,0,1,1,1,0.6,9.08,0
6.44,6,685,12.28,0,18.66,0,0,11,0,1,1,1,0.22,0.9,0
25.92,6,867,13.78,1,27.69,0,0,61,0,1,1,1,0.074,7.62,0
19.18,7,969,5.69,0,58.25,0,1,62,0,1,1,1,0.263,10.43,0
33.55,9,56,5.28,3,16.19,1,1,3,0,1,1,1,0.097,27.51,0
20.84,18,408,11.37,0,18.75,0,0,39,0,1,1,0,0.187,3.41,0
4.03,18,827,5.47,2,56.98,1,0,39,0,1,1,0,0.325,20.03,0
20.32,1,69,40.84,5,73.15,0,1,6,1,1,0,1,0.096,36.37,0
22.07,14,52,7.23,1,22.77,0,0,0,0,1,1,0,0.485,7.16,0
56.47,0,849,3.72,2,45.47,0,1,82,0,1,1,1,0.223,16.89,0
14.91,9,797,2.37,1,13.88,1,1,49,0,1,1,0,0.253,16.28,0
160.56,5,298,14.98,2,31.3,0,0,17,0,1,0,0,0.42,20.02,0
4.43,21,58,5.93,4,26.38,0,1,5,0,1,1,0,0.232,43.49,0
111.18,12,363,3.14,0,11.51,0,0,25,0,1,1,1,0.172,0.0,0
23.94,9,251,4.84,2,34.74,0,0,15,0,1,1,1,0.166,15.44,0
70.78,11,365,5.52,1,18.77,0,0,17,0,1,1,1,0.372,13.44,0
32.45,23,290,14.75,0,109.22,0,0,20,1,0,1,1,0.096,2.6,0
93.65,5,420,2.88,1,16.67,0,0,8,1,1,1,1,0.503,14.94,0
20.34,5,649,19.8,2,7.03,0,0,24,0,1,1,0,0.292,0.55,0
9.99,0,746,5.46,1,28.6,1,0,18,0,1,0,1,0.113,1.52,0
124.03,11,523,10.05,1,47.83,2,0,30,0,1,1,0,0.201,27.85,0
26.75,22,111,15.96,1,21.65,0,0,2,0,1,1,0,0.097,17.84,0
37.4,22,253,11.77,3,38.7,0,0,21,0,1,1,0,0.1,43.9,0
103.0,9,37,16.28,3,50.78,0,0,1,0,1,0,1,0.402,32.35,0
10.68,13,300,5.84,1,20.56,0,0,20,0,1,1,1,0.124,20.72,0
54.35,14,1759,49.64,1,217.41,0,0,78,1,1,1,1,0.22,0.0,0
16.61,22,513,9.21,2,22.21,0,0,38,0,1,0,0,0.026,28.69,0
26.25,23,84,5.83,0,122.49,0,0,3,0,1,1,1,0.163,6.95,0
32.21,3,156,5.27,1,58.53,1,0,7,0,1,0,1,0.355,9.11,0
6.68,0,33,0.65,2,103.66,1,0,1,0,0,0,0,0.085,26.69,0
13.75,7,101,17.32,1,50.09,0,1,4,0,1,1,0,0.132,0.64,0
115.71,2,335,4.57,1,39.0,0,0,10,0,0,1,0,0.327,4.71,0
72.69,13,211,47.89,1,14.75,1,0,11,1,1,1,0,0.231,24.28,0
28.14,16,114,3.54,3,19.27,0,0,8,0,1,1,0,0.255,26.41,0
38.21,1,79,11.31,0,12.84,0,0,3,0,1,1,1,0.238,0.58,0
22.33,14,534,19.95,2,36.5,0,1,44,0,1,1,0,0.127,8.67,0
116.35,5,408,30.62,2,67.65,1,0,34,1,1,1,0,0.099,26.77,0
24.52,4,925,2.55,3,32.34,0,1,31,0,1,1,0,0.516,19.46,0
37.78,13,101,63.4,0,45.71,0,0,3,1,1,1,0,0.121,0.0,0
94.26,18,942,35.59,3,72.89,0,0,15,0,1,1,0,0.158,20.42,0
13.77,8,431,49.39,1,17.27,0,0,19,0,1,1,1,0.39,0.22,0
142.42,7,155,28.73,2,48.52,0,0,14,0,1,1,0,0.145,0.0,0
6.49,2,160,31.52,1,76.86,0,0,13,0,1,1,0,0.158,9.45,0
152.88,17,247,13.7,2,56.98,0,0,23,0,1,1,0,0.285,17.62,0
20.64,7,308,27.99,3,90.53,0,0,10,0,1,1,1,0.048,23.32,0
23.51,15,43,11.45,2,76.74,0,0,2,0,1,1,0,0.274,21.82,0
4.53,14,923,11.59,3,13.22,0,1,43,0,1,1,1,0.023,30.38,0
19.01,20,65,12.4,1,20.15,0,0,4,0,1,1,1,0.11,3.9,0
10.59,14,330,84.06,0,41.06,0,0,25,0,1,1,0,0.11,0.0,0
16.32,15,241,1.65,1,29.66,0,1,5,1,1,1,0,0.212,0.0,0
26.12,0,359,24.57,0,4.72,1,2,8,0,1,1,0,0.247,7.85,0
78.08,9,1092,4.79,2,4.02,1,0,28,0,1,1,0,0.354,23.35,0
36.88,18,2259,6.72,2,5.48,3,1,90,0,1,1,1,0.164,64.63,0
40.76,4,10,1.26,1,58.63,0,0,0,0,1,1,0,0.176,7.41,0
10.02,17,250,6.5,0,36.78,1,0,17,0,0,1,0,0.207,6.0,0
12.42,2,851,70.27,1,21.88,0,2,35,0,1,1,1,0.346,7.63,0
181.04,3,198,7.59,1,17.02,1,0,17,0,1,1,1,0.325,26.78,0
14.37,3,524,16.62,3,52.46,0,0,40,0,1,1,0,0.177,10.5,0
156.99,10,2431,1.93,0,46.23,0,0,237,0,1,1,1,0.016,4.47,0
23.5,8,520,38.36,0,7.96,1,0,38,0,1,1,0,0.1,0.0,0
30.03,0,59,26.38,2,12.75,1,0,4,0,0,1,0,0.507,29.07,0
87.39,15,926,7.32,1,20.26,0,0,78,1,1,1,1,0.18,1.49,0
106.9,8,1700,6.43,3,17.98,0,0,159,0,1,1,0,0.504,24.0,0
26.82,10,623,8.49,1,21.3,0,0,24,0,1,1,0,0.091,5.05,0
20.32,5,272,7.69,3,16.59,0,1,19,0,1,1,1,0.109,19.8,0
28.33,16,1482,4.48,2,14.28,0,0,75,0,1,1,0,0.245,3.48,0
42.01,11,1730,70.4,2,36.76,0,0,61,0,1,0,0,0.21,9.54,0
73.06,21,1368,24.95,0,35.0,1,0,44,0,1,1,0,0.117,3.12,0
30.09,7,265,4.68,0,5.51,0,0,6,0,1,1,0,0.268,0.0,0
55.64,15,780,60.03,0,15.97,0,0,68,0,1,1,1,0.255,0.0,0
154.22,4,531,0.23,1,5.97,0,0,9,0,1,1,1,0.129,5.18,0
43.87,20,99,8.64,1,93.4,0,0,9,0,1,1,1,0.153,17.82,0
40.92,0,383,12.64,3,26.73,0,0,37,0,1,1,0,0.084,17.83,0
6.56,16,689,0.57,1,19.98,0,0,41,1,1,1,1,0.262,7.7,0
2.16,23,1131,2.63,0,38.11,1,0,88,0,0,1,0,0.224,6.56,0
44.18,20,992,4.48,2,64.95,0,0,54,0,1,1,1,0.171,14.58,0
27.25,7,84,19.11,0,5.94,0,0,2,0,1,0,0,0.072,0.0,0
17.91,9,335,42.14,2,13.87,0,0,26,0,1,1,1,0.072,20.24,0
38.23,17,325,14.69,2,27.09,0,0,17,0,1,1,0,0.003,13.5,0
28.21,14,1145,12.41,1,10.48,0,1,101,0,1,1,1,0.619,9.28,0
92.55,19,1,11.54,2,15.79,0,0,0,0,1,0,1,0.152,23.59,0
32.66,12,671,6.48,1,6.47,0,0,64,0,1,1,0,0.033,10.53,0
14.2,9,482,26.38,0,13.04,0,1,36,0,1,1,0,0.254,0.0,0
80.65,8,1273,11.67,0,14.08,1,0,73,0,1,1,1,0.054,22.49,0
24.12,12,305,3.92,2,99.34,0,0,19,1,1,1,0,0.137,10.14,0
50.73,2,536,2.21,3,44.89,1,1,24,1,1,1,0,0.236,28.93,0
18.59,21,1801,63.52,2,9.12,0,0,128,0,1,1,1,0.232,4.65,0
15.65,22,681,0.26,1,17.52,0,1,16,0,1,1,0,0.119,3.56,0
32.6,2,35,40.64,1,34.91,0,1,3,0,0,1,0,0.149,8.33,0
30.35,0,92,3.69,1,14.47,0,0,2,0,1,1,0,0.109,8.96,0
48.42,1,861,16.07,1,15.85,0,0,57,0,1,0,0,0.433,5.11,0
22.9,10,204,5.38,3,99.95,0,1,8,0,0,1,0,0.542,32.45,0
4.78,13,612,29.47,4,10.14,0,0,52,0,1,1,1,0.192,28.2,0
19.44,9,602,11.76,2,143.23,0,0,41,0,1,1,0,0.248,21.14,0
66.28,6,2534,2.28,1,10.02,1,0,170,0,1,1,0,0.06,27.35,0
22.26,22,317,4.72,1,5.01,0,0,25,0,1,1,0,0.048,0.0,0
23.42,0,669,5.79,0,99.62,0,0,17,0,1,1,0,0.273,4.33,0
80.35,6,25,32.56,0,34.41,1,0,1,0,1,0,1,0.087,11.76,0
14.7,14,310,21.83,1,23.94,1,0,18,0,1,1,0,0.128,19.99,0
6.41,10,103,26.54,0,36.94,0,0,4,1,1,1,0,0.169,0.0,0
25.52,5,918,0.81,1,8.55,0,1,23,0,1,1,1,0.092,1.08,0
18.46,21,916,12.97,1,17.37,1,0,38,0,1,1,0,0.263,12.83,0
11.4,6,135,106.54,2,58.16,0,0,7,0,1,1,1,0.098,22.37,0
25.14,6,192,23.07,0,15.65,0,0,5,0,1,1,1,0.403,0.0,0
48.98,0,606,1.93,1,15.43,0,0,43,0,0,1,0,0.194,18.83,0
29.69,9,670,17.04,2,68.06,0,0,15,0,1,0,1,0.112,20.49,0
40.73,20,536,20.52,1,25.97,0,0,48,0,1,1,1,0.139,8.92,0
183.72,14,2856,10.83,1,35.95,1,1,133,0,1,1,1,0.183,33.48,0
21.27,7,1015,1.23,4,8.69,0,0,47,0,1,1,1,0.131,31.25,0
39.58,23,270,0.53,1,27.15,0,0,9,0,1,1,1,0.218,13.77,0
18.01,18,198,41.66,1,82.33,0,0,11,0,1,1,1,0.441,11.81,0
12.85,2,454,4.47,1,6.4,0,1,39,0,0,0,0,0.172,15.67,0
16.69,22,851,7.15,2,12.41,0,0,55,0,1,1,1,0.375,23.03,0
18.56,14,323,23.79,6,71.66,1,0,27,0,1,1,1,0.316,58.27,0
42.93,3,669,17.53,1,36.87,0,0,65,0,1,1,0,0.306,4.07,0
313.9,5,10,51.9,4,14.18,0,0,0,1,1,0,1,0.161,31.58,1
14.64,9,1301,1.46,0,25.21,0,0,39,0,1,1,0,0.074,0.0,0
19.75,17,743,18.41,2,21.3,1,3,31,0,1,1,0,0.452,26.42,0
28.13,15,251,1.29,2,4.5,1,0,18,0,0,1,1,0.143,27.83,0
44.51,17,242,0.0,3,28.47,0,0,19,0,1,1,1,0.164,26.66,0
39.0,5,54,1.92,0,7.79,0,0,3,0,1,1,1,0.177,0.0,0
108.21,18,847,14.39,1,33.72,0,0,54,0,1,1,0,0.104,12.77,0
2.65,16,732,16.91,0,7.58,0,1,68,0,1,1,1,0.198,0.0,0
2.75,17,497,8.65,1,54.05,1,0,28,0,1,1,0,0.239,7.83,0
18.25,12,53,0.71,3,25.02,1,0,3,1,1,1,1,0.259,37.45,0
89.77,6,152,15.08,0,10.42,0,0,6,0,1,1,1,0.395,0.0,0
6.26,19,307,1.35,0,10.55,0,1,15,0,1,1,1,0.226,0.0,0
1.48,11,155,2.29,3,15.51,1,0,5,0,1,1,1,0.172,35.56,0
53.05,1,285,10.78,1,24.99,0,0,23,0,1,1,0,0.101,0.0,0
38.23,11,128,6.24,1,21.2,0,0,4,0,0,0,1,0.17,20.04,0
10.07,11,215,9.38,0,33.28,0,0,7,0,1,1,1,0.201,5.72,0
11.18,23,528,15.12,0,31.3,0,0,13,0,1,1,1,0.121,0.0,0
11.36,3,1114,2.62,2,56.69,0,0,86,1,1,1,0,0.274,2.78,0
33.47,3,243,33.54,2,146.66,0,1,5,0,1,1,1,0.376,6.06,0
16.02,17,589,12.3,1,22.32,0,0,12,0,1,1,0,0.025,6.13,0
49.11,15,72,0.34,2,23.51,0,0,4,0,1,1,0,0.206,14.63,0
1.73,13,389,14.85,1,36.74,0,0,18,0,1,1,0,0.265,10.23,0
12.72,16,1274,9.33,2,14.44,2,0,119,0,1,1,1,0.142,44.94,0
9.72,16,14,18.14,2,8.91,0,1,1,0,1,1,1,0.154,8.04,0
23.19,2,156,22.99,1,14.2,0,1,9,0,1,1,0,0.5,6.8,0
17.5,5,71,41.92,0,26.57,0,0,1,0,1,1,1,0.044,0.0,0
66.54,22,381,96.07,0,32.65,0,0,23,0,1,1,1,0.21,9.96,0
4.67,12,569,11.96,1,134.45,0,0,56,0,1,1,1,0.454,12.2,0
31.36,8,30,12.37,0,7.37,0,0,2,0,1,1,1,0.268,3.15,0
52.37,20,36,0.34,4,33.37,0,0,2,0,1,1,0,0.319,25.62,0
191.84,8,1019,30.06,0,20.74,0,0,51,0,1,1,1,0.086,2.43,0
18.51,7,305,0.44,0,66.36,0,1,6,0,1,1,0,0.037,0.0,0
41.45,16,311,15.02,2,10.15,1,0,29,0,1,1,1,0.214,24.29,0
4.93,15,1446,1.56,3,48.21,0,0,63,0,1,1,1,0.076,29.54,0
2.74,15,193,5.05,1,17.11,0,0,5,0,1,1,0,0.431,11.07,0
69.74,18,1137,2.27,3,56.1,1,0,33,0,1,1,0,0.171,39.84,0
29.8,23,1830,2.22,0,25.3,1,0,51,0,1,1,0,0.196,14.94,0
97.37,15,138,1.16,2,51.7,0,1,7,0,1,1,1,0.214,23.08,0
7.59,13,361,5.74,3,35.17,0,0,31,0,1,1,0,0.371,20.11,0
50.4,19,382,8.27,2,11.81,0,0,11,0,1,1,1,0.199,18.72,0
194.19,13,1006,9.37,2,5.14,0,0,80,0,1,1,0,0.289,8.46,0
45.59,13,181,8.69,1,89.9,0,0,4,0,1,1,1,0.147,0.0,0
39.51,13,800,11.13,1,21.17,0,1,21,0,1,1,0,0.556,23.24,0
30.22,11,1770,29.47,1,74.01,0,0,46,0,1,1,0,0.38,18.97,0
6.23,5,917,14.99,2,25.38,0,0,54,0,1,1,0,0.103,15.31,0
116.23,19,1199,0.26,0,59.14,0,0,107,0,1,1,0,0.062,0.0,0
16.27,12,616,2.85,2,12.36,1,0,48,0,1,1,0,0.245,20.75,0
49.62,15,1171,6.44,3,30.83,0,0,103,0,1,1,1,0.171,17.56,0
6.28,8,90,44.65,1,326.0,0,1,7,0,1,0,1,0.154,14.39,0
9.21,1,623,1.22,1,12.32,0,0,16,0,1,1,0,0.178,14.05,0
125.85,21,658,18.57,0,44.14,0,2,41,0,1,1,0,0.031,0.0,0
21.17,2,289,0.5,5,26.12,0,1,23,0,1,1,0,0.071,30.82,0
128.16,9,42,6.75,2,37.41,0,0,4,0,1,0,1,0.06,13.75,0
27.71,19,487,22.05,1,28.46,1,0,35,0,1,1,0,0.123,8.77,0
4.75,1,27,6.32,1,6.42,0,0,2,1,1,0,1,0.079,6.09,0
73.12,23,241,8.44,1,39.4,1,0,11,0,1,1,0,0.219,20.63,0
16.61,9,250,35.36,0,36.43,0,0,18,0,1,1,1,0.18,1.99,0
60.26,7,3417,1.03,1,98.56,0,1,162,1,1,1,1,0.138,11.08,0
30.73,16,178,11.25,1,10.17,1,2,5,0,1,1,0,0.107,25.55,0
6.4,21,859,6.84,1,33.99,0,0,18,0,1,1,0,0.18,3.51,0
35.31,0,27,49.79,0,10.63,0,0,2,0,1,1,0,0.252,20.93,0
269.41,5,377,23.68,3,61.44,0,1,8,0,1,1,0,0.102,24.0,1
49.06,6,385,1.95,1,48.39,1,0,38,0,1,0,1,0.14,28.06,0
28.29,14,495,39.34,1,22.08,0,0,29,0,1,1,0,0.406,21.17,0
87.82,17,830,3.56,1,9.36,0,0,48,0,1,1,1,0.023,0.0,0
36.99,8,718,1.33,3,27.15,0,0,16,0,1,1,0,0.15,21.09,0
36.95,7,716,11.7,0,41.48,1,0,16,1,1,1,0,0.272,12.68,0
10.06,9,283,20.01,2,64.64,0,1,21,0,1,1,1,0.173,27.81,0
37.86,3,650,18.88,2,9.47,0,0,34,0,1,1,1,0.253,17.58,0
84.39,19,338,11.46,2,12.08,0,0,10,1,1,0,0,0.393,6.56,0
12.99,7,35,10.18,2,11.6,1,1,1,0,1,1,1,0.488,13.24,0
124.52,0,1104,52.37,1,22.54,0,0,39,0,1,1,1,0.301,10.51,0
27.34,7,1104,25.77,3,16.66,0,0,92,0,1,1,1,0.116,42.04,0
12.33,22,195,17.99,1,53.55,0,0,13,0,1,1,0,0.059,10.59,0
81.26,11,1226,3.26,1,41.91,0,0,27,0,1,1,1,0.04,0.0,0
22.49,22,709,25.7,2,50.17,0,1,52,0,1,1,1,0.162,29.85,0
64.04,14,256,20.78,3,72.6,0,0,15,0,1,1,0,0.174,23.03,0
22.38,12,201,72.47,1,8.17,0,0,13,0,1,1,1,0.183,18.88,0
28.22,15,1847,2.14,3,24.94,0,0,77,0,1,1,0,0.086,16.3,0
49.09,22,623,18.84,2,29.58,0,0,11,0,1,1,1,0.309,15.98,0
40.08,17,238,58.01,1,13.69,0,1,14,0,1,0,1,0.31,12.92,0
4.07,0,514,9.31,3,25.99,0,0,34,0,1,1,0,0.176,31.41,0
9.76,16,424,19.83,1,37.97,1,0,29,0,1,1,0,0.115,27.11,0
75.9,15,372,55.56,0,17.66,0,0,19,0,1,1,1,0.258,2.35,0
26.26,22,517,11.89,3,28.01,0,0,32,0,1,1,0,0.222,25.32,0
17.75,4,386,18.01,3,20.46,0,0,23,0,1,1,0,0.095,26.76,0
7.7,19,532,0.3,1,44.04,0,0,25,0,1,0,1,0.151,19.16,0
10.18,20,1191,11.0,2,56.66,0,1,100,0,1,0,0,0.261,19.25,0
3.97,9,2500,4.43,1,41.18,1,0,131,0,1,1,1,0.166,28.48,0
27.08,5,618,2.11,3,88.07,0,0,22,0,1,1,1,0.056,31.1,0
16.47,11,1314,18.5,2,3.45,0,0,22,0,1,1,1,0.077,7.6,0
11.4,9,977,0.6,0,19.44,0,0,39,0,1,1,1,0.09,15.07,0
27.99,21,175,35.29,1,11.0,0,1,4,0,1,1,0,0.231,10.28,0
43.12,16,1351,10.94,2,93.8,0,0,78,0,1,1,1,0.029,17.7,0
243.03,1,37,15.67,0,9.88,0,0,1,0,1,1,0,0.188,7.25,1
6.61,18,200,4.38,3,84.29,0,0,7,0,1,1,0,0.086,25.16,0
95.52,19,511,3.02,0,21.03,0,0,14,0,1,1,0,0.099,7.6,0
79.29,5,374,4.19,2,15.18,0,0,31,0,1,1,1,0.105,21.52,0
13.75,12,391,3.97,1,34.33,1,0,38,0,1,1,1,0.267,7.36,0
36.72,8,792,29.98,4,129.09,0,1,70,0,1,1,1,0.116,41.64,0
18.96,11,108,23.22,0,13.33,0,1,8,0,1,1,1,0.056,3.3,0
36.08,17,2011,28.73,1,33.17,0,0,122,0,1,1,1,0.262,0.0,0
135.52,7,288,19.91,0,36.08,1,0,24,0,1,1,1,0.349,14.03,0
54.91,17,1496,15.47,1,12.14,0,0,91,0,1,1,1,0.167,12.49,0
49.83,22,242,11.26,3,16.14,0,0,10,0,1,1,0,0.34,26.55,0
19.49,21,460,4.63,2,17.44,0,0,16,0,1,1,1,0.196,9.37,0
6.79,1,299,18.33,1,29.47,0,0,10,0,1,1,1,0.245,0.0,0
24.33,7,563,2.2,1,8.54,0,0,30,0,1,1,1,0.108,17.68,0
100.14,9,101,10.73,5,27.82,2,1,7,0,1,1,1,0.162,54.44,1
6.51,8,256,3.26,0,10.71,0,0,7,0,1,1,1,0.234,9.98,0
10.43,23,35,10.54,1,23.01,0,0,0,0,1,1,1,0.045,1.58,0
34.0,17,456,5.22,2,10.77,0,0,8,0,1,1,0,0.114,18.67,0
11.19,7,1644,0.82,1,77.95,0,0,69,0,1,1,0,0.086,4.69,0
13.56,18,23,10.51,1,33.51,0,0,1,0,1,1,1,0.11,10.16,0
19.62,2,539,3.01,1,14.29,0,1,9,0,1,1,1,0.09,6.72,0
7.65,8,746,2.64,1,104.4,0,0,41,0,1,1,1,0.186,0.0,0
11.31,12,120,7.28,2,7.97,2,0,4,1,0,1,0,0.368,60.33,0
60.55,8,159,6.74,2,26.52,0,0,14,0,1,1,0,0.023,19.5,0
8.11,19,113,30.26,0,38.33,0,0,10,0,1,1,0,0.039,0.0,0
6.06,11,176,12.47,2,21.21,0,0,8,1,1,1,0,0.284,5.02,0
15.96,22,58,28.92,2,24.07,0,0,5,0,1,1,1,0.575,16.61,0
62.3,12,231,2.38,1,15.49,0,0,22,0,0,0,1,0.213,14.46,0
24.61,7,230,6.63,1,13.53,0,0,14,0,1,1,0,0.067,0.0,0
18.83,14,823,12.16,2,54.18,0,0,40,0,1,0,0,0.249,17.53,0
31.32,12,807,2.49,1,29.16,1,0,20,0,1,1,1,0.153,21.98,0
5.23,20,797,2.06,0,34.71,0,0,50,0,1,1,0,0.246,5.02,0
49.14,12,419,16.24,1,45.66,0,0,36,0,1,1,1,0.159,2.57,0
43.97,16,197,15.91,1,16.42,2,0,9,0,1,1,0,0.057,26.41,0
19.9,14,265,4.0,6,15.45,0,0,15,0,1,1,0,0.143,52.47,0
81.93,21,191,3.86,2,15.0,0,0,9,0,1,1,1,0.409,14.45,0
9.7,18,436,20.52,1,28.12,1,0,32,0,1,1,1,0.164,36.6,0
92.56,2,1390,1.87,1,127.84,0,0,86,0,1,1,1,0.217,15.85,0
34.97,13,167,38.51,1,27.96,0,0,9,0,1,1,1,0.064,2.72,0
21.4,9,307,43.17,3,2.37,1,0,10,0,1,1,0,0.199,42.22,1
29.37,16,532,30.72,0,33.81,0,0,35,0,1,1,0,0.22,0.0,0
26.92,7,931,3.55,2,36.4,0,0,53,0,1,1,1,0.213,11.98,0
101.52,17,146,0.25,2,59.66,0,0,10,0,1,0,0,0.308,13.08,0
10.21,11,164,41.4,0,75.81,0,0,11,1,1,1,1,0.158,0.0,0
13.98,16,1082,6.32,2,269.04,0,0,44,0,1,1,0,0.405,5.36,0
84.46,22,42,5.57,0,25.8,1,0,2,0,1,1,0,0.19,26.46,0
16.52,10,465,4.55,1,32.82,0,0,37,0,1,1,1,0.155,8.78,0
73.74,8,985,4.21,4,35.48,0,1,69,0,1,1,1,0.153,28.11,0
163.93,21,1274,19.9,3,20.56,1,1,74,0,1,1,1,0.159,44.77,1
20.05,23,6,35.77,0,22.46,0,0,0,0,1,1,1,0.064,4.94,0
59.23,23,231,23.13,2,15.23,0,0,12,0,1,1,1,0.129,13.23,0
9.45,22,149,16.82,1,19.61,1,0,6,0,1,1,0,0.327,33.86,0
63.73,14,420,5.09,3,24.52,0,1,28,0,1,1,1,0.016,9.42,0
36.58,8,501,11.88,0,40.03,0,0,9,0,1,1,0,0.099,0.0,0
48.09,11,3650,4.06,0,37.96,0,0,89,0,1,1,0,0.068,4.05,0
15.71,10,360,1.77,2,11.04,0,0,11,0,1,1,1,0.208,14.38,0
5.69,16,401,1.92,1,9.24,0,0,39,0,1,1,1,0.102,5.74,0
49.56,5,267,13.89,1,18.39,0,0,10,0,0,1,0,0.229,3.05,0
3.81,7,80,0.59,1,95.67,0,0,4,0,1,1,1,0.03,21.7,0
21.82,9,181,54.32,1,37.3,0,1,11,0,1,1,1,0.146,6.43,0
76.8,14,142,80.94,0,30.51,0,1,2,0,1,1,0,0.186,5.88,0
36.3,3,808,2.43,0,48.86,2,0,18,0,1,1,1,0.303,18.62,0
210.26,17,395,8.36,1,10.13,0,1,11,0,1,1,1,0.185,3.86,0
83.52,10,176,21.92,1,48.56,0,0,6,0,1,1,1,0.38,4.21,0
15.58,8,336,46.54,1,16.94,0,0,7,0,0,1,1,0.075,0.0,0
30.79,8,124,33.29,2,7.49,0,0,8,0,1,1,1,0.175,0.0,0
28.58,7,102,4.41,1,23.37,0,1,2,0,1,1,1,0.237,6.39,0
6.16,2,983,1.34,0,63.29,0,0,89,0,1,1,1,0.247,0.0,0
11.7,20,1448,5.11,2,31.59,2,2,84,0,1,1,1,0.107,22.92,0
17.1,17,42,8.62,3,24.66,0,0,1,0,1,0,1,0.247,32.02,0
3.91,13,724,6.69,3,14.74,0,0,26,0,1,1,1,0.138,30.81,0
31.42,2,302,22.3,0,23.85,0,0,21,0,1,1,1,0.104,0.0,0
23.36,16,246,4.47,1,152.3,0,0,6,0,1,1,1,0.227,8.23,0
5.62,3,585,29.35,2,50.44,0,0,11,0,1,1,0,0.293,8.39,0
44.89,20,155,3.84,2,27.74,0,0,12,0,0,1,0,0.479,3.54,0
61.31,17,10,6.73,3,12.69,0,0,0,0,1,1,1,0.339,39.05,0
37.6,14,120,8.91,1,5.47,0,2,10,0,1,1,1,0.288,2.67,0
21.67,18,102,5.16,0,10.08,0,1,9,0,1,1,1,0.054,0.0,0
54.13,21,17,21.81,1,20.64,1,0,0,0,0,1,0,0.141,8.51,0
59.16,5,194,7.9,1,12.33,0,0,8,0,1,1,1,0.189,0.2,0
40.75,14,322,32.71,1,8.15,0,1,15,0,1,1,1,0.19,5.87,0
13.14,6,666,49.69,0,23.86,0,0,60,0,1,1,1,0.041,3.89,0
39.51,11,197,29.47,3,8.64,1,0,19,0,1,1,1,0.07,37.01,0
99.04,15,108,11.09,4,37.01,0,0,5,0,1,1,1,0.131,35.17,0
16.5,8,131,10.69,0,52.89,0,1,12,0,1,1,0,0.309,0.0,0
244.19,19,1109,3.65,3,102.3,0,1,65,0,1,1,0,0.069,33.03,1
17.71,4,115,13.46,0,11.48,0,0,2,0,1,1,1,0.227,11.33,0
30.95,10,1057,45.78,1,16.31,0,0,35,0,1,1,0,0.154,0.0,0
15.29,1,296,1.26,2,11.55,0,0,14,0,1,1,1,0.253,16.31,0
37.46,21,1362,20.94,0,58.06,0,0,62,0,1,1,0,0.314,0.0,0
5.25,15,262,30.55,1,13.17,1,0,22,0,1,1,1,0.048,22.45,0
17.36,3,98,64.8,2,18.41,0,0,8,0,1,1,1,0.174,24.17,0
10.05,4,398,6.11,2,26.82,0,0,10,0,1,1,0,0.068,16.75,0
34.31,6,443,6.59,3,11.86,0,0,9,0,1,1,1,0.2,24.76,0
81.0,5,505,3.92,2,74.37,0,0,38,0,1,1,1,0.335,11.03,0
57.17,23,265,23.34,1,10.09,1,0,13,0,1,0,1,0.153,31.69,0
2.8,21,25,2.26,1,30.44,0,0,0,0,1,1,1,0.287,22.83,0
230.92,9,493,4.67,1,12.21,1,0,11,0,1,1,1,0.122,16.59,0
40.26,13,1352,5.25,1,18.01,1,2,46,0,1,1,1,0.081,19.56,0
13.78,7,1580,7.05,4,27.54,0,0,152,0,1,1,1,0.112,38.58,0
35.06,13,454,8.21,1,12.7,0,0,10,0,1,1,1,0.189,14.43,0
35.74,13,10,12.28,3,1.61,0,0,0,0,1,0,0,0.106,28.19,0
15.38,19,56,44.46,1,65.4,0,1,1,0,1,1,1,0.11,6.74,0
36.52,22,898,4.26,0,5.86,0,0,82,0,1,1,0,0.259,0.0,0
16.32,2,885,22.66,2,18.01,0,0,52,0,1,1,1,0.117,27.45,0
20.0,0,1460,16.92,1,27.6,0,1,138,0,1,1,1,0.112,13.29,0
15.09,8,415,1.85,0,26.47,0,1,18,0,1,1,0,0.155,0.0,0
7.15,8,997,24.94,1,29.91,0,0,50,0,1,1,1,0.09,11.97,0
34.67,21,871,1.42,3,22.43,0,1,68,0,1,0,1,0.149,29.28,0
53.8,1,445,20.14,1,30.07,0,0,42,0,1,1,1,0.261,8.61,0
50.14,15,765,18.87,1,36.59,0,0,21,0,1,1,1,0.166,0.0,0
68.03,7,67,17.54,1,80.19,0,0,3,0,1,1,0,0.127,23.74,0
41.44,5,510,4.86,1,17.13,0,0,49,0,1,1,0,0.051,11.95,0
17.59,22,1534,12.78,0,74.25,0,0,67,0,1,1,1,0.154,0.0,0
69.38,12,88,21.51,1,21.64,0,0,8,0,1,1,1,0.05,5.97,0
7.71,0,681,15.22,0,43.06,0,0,46,0,1,1,1,0.269,0.0,0
12.17,18,193,24.47,2,32.84,1,0,10,0,1,0,1,0.284,25.17,0
11.42,14,849,17.47,1,12.42,1,0,37,0,1,1,1,0.303,11.3,0
88.24,0,597,4.81,3,8.19,0,2,35,0,1,1,0,0.288,30.32,0
76.92,9,1303,2.49,1,37.95,0,0,92,0,1,0,0,0.261,4.08,0
48.78,0,622,14.99,2,10.78,0,1,47,0,1,1,0,0.115,16.44,0
87.53,11,264,21.39,2,12.3,0,2,6,0,1,0,1,0.094,17.96,0
12.44,10,5,2.3,1,20.59,0,0,0,0,1,1,0,0.202,16.06,0
42.46,16,787,2.88,2,64.17,0,0,71,0,1,1,0,0.315,20.41,0
26.44,3,263,0.18,3,79.43,0,0,13,0,1,1,1,0.078,20.84,0
69.89,22,555,11.38,0,8.93,0,0,20,0,1,1,1,0.407,12.67,0
26.7,6,56,11.72,1,2.99,0,0,4,0,0,1,1,0.319,2.94,0
20.39,11,1108,10.4,2,23.71,0,0,28,0,1,1,0,0.272,13.43,0
51.47,12,286,5.7,1,15.68,0,0,26,0,1,1,0,0.22,10.12,0
71.96,4,1261,8.37,2,100.73,1,0,74,1,1,1,0,0.071,13.55,0
15.36,5,614,21.8,1,48.46,0,1,44,0,1,1,1,0.358,6.59,0
28.19,1,65,3.01,1,13.91,0,0,2,0,1,1,0,0.353,7.3,0
10.4,20,433,3.38,1,9.17,0,0,22,0,0,0,1,0.096,5.91,0
2.46,6,1204,16.49,2,39.22,0,0,77,0,1,1,0,0.131,9.81,0
36.62,13,805,30.25,1,16.29,0,0,79,0,1,1,0,0.173,8.28,0
55.09,21,271,6.24,2,13.74,0,0,20,0,1,1,0,0.042,24.28,0
38.94,13,1551,40.49,2,34.42,0,1,146,0,1,1,1,0.204,19.16,0
4.26,9,156,0.89,0,11.61,1,0,15,0,1,1,1,0.43,24.02,0
21.1,3,235,1.89,0,32.72,0,0,19,0,1,1,1,0.102,0.0,0
3.26,2,693,9.24,1,37.77,1,0,13,1,1,1,1,0.188,22.97,0
117.88,22,133,19.28,2,9.21,0,1,5,0,1,1,1,0.215,12.56,0
10.11,13,362,6.95,3,37.5,2,1,30,0,1,1,0,0.12,50.77,0
105.15,5,652,12.14,0,26.55,0,0,11,0,1,1,0,0.156,0.0,0
77.16,22,516,0.43,1,5.35,0,0,29,0,1,1,0,0.131,12.71,0
12.18,14,84,9.29,2,32.27,1,0,6,1,1,1,0,0.443,43.55,0
9.65,7,497,4.17,3,15.58,0,1,46,0,1,1,0,0.247,28.91,0
42.54,4,425,10.9,2,20.32,0,0,22,0,0,0,0,0.149,9.78,0
12.88,2,408,11.19,1,44.78,1,0,34,0,1,1,0,0.064,23.31,0
33.2,2,874,20.99,0,19.61,0,0,47,0,1,1,1,0.348,0.0,0
18.49,12,102,11.64,1,98.88,0,0,2,0,1,1,0,0.24,23.0,0
5.05,1,696,14.29,1,3.63,0,0,38,0,1,1,0,0.175,4.4,0
3.22,23,715,11.31,1,30.32,1,0,38,0,1,1,1,0.197,28.19,0
37.59,0,641,69.65,4,14.06,1,0,38,0,1,1,0,0.137,59.26,1
17.09,11,353,23.53,2,15.78,0,0,33,0,1,1,1,0.423,18.72,0
17.23,7,252,21.14,3,11.78,1,0,17,1,1,1,0,0.244,27.19,0
60.09,18,251,14.8,2,44.43,0,0,6,0,1,1,1,0.101,8.69,0
96.88,8,662,11.27,1,9.41,1,0,34,0,1,1,1,0.241,17.27,0
22.82,13,344,6.34,3,96.41,0,0,18,1,1,0,1,0.324,23.74,0
21.31,17,207,22.98,2,49.98,0,0,17,0,0,1,1,0.177,14.92,0
49.41,9,491,3.15,2,15.57,0,0,29,1,1,1,1,0.162,23.86,0
7.71,8,907,0.56,0,18.94,1,1,47,0,1,1,1,0.128,4.61,0
37.46,5,32,17.97,4,53.47,0,1,0,0,1,1,1,0.056,31.28,0
52.03,0,1790,2.35,4,31.47,0,0,146,0,1,1,0,0.138,38.07,0
59.16,4,51,35.12,3,76.49,1,0,4,0,1,1,1,0.176,42.5,1
4.32,9,358,22.09,1,22.93,0,1,11,0,1,1,0,0.251,0.0,0
13.99,12,411,13.83,1,59.12,1,0,29,0,1,1,1,0.195,26.55,0
12.45,21,74,5.65,2,47.07,1,0,1,0,1,1,0,0.059,20.21,0
33.11,22,1236,15.24,1,47.0,0,0,80,0,1,1,0,0.126,8.45,0
48.46,3,319,9.72,1,24.13,0,1,19,0,1,1,1,0.547,10.02,0
133.85,0,77,5.16,0,40.01,0,0,2,0,1,1,1,0.091,8.87,0
18.27,20,622,43.53,2,18.83,1,0,44,0,1,1,1,0.199,17.5,0
18.22,1,544,2.65,1,14.96,1,0,13,0,1,1,1,0.313,7.91,0
94.6,23,1647,21.0,2,31.11,0,0,139,0,1,1,0,0.026,5.97,0
40.31,3,291,24.14,1,46.49,0,0,8,0,1,1,0,0.122,5.23,0
106.45,16,156,45.48,1,27.76,0,0,8,1,1,1,1,0.216,12.76,0
39.99,9,31,11.96,0,9.12,0,0,2,0,1,1,1,0.214,1.23,0
9.42,22,660,11.48,1,21.42,1,0,14,0,1,1,1,0.115,24.97,0
7.9,11,480,37.94,2,33.45,0,0,40,1,1,0,1,0.286,11.8,0
6.35,1,1799,24.22,0,95.35,0,1,142,0,1,1,0,0.161,0.0,0
58.09,2,623,21.64,1,54.9,0,0,25,0,1,1,0,0.073,19.5,0
98.36,13,1353,23.35,2,65.6,0,0,123,0,1,0,1,0.033,33.14,0
190.44,14,2389,10.19,2,4.26,1,0,221,0,1,1,1,0.28,16.22,0
69.62,12,280,0.63,0,114.51,0,0,21,0,1,0,0,0.013,5.12,0
95.86,8,81,3.31,0,39.86,0,0,6,1,1,1,0,0.103,0.0,0
16.78,1,109,15.45,2,10.7,0,0,3,0,1,1,1,0.067,5.76,0
9.43,18,192,7.57,3,10.05,0,1,10,0,1,1,1,0.109,25.36,0
70.11,15,356,14.0,1,15.94,0,0,34,0,1,1,0,0.089,13.21,0
45.5,10,65,12.03,2,13.73,0,0,1,0,1,1,1,0.368,19.44,0
33.36,11,180,8.66,0,33.8,0,0,9,0,0,1,1,0.204,1.29,0
44.14,0,184,4.01,2,15.9,1,0,17,0,1,1,1,0.096,20.87,0
41.4,1,2,19.04,0,33.57,0,0,0,0,1,1,0,0.192,10.66,0
108.18,15,219,35.96,2,23.91,0,0,4,0,1,1,0,0.21,8.07,0
109.4,1,62,22.04,0,60.7,0,0,5,0,1,1,1,0.08,2.06,0
51.64,18,281,1.92,1,25.23,0,0,12,0,1,1,1,0.455,7.73,0
69.81,9,109,11.58,0,7.27,0,0,2,0,1,1,0,0.04,0.0,0
50.1,18,863,27.06,1,11.31,0,0,74,0,1,1,0,0.49,10.66,0
18.89,9,42,13.41,2,42.6,1,0,3,0,1,1,0,0.167,26.75,0
63.85,15,1004,8.69,0,88.95,1,0,61,0,1,1,1,0.15,32.6,0
7.43,12,434,5.02,0,38.01,0,0,20,0,0,0,0,0.205,0.0,0
85.96,15,307,6.02,3,142.94,1,0,24,0,1,1,0,0.15,46.71,0
9.07,17,399,4.16,0,5.54,0,0,26,0,1,1,1,0.255,2.44,0
39.88,23,236,3.27,3,30.61,0,0,8,0,1,1,0,0.23,18.87,0
12.87,7,68,13.33,1,7.93,0,0,6,0,1,1,1,0.224,16.89,0
52.11,23,726,10.68,2,45.01,0,0,44,0,1,1,1,0.435,17.45,1
28.96,17,1315,19.91,3,76.91,0,2,115,0,1,1,1,0.363,14.78,0
6.08,12,1499,5.52,5,8.56,0,0,35,0,1,1,1,0.344,58.68,0
45.64,6,555,9.27,1,63.23,0,0,19,1,1,1,0,0.114,5.51,0
16.81,20,264,17.11,2,121.52,1,0,11,0,1,1,0,0.266,37.38,0
72.32,22,325,49.55,0,13.5,1,0,28,0,1,1,1,0.061,4.39,0
30.0,23,535,6.44,0,108.18,0,1,47,0,1,1,0,0.063,0.0,0
44.5,17,866,5.31,1,13.87,0,0,70,0,1,1,0,0.365,4.42,0
11.5,5,235,8.95,3,31.7,0,0,15,0,1,1,0,0.28,34.56,0
16.62,8,1243,19.3,3,215.95,0,0,67,0,1,1,0,0.109,29.38,0
18.94,5,196,48.88,1,18.31,0,0,4,0,1,0,1,0.043,0.0,0
70.58,17,378,11.54,1,21.48,1,0,26,0,1,1,0,0.018,20.73,0
160.35,16,1627,25.1,1,26.12,0,0,140,0,1,1,0,0.372,12.01,0
13.39,11,1392,9.37,1,19.57,0,0,122,0,1,0,1,0.17,10.94,0
87.96,2,595,0.61,2,118.1,0,0,21,0,1,1,0,0.165,20.85,0
3.42,4,196,33.69,0,30.76,0,1,12,0,0,0,0,0.232,0.0,0
9.08,6,124,5.13,2,120.7,1,0,11,0,1,1,0,0.107,19.28,0
11.49,9,42,2.24,0,60.48,1,0,3,0,1,1,1,0.262,9.34,0
7.75,9,617,83.44,1,10.84,0,0,18,0,1,1,0,0.176,0.0,0
6.15,18,350,6.4,2,56.9,0,0,17,0,1,0,0,0.112,18.36,0
45.29,3,425,2.2,2,24.6,0,0,10,0,1,0,1,0.208,11.11,0
24.19,9,320,5.6,2,28.69,0,0,27,0,1,1,0,0.204,22.19,0
43.79,17,330,10.82,1,123.32,0,0,22,0,1,1,1,0.437,0.0,0
59.77,2,423,1.38,4,18.36,0,0,31,0,1,1,1,0.195,39.12,0
39.08,20,1228,6.52,0,26.05,0,0,37,0,1,1,0,0.338,8.95,0
57.84,2,15,16.58,0,102.2,1,0,1,1,1,1,0,0.323,0.55,0
27.95,4,809,37.14,2,24.19,0,0,28,0,1,1,0,0.14,13.42,0
9.14,15,248,7.6,1,34.91,0,0,24,0,1,1,0,0.114,5.1,0
86.3,19,683,12.47,1,21.2,0,0,61,0,1,1,1,0.187,0.0,0
16.62,12,1483,15.16,2,21.69,0,0,26,0,1,1,1,0.079,10.78,0
11.76,10,183,1.1,2,16.3,0,0,13,0,0,1,1,0.34,12.71,0
25.08,12,47,6.28,3,9.52,0,0,2,0,1,1,1,0.249,18.11,0
12.03,18,132,17.29,2,16.25,0,0,9,0,1,1,1,0.521,18.17,0
19.74,5,126,19.96,3,35.62,0,0,3,0,1,1,1,0.09,19.55,0
42.27,23,677,6.6,1,12.52,0,1,26,0,1,1,0,0.049,7.93,0
42.45,12,32,0.1,0,22.39,0,0,0,0,1,0,1,0.106,0.0,0
12.21,3,26,0.1,1,61.81,1,0,1,1,1,1,1,0.311,9.33,0
18.4,21,591,11.59,3,28.76,0,0,39,0,1,1,0,0.221,41.42,0
87.74,4,407,12.03,4,161.26,0,0,36,0,1,1,1,0.134,30.95,0
49.22,18,270,12.17,1,44.92,1,0,9,0,1,1,1,0.069,14.49,0
238.67,4,428,19.19,2,6.13,0,0,38,0,1,1,1,0.022,12.36,0
97.53,20,664,38.13,1,12.34,0,0,55,0,1,0,0,0.387,2.23,0
94.09,13,55,69.34,2,3.94,0,1,3,0,0,1,0,0.204,17.03,0
7.48,3,403,18.11,2,22.87,1,0,35,0,1,1,1,0.039,30.02,0
64.32,11,870,10.82,2,82.19,1,0,38,0,1,1,0,0.048,44.51,0
28.41,5,225,2.28,2,32.62,0,0,21,0,1,1,0,0.126,19.89,0
17.27,18,720,7.27,2,15.13,0,0,22,0,1,1,1,0.218,14.2,0
35.45,9,934,12.75,1,101.08,1,0,60,1,1,1,0,0.053,18.23,0
77.11,0,860,128.41,0,13.61,0,2,47,0,1,1,0,0.157,2.24,1
49.44,22,525,2.04,0,47.63,0,0,41,1,1,1,0,0.457,0.0,0
12.45,22,632,23.63,0,14.96,0,0,28,0,1,1,0,0.194,0.0,0
62.96,15,775,102.75,2,38.48,0,0,72,0,1,1,1,0.371,30.58,0
15.84,3,662,24.54,2,18.66,2,0,16,0,1,1,1,0.512,32.94,0
37.21,8,300,21.86,0,10.79,0,1,20,0,1,0,0,0.035,5.17,0
22.12,17,87,4.49,0,7.52,0,0,1,0,1,1,1,0.185,6.39,0
24.07,16,185,0.05,0,40.3,1,0,18,0,1,1,0,0.353,8.89,0
64.47,14,116,3.84,1,54.45,2,0,3,0,1,1,0,0.14,35.92,0
10.59,18,224,23.4,1,42.65,1,0,18,0,1,1,0,0.157,24.91,0
209.6,6,336,1.7,2,27.83,0,0,26,0,1,1,1,0.304,25.44,0
4.85,17,1598,5.27,2,7.36,0,0,156,0,1,1,1,0.185,6.26,0
16.48,5,1603,12.4,2,29.45,0,0,151,0,1,1,1,0.156,11.47,0
43.39,18,734,13.01,3,30.25,1,0,65,0,0,1,1,0.241,32.81,0
53.75,20,1960,11.75,0,135.92,0,0,137,0,1,0,1,0.124,4.1,0
27.1,11,3111,59.36,1,18.78,0,0,187,0,1,1,1,0.051,13.49,0
28.29,2,1083,0.19,2,19.83,0,1,36,0,1,1,0,0.101,4.88,0
45.18,0,41,10.03,0,32.74,0,0,2,0,1,1,1,0.254,0.0,0
23.78,4,278,10.53,1,25.58,0,0,21,0,1,1,1,0.233,0.97,0
120.68,0,382,5.21,1,25.15,0,1,36,0,1,1,1,0.163,8.31,0
69.36,7,66,11.17,0,10.68,0,0,2,0,1,1,0,0.085,13.95,0
71.72,6,827,16.78,1,37.83,0,0,38,0,1,1,0,0.162,0.73,0
11.4,14,80,16.76,2,23.8,0,0,4,0,1,1,1,0.088,18.6,0
27.68,10,242,1.38,2,9.54,1,0,17,0,1,1,0,0.209,5.72,0
22.19,17,36,24.33,2,16.99,0,0,3,0,1,1,1,0.269,11.42,0
10.96,13,372,40.04,2,10.33,0,0,14,0,1,0,0,0.14,39.66,0
42.96,8,454,1.98,4,25.52,0,1,28,0,1,1,1,0.151,34.81,0
17.5,4,664,8.08,0,84.97,2,0,25,0,1,1,0,0.047,15.07,0
57.71,22,207,10.75,0,14.99,1,0,11,0,1,1,0,0.237,6.2,0
10.28,3,446,2.17,1,25.31,0,0,42,0,1,1,0,0.291,0.0,0
167.17,11,662,10.5,0,27.49,0,0,59,0,1,1,0,0.11,0.0,0
12.23,0,718,3.48,3,81.0,0,0,39,0,1,1,0,0.268,34.4,0
37.31,23,180,41.08,0,26.92,0,1,8,0,1,1,1,0.193,0.0,0
66.15,12,35,8.93,0,10.4,1,0,2,0,1,1,1,0.15,20.53,0
16.93,0,19,79.18,0,207.18,0,0,1,0,1,1,1,0.288,5.65,0
70.28,2,731,0.71,1,61.78,0,0,19,0,1,1,1,0.04,0.0,0
8.77,21,243,2.05,0,4.02,0,0,8,0,1,1,0,0.188,0.0,0
128.01,7,72,8.78,0,33.84,0,0,1,0,1,1,0,0.181,0.0,0
30.39,23,102,31.11,0,63.84,1,0,1,0,1,1,1,0.134,9.81,0
16.5,17,727,12.15,3,28.08,0,0,59,1,1,1,0,0.162,21.64,0
22.22,15,457,19.77,3,36.7,0,0,21,0,1,1,0,0.102,26.69,0
67.28,19,348,8.26,1,26.36,0,1,27,0,1,0,0,0.177,2.75,0
16.7,19,488,0.62,0,18.78,0,0,28,0,1,1,0,0.21,0.0,0
14.16,15,74,15.65,2,9.88,0,0,5,1,0,1,0,0.331,24.34,0
24.01,1,192,15.08,2,19.49,1,0,11,0,1,1,0,0.197,26.04,1
9.24,16,234,1.11,1,4.15,0,0,13,0,1,0,0,0.082,25.96,0
185.03,9,189,2.81,0,113.27,0,0,17,0,1,1,0,0.179,0.0,0
17.01,6,999,9.7,2,27.64,0,0,69,1,1,1,1,0.266,10.66,0
68.83,9,435,8.88,5,9.63,2,1,11,0,1,1,0,0.086,51.9,0
36.95,18,653,20.94,1,27.88,0,0,41,0,1,1,0,0.128,3.98,0
11.19,19,135,7.35,2,74.73,0,1,3,0,1,1,0,0.065,15.59,0
29.79,8,153,16.33,2,46.98,0,0,9,0,1,1,1,0.528,18.21,0
65.63,21,128,18.28,2,11.76,0,0,9,1,1,1,0,0.198,19.06,0
24.82,16,582,15.53,2,20.28,0,1,19,1,1,1,1,0.267,16.79,0
98.8,8,215,13.6,2,54.25,0,0,6,0,0,1,1,0.047,15.49,0
83.22,8,260,24.57,2,15.17,0,1,8,0,0,0,1,0.116,16.18,0
75.11,4,617,16.06,0,36.62,0,0,52,0,1,1,0,0.033,1.06,0
18.92,23,1784,26.95,1,17.37,0,0,53,0,1,0,1,0.147,0.0,0
10.18,6,88,15.19,1,25.4,0,0,7,0,1,1,1,0.408,0.0,0
16.22,10,32,2.6,3,67.59,0,0,0,0,1,1,1,0.129,25.73,0
36.46,7,108,5.55,0,16.32,0,2,9,0,1,1,0,0.067,0.1,0
51.72,13,664,6.02,0,7.12,0,0,24,0,1,0,1,0.149,0.0,0
3.42,1,108,1.48,2,165.79,0,0,3,0,1,1,0,0.139,15.85,0
29.72,9,439,17.68,0,21.15,0,0,30,0,1,1,1,0.255,0.0,0
35.1,20,446,13.56,2,35.43,1,0,39,0,1,1,1,0.258,23.74,0
22.7,23,174,13.37,2,146.53,0,0,13,0,1,1,0,0.046,11.72,0
108.99,15,36,9.77,0,42.19,2,0,2,0,1,1,1,0.135,28.09,0
45.69,15,255,11.75,1,25.4,2,1,9,0,1,1,1,0.173,29.22,0
111.07,18,103,0.12,2,27.93,0,0,5,0,1,1,1,0.162,14.09,0
24.14,10,102,1.52,0,127.74,0,0,8,0,1,1,0,0.255,0.0,0
76.51,5,370,17.25,0,55.65,0,0,30,0,1,1,1,0.42,3.75,0
153.71,5,559,4.55,1,18.53,1,0,19,0,1,1,1,0.351,27.12,0
111.24,6,39,1.71,2,56.48,0,0,3,0,1,0,1,0.35,12.23,0
10.05,15,432,5.98,1,17.18,0,0,15,0,1,1,0,0.098,0.0,0
23.25,12,141,4.41,0,33.79,0,0,13,0,1,1,1,0.299,6.48,0
21.22,2,559,0.45,0,47.52,0,0,43,1,1,1,0,0.087,9.84,0
48.87,23,831,7.93,1,15.35,0,0,62,0,0,1,1,0.171,3.32,0
59.52,23,823,0.41,2,18.75,1,0,53,0,1,1,1,0.446,16.98,0
12.95,8,231,0.01,1,17.73,2,1,20,0,1,0,0,0.249,31.18,0
32.07,23,419,23.59,2,10.3,0,0,37,1,1,0,0,0.125,8.17,0
3.98,2,789,5.67,2,28.62,0,0,29,0,1,1,0,0.356,28.4,0
126.72,5,31,12.58,0,25.68,0,0,2,0,1,1,0,0.132,4.83,0
17.95,16,465,5.3,1,34.17,1,0,14,0,0,1,1,0.273,14.09,0
31.69,2,906,39.89,3,37.16,0,0,44,0,0,1,1,0.274,18.93,0
21.98,1,233,19.59,0,17.98,0,0,21,1,1,1,1,0.24,0.0,0
94.26,11,304,6.91,4,52.81,0,0,12,0,1,1,1,0.187,38.33,0
1.76,23,600,3.55,1,29.95,0,0,31,0,1,1,1,0.191,0.0,0
29.47,5,35,2.22,0,8.42,0,0,1,1,1,1,0,0.169,0.0,0
26.96,9,244,21.56,3,35.56,0,0,15,0,1,1,1,0.027,33.29,0
19.04,10,175,9.05,1,16.02,0,1,15,0,1,1,0,0.039,0.0,0
168.38,15,9,3.96,2,3.15,0,0,0,0,1,1,0,0.16,27.22,0
12.34,15,109,37.82,3,115.11,0,0,10,0,1,1,0,0.202,25.48,0
64.83,23,252,7.42,1,5.97,0,0,22,0,1,1,1,0.045,12.08,0
42.79,17,110,11.76,0,12.83,1,0,7,0,1,1,1,0.058,1.24,0
105.8,21,461,29.26,0,21.88,0,0,24,0,1,1,0,0.015,0.0,0
15.38,22,298,26.88,0,30.42,0,0,13,0,1,1,1,0.225,0.0,0
14.4,23,20,15.24,2,31.47,0,0,1,0,1,1,1,0.186,0.0,0
89.66,8,161,32.92,0,20.46,0,3,13,0,1,1,0,0.213,0.0,0
45.85,20,10,45.58,0,7.35,0,0,0,0,1,0,1,0.275,0.0,0
6.39,18,222,41.03,0,38.53,1,0,20,0,1,1,0,0.171,0.0,0
17.47,1,150,6.44,2,11.62,0,0,6,0,1,0,1,0.548,18.55,0
44.1,23,583,7.59,1,42.07,0,0,51,0,1,1,1,0.184,3.4,0
69.25,0,184,4.13,0,43.44,0,0,13,0,0,1,1,0.031,0.0,0
15.19,15,235,27.19,0,28.29,0,1,9,0,1,1,0,0.309,6.39,0
1.63,21,646,1.95,1,11.56,1,0,33,1,1,1,0,0.097,23.93,0
50.56,17,328,6.58,1,18.66,0,0,6,0,1,1,0,0.476,8.74,0
8.84,2,406,0.15,1,116.45,0,0,37,0,1,1,0,0.566,17.07,0
3.99,23,921,13.54,1,24.1,0,0,74,0,0,1,1,0.123,12.23,0
1.76,0,116,16.11,1,7.77,0,1,7,0,1,1,0,0.11,0.0,0
67.63,5,2263,4.29,0,46.74,0,0,220,0,1,1,0,0.038,12.18,0
34.08,18,1152,20.02,0,15.42,0,1,107,0,1,1,1,0.219,6.95,0
23.91,21,169,7.21,1,69.82,1,1,15,0,1,1,1,0.219,19.26,0
120.18,18,1117,5.6,2,4.11,1,0,46,0,1,1,1,0.089,17.19,0
56.67,10,701,46.91,3,34.19,0,0,24,0,1,1,0,0.158,21.51,0
150.85,7,1335,13.33,1,132.67,2,0,104,0,1,1,1,0.374,30.77,0
7.44,4,587,4.36,2,50.15,0,0,25,0,1,1,0,0.105,9.37,0
28.95,19,561,61.33,1,46.94,1,0,22,0,1,1,1,0.029,29.55,0
5.95,8,2,7.35,2,14.24,0,0,0,0,1,1,1,0.521,13.67,0
23.82,14,322,15.65,1,11.94,1,0,7,0,1,1,1,0.269,5.96,0
23.37,20,112,19.3,2,18.41,0,0,8,0,1,1,0,0.058,24.52,0
56.07,13,196,8.23,1,42.35,1,0,3,0,1,0,1,0.118,12.64,0
31.36,3,1927,11.52,3,22.27,1,0,122,0,1,1,1,0.119,34.08,0
55.89,23,45,4.11,2,7.55,0,0,1,0,1,1,1,0.379,16.65,0
60.55,23,641,9.41,3,46.88,0,0,46,0,1,1,0,0.166,20.46,0
258.51,7,95,5.58,3,28.38,0,0,9,0,1,1,1,0.341,34.16,1
21.86,19,4,11.89,7,37.03,2,2,0,0,1,1,0,0.391,74.78,1
11.69,16,348,16.62,1,20.12,0,1,16,0,1,1,1,0.169,0.0,0
38.32,1,88,14.28,1,28.61,0,0,2,0,1,1,1,0.141,0.0,0
13.43,19,1683,22.49,0,42.64,0,0,75,0,1,1,1,0.39,8.86,0
131.89,15,114,0.64,2,19.06,0,0,6,0,1,1,1,0.46,22.46,1
22.57,9,107,1.23,0,12.98,0,0,9,0,1,1,1,0.166,0.0,0
17.02,1,16,3.45,0,8.99,0,0,1,0,1,0,1,0.256,0.0,0
18.7,10,200,63.82,1,25.95,1,0,18,0,1,1,0,0.162,21.81,0
61.46,9,12,24.16,0,31.55,0,1,0,0,1,1,0,0.324,7.14,0
25.59,18,345,38.68,1,53.4,0,0,19,0,1,0,0,0.406,4.31,0
15.77,13,352,4.76,1,48.7,0,0,13,0,1,1,0,0.181,0.0,0
158.44,10,27,12.79,2,26.71,1,1,1,0,1,1,1,0.175,27.35,1
12.73,8,137,12.14,1,31.7,0,0,12,0,1,1,0,0.199,0.0,0
31.05,6,892,12.64,4,107.72,0,0,78,0,1,1,1,0.102,36.46,0
57.53,14,310,18.96,1,45.33,0,0,8,0,1,1,1,0.293,5.97,0
5.86,19,285,7.51,2,33.27,0,0,13,0,1,0,0,0.266,16.98,0
48.44,16,600,16.96,2,12.33,0,0,39,0,1,1,0,0.029,1.88,0
10.43,2,627,23.3,2,18.43,0,0,16,0,1,1,0,0.069,21.76,0
68.22,14,718,5.12,1,7.75,0,0,33,0,1,1,0,0.138,15.21,0
11.44,13,887,43.71,0,33.97,1,0,58,0,1,1,1,0.313,8.97,0
59.91,7,132,10.95,2,14.82,2,0,7,0,1,1,0,0.134,48.78,0
90.54,3,34,19.79,0,11.77,0,0,3,0,1,0,0,0.163,0.0,0
70.91,9,239,19.58,2,35.54,1,0,15,1,1,1,1,0.124,30.8,0
38.53,1,966,12.49,0,63.15,0,0,70,1,1,1,0,0.252,5.71,0
23.78,13,41,5.84,1,15.81,0,1,2,0,1,1,1,0.224,9.93,0
16.84,7,429,16.49,5,20.64,0,0,18,0,1,1,1,0.058,38.04,0
130.46,22,604,1.37,2,21.17,0,1,39,0,1,1,0,0.372,8.6,0
14.89,9,328,59.8,2,83.79,0,0,32,0,1,1,0,0.398,13.38,0
10.62,17,147,3.05,1,10.66,0,0,4,0,1,1,1,0.052,10.46,0
58.29,14,197,4.83,1,3.56,1,0,15,0,1,1,0,0.045,14.56,0
13.52,4,37,46.33,0,37.45,0,2,2,0,1,1,1,0.225,0.0,0
11.59,21,173,3.1,4,3.35,0,0,14,0,1,1,0,0.222,41.41,0
7.07,12,23,2.8,0,11.88,0,0,1,0,1,1,0,0.095,15.49,0
18.49,17,648,24.49,1,129.31,0,1,11,0,1,0,1,0.128,17.17,0
27.59,1,1141,4.34,4,25.49,0,0,104,0,1,1,0,0.109,33.33,0
38.21,12,502,1.49,0,36.02,0,1,19,0,1,1,0,0.194,4.86,0
77.58,13,535,3.86,0,54.86,0,0,26,0,1,1,0,0.257,2.14,0
50.75,9,319,32.89,1,8.25,0,0,27,0,1,1,1,0.129,20.54,0
24.76,3,85,4.93,1,33.46,0,0,7,1,1,1,0,0.192,3.93,0
24.58,14,4,17.81,1,6.45,0,0,0,0,1,1,1,0.11,5.26,0
49.91,7,211,7.54,2,14.58,0,0,11,0,1,1,0,0.174,1.98,0
106.97,14,696,4.56,0,25.43,0,0,48,0,1,1,1,0.249,2.0,0
34.0,13,1615,2.33,2,12.69,0,0,85,0,1,1,1,0.13,25.84,0
18.74,20,282,53.74,2,24.48,0,0,9,0,1,1,1,0.414,12.38,0
11.1,8,227,11.04,1,52.79,0,1,10,0,1,1,1,0.32,5.25,0
7.06,19,295,1.83,1,13.87,0,0,19,0,1,1,0,0.511,0.0,0
58.34,2,279,3.32,1,41.13,0,0,6,0,1,1,0,0.09,6.84,0
53.41,14,492,7.85,3,12.05,0,1,9,0,1,1,1,0.217,27.18,0
53.38,23,662,11.78,1,68.23,0,1,11,0,1,1,1,0.037,1.05,0
26.35,16,768,3.01,4,47.67,1,1,19,0,1,1,1,0.309,34.72,0
122.36,15,524,4.88,1,46.55,0,0,14,0,1,1,0,0.119,20.1,0
18.47,3,288,22.97,0,53.82,0,0,21,0,1,1,0,0.193,0.0,0
77.89,10,1499,8.11,1,144.57,0,0,75,0,1,1,0,0.155,11.69,0
28.83,7,621,0.02,0,32.7,1,0,12,1,1,1,1,0.032,2.58,0
16.31,2,278,0.83,1,13.14,0,0,9,0,1,1,0,0.068,9.76,0
54.19,18,296,8.68,4,44.16,1,0,17,0,1,0,1,0.057,34.19,0
45.13,13,852,0.93,2,31.38,0,0,58,0,1,1,1,0.034,3.81,0
42.82,8,290,2.87,2,32.28,0,1,28,0,1,1,1,0.264,11.78,0
32.5,2,363,19.52,2,34.86,0,0,21,0,1,0,1,0.141,20.78,0
28.85,3,172,9.82,2,7.04,0,0,4,0,1,0,1,0.222,16.95,0
326.48,3,913,9.88,2,12.95,0,0,64,0,1,1,0,0.203,12.85,0
97.93,10,369,13.68,0,8.75,2,0,24,0,1,1,0,0.071,15.15,0
61.73,18,402,23.3,2,169.91,0,1,18,0,1,1,1,0.077,21.84,0
33.51,15,1063,2.59,2,129.07,0,0,76,0,1,1,1,0.236,25.27,0
82.04,22,1266,2.85,1,186.4,0,1,119,0,1,1,0,0.213,2.81,0
50.3,21,869,1.94,1,109.56,0,1,15,0,1,1,1,0.243,15.15,0
30.76,16,34,41.43,0,25.15,0,0,1,0,1,1,0,0.177,0.0,0
22.12,9,293,12.92,1,10.93,1,0,7,0,1,1,0,0.193,40.08,0
27.63,23,210,1.46,0,28.98,0,1,15,0,1,1,0,0.272,0.0,0
1.26,16,120,3.74,0,120.84,0,0,8,0,1,1,1,0.193,0.0,0
36.99,15,1198,19.4,1,34.47,0,0,29,0,1,1,1,0.135,5.07,0
18.38,19,1104,0.44,3,28.96,1,0,30,0,1,1,0,0.225,46.2,0
147.33,21,313,19.4,2,30.59,0,1,27,0,1,1,1,0.066,16.03,0
30.55,5,72,36.37,2,28.88,0,1,4,0,1,1,1,0.194,0.76,1
9.13,6,7,0.87,1,26.27,2,0,0,0,1,0,1,0.372,20.46,0
28.51,13,289,3.09,0,20.33,0,0,17,0,1,1,1,0.178,6.53,0
10.53,10,20,0.04,1,79.97,0,0,0,0,1,1,0,0.205,14.1,0
48.11,11,470,1.73,1,12.61,0,0,23,1,1,1,1,0.215,11.53,0
40.08,13,469,14.4,3,30.91,0,1,30,0,1,1,0,0.196,21.48,0
78.09,4,1146,0.69,2,19.38,0,0,65,0,1,1,0,0.106,18.9,0
13.59,4,105,8.32,3,11.02,0,0,5,0,0,1,1,0.154,26.38,0
31.0,19,232,10.5,1,17.0,0,0,9,0,1,0,0,0.212,0.48,0
7.65,21,981,35.57,0,13.15,1,0,46,0,1,1,1,0.12,0.0,0
60.43,22,322,9.65,3,10.26,0,1,23,0,1,1,0,0.112,25.01,0
50.34,14,31,2.31,1,34.89,0,1,3,0,1,1,0,0.086,9.44,0
49.2,0,59,5.12,1,86.12,0,0,5,0,1,1,1,0.205,10.48,0
30.01,23,840,16.73,3,12.54,0,0,69,0,1,1,0,0.103,26.47,0
45.37,22,681,1.78,1,18.16,0,0,51,0,1,1,1,0.371,1.04,0
149.06,8,1043,3.95,3,21.91,0,0,55,0,1,1,1,0.197,26.5,0
22.53,2,63,82.01,1,32.81,1,0,3,0,1,1,1,0.122,21.93,0
34.42,3,714,0.08,2,33.89,0,0,51,0,1,1,1,0.319,21.9,0
10.11,15,532,2.48,1,45.04,0,0,17,0,1,1,1,0.116,4.2,0
12.58,6,132,27.84,1,10.57,0,0,12,0,1,1,1,0.121,10.98,0
33.04,21,1823,1.6,2,7.39,0,0,48,0,1,1,1,0.255,21.29,0
90.37,13,422,0.51,2,13.01,0,0,11,0,1,1,0,0.185,21.18,0
23.19,15,1187,1.94,0,15.68,0,0,37,0,1,1,1,0.142,0.0,0
23.67,17,980,17.74,1,18.65,0,0,22,0,1,1,0,0.341,0.0,0
19.95,15,203,74.67,0,11.39,0,0,4,0,1,1,0,0.262,0.35,0
17.55,15,384,13.4,1,26.58,0,1,11,0,1,1,0,0.256,9.37,0
40.24,1,282,1.99,1,35.62,0,1,12,1,1,1,0,0.153,12.55,0
6.7,9,617,3.05,1,52.45,0,0,39,0,1,1,1,0.472,21.32,0
107.87,6,443,11.57,0,14.13,0,0,27,0,1,1,1,0.29,0.0,0
15.4,14,768,18.86,1,28.77,0,0,17,0,1,1,1,0.221,22.13,0
61.68,8,6,16.31,3,59.63,0,0,0,0,1,1,1,0.282,14.02,0
8.41,6,582,12.83,4,6.91,1,0,23,0,1,1,0,0.186,39.96,0
58.49,23,192,64.32,1,16.28,0,0,9,0,1,1,0,0.176,13.46,0
58.67,15,127,3.31,1,9.37,0,0,6,0,1,1,0,0.053,14.14,0
44.0,2,808,2.85,3,34.2,0,0,46,0,1,1,1,0.336,14.73,0
11.08,16,47,29.39,1,116.18,0,0,0,0,1,1,0,0.032,13.89,0
38.46,22,130,5.15,2,15.75,1,0,4,0,1,1,0,0.12,19.94,0
9.18,7,114,6.06,1,77.89,0,0,3,0,1,1,1,0.429,16.42,0
23.27,1,272,11.93,2,60.61,0,0,22,0,1,1,0,0.159,20.89,0
83.88,19,195,7.2,0,28.62,0,0,12,0,1,1,1,0.14,0.0,0
66.47,2,637,5.09,1,19.72,0,0,50,0,1,1,0,0.181,12.53,0
30.42,7,601,37.37,2,17.87,1,0,45,0,1,1,1,0.393,18.49,0
11.3,1,197,2.08,1,105.38,1,0,7,0,1,1,1,0.375,0.0,0
57.14,18,287,7.77,0,15.0,1,0,16,0,1,0,1,0.114,3.49,0
30.55,16,117,0.04,2,38.66,0,1,3,0,1,1,0,0.147,31.01,0
2.94,4,556,24.71,1,14.45,0,0,45,0,1,1,0,0.034,12.04,0
65.54,19,252,2.77,2,7.49,1,0,8,0,1,1,1,0.203,29.34,0
29.25,16,71,22.24,1,13.92,0,1,7,0,1,0,0,0.429,0.0,0
99.73,9,68,2.41,2,92.01,0,1,6,0,1,1,0,0.375,18.73,0
10.02,8,195,8.09,2,74.66,0,0,5,0,1,1,0,0.084,6.35,0
1.25,21,688,19.54,5,18.33,0,0,11,0,1,1,0,0.231,41.16,0
39.61,5,13,4.74,0,240.54,1,0,0,0,1,1,0,0.211,6.95,0
40.11,10,149,5.65,2,84.38,0,0,7,1,1,1,0,0.192,25.61,0
5.53,1,89,16.51,2,15.57,0,0,7,0,1,1,0,0.227,5.06,0
11.26,22,1567,3.12,1,21.97,0,0,136,0,1,1,0,0.231,2.6,0
471.17,11,611,45.48,2,22.0,0,0,34,0,1,1,0,0.063,23.71,0
22.07,11,133,3.14,0,15.84,0,0,11,0,1,1,1,0.273,4.57,0
62.24,15,116,20.79,1,42.75,0,0,10,0,1,1,1,0.044,0.59,0
15.63,21,976,24.34,3,35.03,1,0,65,1,1,1,1,0.02,36.13,0
3.71,23,106,7.03,3,41.42,0,0,4,0,1,1,0,0.105,36.17,0
25.27,11,2915,2.55,1,42.27,0,0,229,0,1,1,0,0.274,1.35,0
22.97,20,166,2.72,2,35.26,0,0,12,0,1,1,1,0.287,22.64,0
20.09,17,44,63.45,2,13.19,0,0,2,0,1,1,1,0.167,20.9,0
26.72,12,587,19.39,3,23.9,0,0,47,0,0,1,1,0.354,10.42,0
39.03,14,470,8.97,1,26.65,0,0,39,0,0,0,1,0.094,5.97,0
25.79,15,3650,4.46,3,23.19,0,0,258,0,1,0,0,0.337,34.66,0
8.47,3,810,0.29,0,47.9,0,1,14,0,1,1,0,0.19,0.0,0
48.72,11,280,16.65,1,26.89,0,0,15,0,1,1,1,0.113,11.88,0
4.27,16,564,47.17,2,89.03,0,0,29,0,1,1,1,0.125,8.48,0
3.86,0,851,1.69,3,23.83,0,0,77,1,1,0,0,0.327,12.15,0
62.75,21,360,21.07,1,92.84,0,0,21,0,1,1,1,0.092,4.77,0
49.75,17,159,2.5,1,23.49,0,0,7,0,1,1,0,0.026,2.81,0
28.29,21,118,23.56,0,33.42,3,0,5,0,1,1,1,0.244,40.71,0
7.42,15,175,6.94,2,34.28,1,1,11,0,1,1,1,0.229,26.48,0
14.76,0,942,18.68,0,8.58,0,0,21,0,1,1,0,0.183,6.44,0
23.04,9,239,39.11,1,8.45,0,0,21,0,1,1,0,0.057,8.71,0
6.07,18,169,14.52,3,32.69,1,0,11,0,1,1,0,0.298,32.74,0
14.31,15,820,38.02,2,10.55,0,0,30,0,1,0,0,0.177,8.87,0
57.53,13,16,4.02,2,40.86,0,0,0,0,0,0,1,0.307,30.33,0
124.87,1,451,57.34,1,94.07,0,0,41,0,1,1,1,0.104,14.75,0
19.7,23,1034,30.94,2,13.7,0,0,20,0,1,1,1,0.193,12.25,0
63.85,5,264,1.71,2,21.12,1,1,11,0,1,1,1,0.425,23.23,0
4.42,21,157,8.0,1,4.07,0,0,6,1,1,1,1,0.295,20.85,0
57.94,22,338,39.27,0,5.4,0,0,26,0,1,1,0,0.085,0.0,0
13.41,4,632,1.22,2,42.72,2,0,21,0,1,1,1,0.234,33.11,0
40.75,11,363,9.07,1,27.57,0,0,8,0,1,1,0,0.049,6.91,0
23.39,3,4,19.29,2,14.15,0,0,0,0,1,1,0,0.304,6.04,0
112.21,21,41,0.51,3,3.07,1,0,3,0,1,1,1,0.087,30.52,0
12.5,23,639,20.97,2,18.9,0,0,13,0,1,1,1,0.161,19.73,0
56.13,3,255,6.72,1,30.03,1,0,7,0,1,1,1,0.329,28.84,0
22.66,4,768,4.3,4,76.17,1,0,53,0,1,1,0,0.22,35.62,0
25.58,6,524,12.87,2,20.81,0,0,39,0,1,1,1,0.127,11.01,0
24.93,5,436,11.79,0,231.53,1,0,7,0,1,1,0,0.109,10.05,0
12.86,12,1158,31.06,3,18.87,0,1,109,0,1,1,0,0.119,23.79,0
29.54,3,11,16.91,2,10.57,0,0,0,0,1,0,0,0.09,7.25,0
28.14,12,84,8.22,2,101.63,0,0,3,0,1,1,1,0.25,12.22,0
38.14,3,490,15.75,2,83.81,0,0,42,0,1,1,1,0.03,22.59,0
32.61,9,34,20.8,1,80.93,2,1,0,0,1,1,0,0.146,35.26,0
66.55,19,518,41.55,2,113.48,0,1,18,0,1,1,0,0.151,14.65,0
75.45,0,2071,18.27,0,45.03,0,0,181,0,1,1,0,0.256,1.79,0
10.48,20,1055,11.77,3,15.7,1,0,67,0,1,1,0,0.045,24.64,0
71.43,7,447,7.0,1,5.9,1,1,30,0,1,1,0,0.005,24.92,0
9.15,6,1122,33.31,4,24.4,0,0,47,0,1,1,1,0.276,27.02,0
53.94,4,62,23.59,3,12.48,0,0,3,0,1,1,1,0.024,23.24,0
55.69,2,303,1.2,0,23.86,1,0,26,1,1,1,0,0.205,6.62,0
4.43,14,280,18.04,1,4.86,0,1,27,0,1,1,1,0.173,0.0,0
32.88,16,205,11.61,0,6.99,1,0,10,0,1,0,0,0.364,0.0,0
18.76,22,1,1.64,1,37.96,0,0,0,0,1,1,0,0.166,5.55,0
14.03,12,1108,12.48,2,35.34,0,0,51,0,1,1,1,0.107,4.19,0
115.68,14,752,3.21,2,18.58,0,0,34,0,1,1,0,0.082,33.44,0
15.59,18,529,18.47,0,7.71,1,0,24,0,1,1,1,0.054,3.28,0
13.38,19,69,4.9,2,30.82,0,0,2,0,1,0,1,0.149,13.65,0
32.32,13,238,2.44,3,18.45,0,0,14,0,1,1,0,0.025,18.94,0
59.48,20,1291,1.28,1,17.51,0,0,125,0,1,0,0,0.15,38.57,0
26.01,12,480,10.12,1,68.95,0,0,10,0,1,1,1,0.064,9.75,0
96.19,11,462,3.34,1,84.01,0,0,29,0,1,1,1,0.055,8.34,0
50.96,23,1222,28.98,2,39.73,0,0,117,0,1,1,1,0.286,3.06,0
3.39,22,410,0.05,0,36.53,0,0,21,0,1,0,1,0.392,0.0,0
17.65,8,455,27.83,1,80.34,0,0,28,0,1,1,0,0.031,0.86,0
17.08,2,212,11.04,0,24.86,0,0,5,0,1,1,0,0.039,0.0,0
48.39,10,232,38.29,0,16.74,0,0,15,0,1,1,0,0.222,0.0,0
2.17,9,579,3.43,1,27.67,0,0,28,0,1,1,1,0.27,21.54,0
383.37,0,193,1.62,4,52.95,0,0,14,0,1,1,1,0.092,26.79,1
50.96,16,409,14.71,1,33.27,0,0,23,0,1,1,1,0.165,16.02,0
34.77,12,164,18.4,1,4.57,0,0,4,0,1,0,1,0.233,17.69,0
97.67,13,91,6.99,1,64.12,0,0,2,0,1,1,0,0.249,0.0,0
312.2,0,303,0.21,2,38.16,0,1,27,0,1,1,1,0.357,9.49,0
71.58,1,123,7.84,2,35.93,0,0,8,0,1,1,0,0.332,8.56,0
77.39,1,1144,3.99,0,53.85,0,2,25,0,1,1,0,0.306,0.62,0
34.15,6,181,6.4,2,23.17,0,0,7,0,1,1,0,0.322,22.05,0
26.01,8,455,10.6,2,33.71,0,1,36,0,1,1,0,0.253,8.88,0
18.62,23,153,18.18,0,53.06,2,0,9,0,1,1,0,0.081,35.55,0
13.12,3,149,49.54,2,43.14,0,0,13,0,1,1,0,0.336,10.62,0
15.07,1,216,2.33,2,13.19,0,0,8,0,1,1,0,0.207,26.88,0
7.76,18,1238,17.09,3,22.11,0,0,110,0,1,1,0,0.19,13.1,0
27.77,4,248,3.98,0,17.39,0,0,12,0,1,0,1,0.057,0.0,0
5.56,8,861,3.74,1,23.59,0,1,83,0,1,1,1,0.182,4.83,0
36.27,23,110,15.06,1,75.62,0,0,9,0,1,1,0,0.287,12.11,0
28.9,12,25,22.44,0,62.1,0,0,2,0,1,1,0,0.116,3.39,0
34.71,11,761,57.11,1,53.17,1,0,65,0,1,1,1,0.049,22.99,0
17.78,18,390,21.97,0,9.69,1,0,30,0,1,1,1,0.263,0.85,0
649.93,8,350,2.57,0,19.19,0,0,29,0,1,1,0,0.11,0.0,1
116.76,9,159,3.83,0,3.51,0,0,10,1,1,1,0,0.298,0.0,0
8.63,18,38,21.49,3,28.29,0,0,1,0,1,1,0,0.198,27.85,0
37.82,9,330,11.23,1,21.61,0,0,16,0,1,0,1,0.14,0.0,0
16.31,11,1010,5.25,2,21.04,0,0,52,0,1,1,0,0.191,6.4,0
10.86,13,64,9.57,2,69.6,0,0,3,0,1,1,0,0.075,18.81,0
7.85,7,1324,36.96,2,16.17,0,0,96,0,1,1,1,0.052,17.28,0
46.16,15,161,21.13,1,39.1,0,0,7,0,1,0,0,0.11,15.22,0
15.16,16,380,8.99,2,87.56,0,0,27,0,0,1,1,0.334,32.82,0
78.87,19,34,59.1,4,30.57,0,1,1,0,1,1,1,0.315,36.88,1
80.95,3,277,23.76,2,63.61,0,0,17,1,1,1,1,0.119,17.05,0
118.38,5,67,0.09,4,47.23,0,0,4,0,1,0,1,0.421,42.69,0
12.78,11,25,1.79,1,16.45,0,1,1,1,1,1,0,0.317,14.02,0
48.2,17,1699,12.11,2,36.29,0,0,105,0,1,1,0,0.029,24.54,0
56.4,6,655,6.46,1,109.27,1,0,11,0,1,1,1,0.166,16.34,0
18.65,4,635,25.11,2,24.38,1,0,35,0,1,1,1,0.324,21.27,0
13.85,9,47,33.91,2,22.08,2,0,4,0,1,1,1,0.209,53.48,0
149.83,5,1325,4.13,2,29.43,2,0,55,0,1,1,1,0.37,36.74,0
37.62,13,317,21.61,4,446.35,0,0,12,0,1,0,0,0.204,41.27,0
56.6,5,956,11.5,2,17.47,1,0,77,0,1,1,1,0.137,21.78,0
13.17,13,6,7.46,0,21.82,1,0,0,0,1,1,1,0.068,0.0,0
8.85,11,177,23.18,1,24.44,0,0,8,0,1,1,1,0.223,0.0,0
16.95,21,2767,12.48,2,18.32,0,0,235,0,1,1,1,0.175,6.35,0
26.47,11,279,15.13,3,26.56,0,0,6,0,1,0,0,0.061,16.94,0
10.34,7,1097,0.96,0,8.37,0,0,103,0,1,1,1,0.203,0.0,0
29.67,9,199,13.22,0,14.97,0,0,6,0,1,1,0,0.206,0.0,0
5.54,15,373,5.37,0,14.11,0,0,12,0,1,1,1,0.155,0.0,0
9.78,19,963,10.2,1,10.98,0,0,78,0,1,0,0,0.043,12.57,0
58.61,7,465,3.77,3,50.29,2,1,12,0,1,1,1,0.067,43.21,0
54.81,8,646,14.3,3,56.46,1,0,18,1,1,1,1,0.189,33.74,1
20.25,12,130,2.39,0,45.34,0,0,3,0,1,1,1,0.291,0.0,0
10.83,19,85,1.97,0,21.77,0,0,5,0,1,1,0,0.195,2.62,0
10.73,16,131,3.13,1,15.31,0,0,11,0,1,1,0,0.257,0.0,0
20.63,18,340,25.51,1,33.79,0,0,10,0,1,1,1,0.193,13.86,0
57.08,16,807,0.51,0,19.14,1,0,40,0,1,1,0,0.076,5.48,0
75.81,6,218,19.62,4,9.56,0,0,15,0,1,1,1,0.185,31.05,0
18.24,0,416,0.87,3,103.05,0,0,17,0,1,1,0,0.098,28.38,0
9.45,19,817,13.44,1,5.59,0,0,26,0,1,1,1,0.048,4.19,0
39.17,13,136,22.28,1,80.59,0,1,12,1,1,1,0,0.116,0.0,0
13.15,16,1073,3.94,1,12.39,0,0,80,0,1,1,0,0.282,7.86,0
17.85,12,1530,3.27,2,18.44,1,2,143,0,1,1,1,0.215,32.72,0
112.76,1,20,5.12,1,31.22,0,1,1,0,1,1,1,0.26,1.91,0
68.52,13,30,18.04,0,85.18,0,0,1,0,1,1,0,0.152,19.09,0
35.09,0,48,4.41,2,20.28,0,0,0,0,1,1,1,0.063,22.64,0
8.4,4,750,10.45,1,16.67,0,0,41,0,1,1,0,0.321,11.5,0
37.02,6,105,2.17,1,149.9,0,0,4,0,1,1,1,0.375,0.94,0
86.72,18,647,9.28,1,55.25,0,0,38,0,1,1,0,0.11,0.0,0
20.58,13,291,14.7,1,70.8,0,0,5,0,1,1,1,0.122,6.16,0
115.71,23,905,1.12,0,141.05,0,0,55,0,1,1,1,0.145,1.69,1
109.15,13,827,25.35,1,38.97,0,0,42,0,1,1,1,0.283,14.63,0
158.18,14,1605,41.57,0,42.13,0,1,117,0,1,1,0,0.279,0.0,0
40.66,4,145,3.23,1,32.56,0,0,5,0,1,1,0,0.132,1.82,0
53.91,4,130,21.37,1,78.78,0,0,11,0,1,1,1,0.184,13.11,0
123.25,20,16,5.64,3,19.7,0,0,1,1,1,1,1,0.228,27.22,1
46.87,23,264,16.94,1,15.53,0,1,8,1,1,1,1,0.274,1.1,0
18.15,1,307,5.49,3,54.04,1,0,21,0,1,1,1,0.166,21.28,0
19.13,17,1669,29.74,1,27.9,0,0,115,0,1,1,0,0.077,17.16,0
38.04,23,888,6.4,0,26.71,0,0,39,1,1,1,1,0.219,0.0,0
8.24,8,91,28.34,4,13.74,2,0,2,0,1,1,1,0.15,54.88,0
25.96,9,801,21.8,1,6.72,0,0,57,0,1,0,1,0.417,15.87,0
89.71,17,98,3.28,3,7.44,0,0,5,0,1,1,0,0.194,30.14,0
3.35,3,40,2.56,3,56.43,0,0,1,0,1,1,0,0.244,19.32,0
139.0,7,907,22.69,2,9.88,1,0,19,0,1,1,1,0.324,10.26,0
92.05,17,1864,7.42,1,58.88,0,0,178,0,1,1,1,0.297,6.31,0
18.92,19,46,44.76,3,215.5,0,0,2,0,1,1,1,0.48,34.6,0
51.59,16,841,42.96,0,70.16,0,0,66,0,1,1,1,0.146,0.0,0
30.06,15,980,17.74,1,36.99,0,0,27,0,1,1,1,0.25,0.0,0
102.51,17,63,10.41,0,35.14,0,0,4,0,1,1,0,0.394,2.28,0
80.05,6,167,3.25,2,10.83,0,0,3,0,1,1,1,0.373,23.57,0
7.39,0,661,32.11,3,55.97,0,0,34,0,1,1,1,0.031,31.88,0
53.91,0,824,1.28,1,186.31,0,0,30,0,1,1,1,0.165,18.2,0
24.39,17,218,6.94,2,8.95,0,0,9,0,1,1,0,0.347,17.43,0
32.55,3,87,5.77,0,35.17,1,0,5,0,1,1,0,0.334,8.44,0
14.47,22,523,47.71,2,24.06,1,0,24,0,1,1,1,0.144,25.15,0
172.11,19,605,1.89,0,44.88,0,0,22,0,1,1,1,0.061,8.67,0
84.78,20,350,33.13,2,24.95,1,0,26,0,1,1,1,0.218,36.36,0
14.3,19,78,9.14,3,108.66,0,1,4,0,0,1,1,0.364,30.76,0
7.89,3,931,0.73,2,33.01,0,0,64,0,1,1,0,0.098,14.68,0
20.38,5,518,19.58,0,55.77,0,0,25,0,0,1,0,0.072,16.62,0
46.27,2,1017,1.6,2,63.69,0,0,38,0,1,1,1,0.157,11.18,0
38.1,5,1351,4.06,1,30.25,0,0,50,0,1,1,0,0.229,7.47,0
104.91,12,819,24.12,3,18.1,0,0,81,0,1,1,1,0.072,15.06,0
66.02,22,1593,2.52,1,24.79,0,0,114,0,1,1,0,0.38,16.28,0
79.01,6,1542,5.91,1,52.89,0,0,38,0,1,1,1,0.056,14.4,0
41.55,23,483,6.72,0,80.55,0,0,33,0,1,1,0,0.031,8.37,0
7.47,3,651,13.33,1,23.09,0,0,16,0,1,1,0,0.196,4.91,0
24.64,0,601,23.4,2,62.09,0,1,25,0,1,1,1,0.262,23.58,0
86.5,5,485,3.94,1,14.67,0,0,42,0,1,1,0,0.196,14.03,0
28.46,23,10,3.46,2,6.77,1,0,0,0,1,0,0,0.274,49.84,0
49.56,4,220,3.76,2,27.82,0,1,19,0,1,1,0,0.21,10.55,0
21.79,12,53,7.21,0,9.11,1,0,3,0,1,1,1,0.257,10.06,0
10.7,18,179,11.49,2,58.39,1,0,9,0,1,1,0,0.164,21.83,0
26.49,3,36,0.2,1,49.23,0,1,1,0,1,1,1,0.273,11.3,0
40.81,23,1263,22.73,1,118.93,1,0,105,0,1,0,1,0.458,29.13,0
15.55,5,300,39.2,1,47.13,0,0,20,0,1,1,0,0.1,2.76,0
23.67,12,105,27.82,3,93.72,0,0,6,0,1,1,0,0.399,13.4,0
11.71,4,439,0.57,0,182.82,0,1,16,0,1,1,0,0.276,5.81,0
91.77,12,109,11.15,3,14.5,0,0,4,0,1,1,0,0.468,11.62,0
22.32,9,816,25.23,1,13.49,0,0,30,0,1,1,0,0.204,10.79,0
128.09,2,183,6.33,6,32.12,0,0,12,0,1,1,1,0.117,40.85,0
138.21,22,189,34.1,0,14.85,0,0,12,0,1,1,0,0.35,6.9,0
27.63,12,1020,32.69,0,23.48,0,0,31,0,1,0,1,0.183,1.58,0
10.93,11,410,2.29,2,6.44,1,1,18,0,1,1,1,0.02,16.67,0
3.72,3,1092,10.21,3,26.63,1,0,19,0,1,1,0,0.035,32.7,0
6.88,9,266,0.39,2,17.54,1,1,8,0,1,1,0,0.072,22.38,0
7.58,2,211,4.97,2,23.07,0,0,12,0,1,1,0,0.319,0.0,0
118.92,16,353,25.06,0,44.3,0,0,16,0,1,1,1,0.16,0.0,0
33.64,8,32,55.42,0,39.56,0,0,2,0,1,1,0,0.116,0.0,0
44.24,0,84,36.68,1,37.76,0,0,4,0,1,1,1,0.018,8.4,0
3.25,17,124,0.65,1,16.85,0,0,3,0,1,1,1,0.283,12.6,0
9.04,8,848,39.2,1,39.91,0,0,61,1,1,1,1,0.157,14.11,0
72.75,20,662,25.94,1,24.39,0,1,63,0,1,1,1,0.107,4.32,0
39.92,19,107,30.34,1,21.43,1,0,4,0,1,1,0,0.36,19.0,0
25.86,8,162,36.95,3,47.39,0,0,5,0,1,1,1,0.232,28.19,0
52.71,1,1444,10.05,0,41.66,0,0,124,0,1,1,0,0.214,6.87,0
153.82,18,45,3.56,2,40.05,0,0,1,0,1,1,0,0.041,12.35,0
24.02,15,396,0.32,0,19.13,0,0,19,0,1,1,0,0.447,8.11,0
32.12,2,369,0.36,2,17.31,0,1,12,0,1,1,0,0.048,15.94,0
36.33,15,647,15.43,1,11.24,1,0,44,0,1,1,1,0.238,16.4,0
327.7,20,152,6.17,3,55.18,0,0,8,0,1,1,1,0.319,35.39,1
3.67,12,1365,10.27,1,45.02,0,0,64,0,1,1,1,0.387,9.91,0
59.34,2,264,2.11,3,48.81,0,0,10,0,1,1,1,0.488,18.37,0
26.71,9,168,55.64,0,6.8,0,0,16,0,1,1,1,0.156,0.0,0
52.81,21,205,2.09,3,27.71,0,0,4,0,1,1,1,0.272,9.6,0
15.53,17,214,8.83,0,8.06,0,0,8,0,1,1,0,0.116,0.0,0
28.53,5,111,8.79,3,10.73,0,0,5,0,1,1,0,0.34,16.72,0
61.03,5,1316,0.13,1,85.85,1,0,111,0,1,1,0,0.391,21.48,0
673.78,17,96,16.53,1,12.21,0,0,9,0,1,1,0,0.183,8.74,1
67.22,5,1072,11.59,2,18.02,0,2,18,0,1,1,1,0.475,13.17,0
12.83,5,260,10.32,2,19.0,0,0,25,0,1,1,1,0.606,4.96,0
19.61,21,157,25.56,0,13.25,1,0,15,0,1,1,0,0.395,7.62,0
19.04,12,111,4.14,4,12.36,1,0,10,0,1,1,0,0.23,43.02,0
4.97,13,351,29.61,0,6.61,0,0,32,0,1,0,0,0.274,2.8,0
21.54,20,553,30.01,0,10.87,1,0,46,0,1,1,1,0.141,4.01,0
62.35,6,1142,26.31,4,31.49,0,0,47,0,1,1,1,0.229,24.87,0
8.38,12,528,6.26,3,15.78,0,0,44,0,1,1,1,0.12,21.63,0
85.5,14,330,2.66,0,15.82,0,0,18,0,0,0,1,0.421,0.0,0
48.8,11,17,9.67,3,3.58,0,0,1,0,1,1,0,0.203,22.76,0
14.38,20,1235,4.51,2,15.81,1,0,22,0,1,1,1,0.433,24.65,0
26.01,0,1163,0.8,2,149.78,0,0,65,0,1,1,0,0.223,20.23,0
148.16,2,238,4.92,0,14.8,0,0,9,0,1,1,0,0.097,9.85,0
62.4,17,15,9.5,1,51.76,1,0,0,0,1,0,1,0.114,25.7,0
30.23,21,661,1.79,1,14.4,0,0,37,0,1,1,1,0.271,17.61,0
23.63,7,784,43.33,0,36.94,0,0,58,0,1,1,0,0.111,8.19,0
32.35,1,391,16.01,0,94.86,0,0,8,0,1,1,0,0.117,0.0,0
17.96,3,258,2.2,0,26.21,0,0,17,0,1,1,0,0.466,16.22,0
3.65,17,952,25.07,2,18.33,1,0,39,0,1,1,1,0.228,19.87,0
230.94,12,107,39.48,3,28.95,0,0,9,0,1,1,0,0.304,33.99,1
35.0,14,290,4.57,1,12.31,0,0,26,0,1,1,1,0.04,14.57,0
44.62,1,12,2.32,1,30.15,0,0,0,0,1,1,1,0.242,15.36,0
28.28,9,90,5.84,0,25.16,0,0,8,0,1,1,1,0.316,0.0,0
14.37,1,1414,26.78,1,34.32,0,0,87,0,1,1,0,0.342,20.0,0
24.88,20,431,2.89,3,4.95,2,1,13,0,1,0,1,0.39,36.29,0
6.05,11,819,22.67,1,28.11,0,0,14,0,1,1,0,0.13,5.95,0
292.1,4,333,18.9,2,43.08,0,1,22,0,1,1,0,0.173,25.41,1
8.72,11,900,15.81,0,26.23,0,0,54,0,1,1,1,0.135,12.05,0
10.68,22,387,8.52,1,55.14,0,0,29,0,1,1,0,0.127,1.47,0
19.29,0,2,6.85,2,12.43,1,0,0,0,1,0,1,0.063,39.14,0
108.64,1,1150,1.34,3,15.19,0,0,21,0,1,1,0,0.117,9.04,0
30.4,15,80,6.63,3,43.73,0,0,4,1,1,1,1,0.109,26.25,0
8.7,21,299,13.81,4,53.29,0,0,25,0,1,1,1,0.2,49.72,0
105.04,1,324,34.27,5,77.19,0,1,15,0,1,0,1,0.122,37.1,0
62.24,15,24,26.86,1,31.84,0,0,0,0,1,1,0,0.385,14.01,0
51.34,19,27,0.49,0,6.17,0,0,1,0,1,1,0,0.214,0.0,0
61.3,15,719,2.24,2,68.66,0,0,18,0,1,1,1,0.485,12.73,0
328.44,5,179,28.31,0,34.76,0,1,8,1,1,1,1,0.342,8.52,1
266.43,12,264,42.03,0,31.85,0,0,21,0,1,1,0,0.14,7.02,0
15.08,11,415,0.86,0,93.71,0,0,8,0,1,1,1,0.019,0.0,0
152.0,22,234,18.12,1,48.8,0,0,21,0,1,1,0,0.09,9.5,0
43.96,9,746,6.83,2,54.4,0,0,40,0,1,1,1,0.353,29.69,0
49.36,4,1079,6.8,0,5.36,0,0,77,0,1,0,0,0.34,5.63,0
5.52,7,31,15.44,2,18.28,0,2,1,0,1,1,1,0.486,12.93,0
25.27,5,504,24.93,4,59.71,0,0,19,0,1,1,1,0.085,37.39,1
13.29,4,191,4.82,3,25.88,1,0,4,0,1,1,0,0.099,38.69,0
68.58,19,438,18.33,3,40.3,0,1,24,0,1,1,1,0.277,29.11,0
87.45,21,331,15.15,1,32.16,0,0,17,0,1,1,0,0.483,8.5,0
3.76,5,203,10.93,3,60.07,0,0,13,1,1,1,1,0.192,27.2,0
29.31,21,50,13.84,3,9.76,0,0,2,0,1,1,1,0.274,19.1,0
92.01,16,410,0.27,3,7.15,0,0,22,0,1,0,0,0.143,34.86,0
24.86,5,60,0.06,4,22.79,1,1,4,0,1,1,1,0.141,51.29,0
62.12,16,85,11.99,0,36.55,0,0,2,0,1,1,0,0.27,11.43,0
42.57,4,2014,11.14,1,18.02,1,0,101,1,1,1,0,0.107,5.08,0
42.17,22,190,1.11,0,26.01,0,1,5,0,1,1,0,0.128,0.0,0
22.84,16,439,10.16,2,9.02,0,0,41,0,1,1,1,0.06,16.63,0
8.88,16,159,21.25,4,9.65,1,0,13,0,1,1,1,0.256,59.32,0
9.76,12,1003,11.69,1,15.47,1,0,87,1,1,1,1,0.101,17.67,0
60.91,21,167,10.94,1,54.09,0,0,4,0,1,1,1,0.305,17.86,0
30.55,6,229,18.98,5,38.15,0,0,20,0,1,1,1,0.022,26.87,0
26.09,21,469,2.83,1,48.06,0,0,13,0,1,1,0,0.123,33.07,0
19.61,20,1020,9.17,3,55.93,0,0,56,0,1,1,0,0.023,17.33,0
22.08,5,847,2.4,1,186.1,0,0,21,0,1,1,0,0.14,0.0,0
85.36,13,153,11.13,0,8.05,1,2,14,0,1,1,0,0.074,23.39,0
21.43,15,885,13.45,0,13.61,0,0,87,0,1,1,1,0.022,0.0,0
7.84,2,604,1.95,1,78.92,1,1,31,0,1,1,0,0.214,0.19,0
63.03,8,2294,1.18,3,23.39,0,0,219,1,1,1,0,0.12,20.13,0
24.41,14,1370,2.74,3,39.85,1,1,33,0,1,1,1,0.272,36.89,0
30.92,20,381,13.24,1,10.41,0,0,35,1,1,0,0,0.045,0.0,0
149.54,17,693,3.15,2,34.52,0,0,31,0,1,1,1,0.158,6.84,0
29.35,9,422,4.83,0,62.65,0,0,30,0,0,1,0,0.334,14.07,0
40.01,9,452,18.19,0,24.47,0,0,21,0,1,1,0,0.056,0.0,0
9.22,22,54,4.28,2,38.18,0,0,3,0,1,1,0,0.24,15.3,0
24.05,2,1,7.6,1,34.3,0,1,0,0,1,1,1,0.203,2.08,0
55.12,0,25,39.64,0,52.21,1,0,1,0,1,0,1,0.122,10.1,0
6.33,2,1700,26.14,1,13.36,0,0,100,0,1,1,1,0.191,17.01,0
36.63,4,67,4.43,3,7.31,1,0,3,0,1,1,1,0.271,33.74,0
33.14,6,23,13.65,1,37.37,0,0,1,0,1,1,0,0.06,12.46,0
31.23,2,185,16.44,2,55.1,1,0,10,0,1,0,0,0.117,13.24,0
84.53,3,444,34.58,0,124.58,0,0,22,0,1,1,1,0.187,0.0,0
41.86,16,1483,11.89,5,29.53,0,0,33,0,1,1,0,0.252,36.81,0
131.38,2,602,12.36,3,15.03,0,0,49,0,1,0,1,0.259,25.05,0
11.09,22,162,32.9,2,24.14,0,0,11,0,1,1,0,0.043,17.87,0
34.33,3,1399,0.84,0,26.41,0,0,102,0,1,1,1,0.207,6.11,0
32.61,1,18,14.84,2,22.59,1,0,0,0,1,1,1,0.062,33.23,0
10.29,13,1933,8.08,1,36.93,0,0,156,0,1,1,0,0.182,3.57,0
77.97,4,30,36.08,2,151.48,0,1,2,0,1,1,0,0.141,16.86,0
306.33,20,701,48.49,3,75.98,0,1,58,0,1,1,0,0.174,35.32,0
29.46,1,23,2.8,0,7.45,0,0,1,0,1,1,1,0.041,0.98,0
49.65,14,1341,4.96,2,26.95,0,0,79,0,1,1,1,0.104,10.36,0
32.61,10,58,4.79,0,7.44,1,1,5,1,1,1,1,0.237,16.44,0
14.68,21,26,1.59,2,15.32,0,0,1,1,0,1,0,0.259,0.0,0
4.85,9,1100,9.89,2,14.18,0,1,26,1,1,0,0,0.038,9.32,1
14.79,19,50,10.79,2,24.45,0,0,2,0,1,1,0,0.177,0.0,1
7.45,0,800,12.76,1,23.56,0,0,60,0,1,1,0,0.52,10.69,0
164.7,18,687,16.31,1,23.82,0,0,34,1,1,1,0,0.148,0.0,0
26.71,13,457,0.97,0,106.85,0,0,38,0,1,1,1,0.174,15.67,0
21.2,22,237,14.61,3,62.54,0,0,13,0,1,0,1,0.171,28.64,1
72.9,21,1236,36.77,1,22.84,0,1,60,0,0,1,1,0.326,6.15,0
9.76,13,1024,9.1,0,36.53,0,1,46,0,1,1,1,0.046,0.0,0
13.92,0,278,1.69,0,97.57,0,0,11,0,1,1,1,0.36,0.0,0
32.07,8,132,1.35,2,8.9,0,0,7,0,1,1,0,0.236,14.35,0
83.83,16,159,4.96,2,25.42,0,0,10,0,1,1,1,0.094,25.19,0
49.49,13,124,20.95,3,35.89,0,0,11,0,1,1,1,0.136,30.64,0
38.41,12,390,4.54,0,14.18,0,0,30,0,1,1,0,0.139,0.0,0
32.4,12,1015,25.26,1,8.05,1,0,34,0,1,1,0,0.098,6.28,0
44.71,5,743,25.69,2,17.5,0,1,40,0,1,1,1,0.095,10.04,0
36.66,6,794,9.16,0,22.17,0,0,33,0,1,1,0,0.147,4.87,0
10.7,1,297,5.37,2,59.87,1,1,10,0,1,1,0,0.178,31.91,0
31.38,7,195,13.66,3,6.49,0,0,13,0,1,1,1,0.039,35.71,0
10.24,23,708,24.95,3,37.83,0,0,18,0,1,1,0,0.239,21.86,0
32.49,5,788,1.0,1,19.75,1,0,14,0,1,1,1,0.074,22.38,0
18.53,2,594,46.0,0,37.66,0,0,30,0,1,1,0,0.11,9.49,0
379.7,17,16,15.57,1,101.55,0,0,0,0,1,1,1,0.093,0.0,1
28.79,17,445,7.62,5,13.48,1,0,26,0,1,0,1,0.202,53.63,0
7.36,21,213,10.58,2,67.03,1,1,13,0,1,1,0,0.098,24.87,0
26.2,22,109,7.31,2,39.23,1,0,3,0,0,0,1,0.316,34.87,0
50.37,5,593,7.98,1,19.62,1,0,44,0,1,1,1,0.107,3.77,0
159.71,10,156,13.58,1,42.87,0,0,4,0,1,1,0,0.231,0.0,0
16.62,2,1220,0.93,0,50.35,0,0,83,0,1,1,0,0.205,9.78,0
6.16,15,177,2.89,0,14.32,0,0,12,0,1,0,1,0.096,0.0,0
67.82,4,405,3.86,1,10.02,0,0,34,0,1,0,0,0.223,0.0,0
7.53,23,879,7.85,2,10.61,1,0,79,0,1,0,1,0.378,22.46,0
19.37,21,257,6.96,0,19.02,0,0,18,1,1,1,1,0.208,0.0,0
23.16,1,882,19.21,3,15.58,0,0,60,1,1,1,0,0.202,4.23,0
27.95,14,643,4.5,0,42.82,0,0,47,0,1,1,0,0.109,6.9,0
59.69,15,1268,0.88,0,41.98,0,2,76,0,1,0,0,0.274,4.97,0
15.13,6,197,0.86,2,32.02,0,1,13,0,1,1,0,0.122,7.7,0
22.79,15,55,0.17,0,58.15,0,0,5,1,1,1,0,0.118,4.08,0
29.54,23,281,0.58,2,26.28,0,0,20,0,1,1,1,0.066,17.1,0
34.8,3,770,29.35,0,37.98,0,1,32,0,1,1,1,0.08,6.63,0
33.04,15,299,17.92,3,40.05,0,0,22,0,1,1,1,0.111,20.18,0
46.34,16,152,82.57,1,19.59,0,0,3,0,1,1,0,0.13,0.0,0
69.67,1,14,0.31,2,11.23,0,0,0,0,1,1,1,0.094,17.28,0
44.37,15,188,28.36,1,10.15,0,0,9,0,1,1,0,0.035,11.34,0
47.16,3,625,17.86,2,76.23,0,0,27,0,1,1,1,0.239,18.94,0
6.16,6,80,15.34,4,12.02,0,0,5,0,1,1,0,0.088,29.43,0
31.51,17,208,6.61,0,60.73,2,0,6,1,1,1,1,0.072,26.73,0
48.4,5,10,7.09,0,89.15,0,0,0,0,1,1,1,0.207,0.0,0
62.11,17,640,28.02,1,15.61,1,0,24,0,1,1,0,0.349,22.38,0
14.99,6,1063,18.75,3,33.28,1,0,79,0,1,1,0,0.155,29.69,0
15.5,1,420,16.64,3,20.64,1,0,22,0,1,1,0,0.122,17.41,0
16.88,18,13,0.47,1,19.38,0,1,0,0,1,1,1,0.053,13.49,0
51.23,8,123,3.06,1,111.8,2,0,6,0,1,0,1,0.03,24.6,0
84.26,3,289,49.3,1,54.5,0,0,13,0,1,1,0,0.062,9.39,0
19.94,13,443,9.09,2,24.35,0,0,36,0,1,1,1,0.242,7.76,0
74.29,4,343,22.81,1,52.03,0,0,24,0,1,1,1,0.404,11.65,0
33.9,6,1238,7.4,0,87.63,1,1,106,0,1,1,1,0.057,26.46,0
26.46,7,1395,21.68,3,19.79,0,0,28,0,1,1,0,0.262,16.58,0
24.25,14,57,1.9,1,53.59,0,1,4,0,1,1,0,0.168,10.94,0
63.22,18,74,0.65,1,12.96,0,0,3,0,1,1,0,0.112,14.51,0
41.5,10,222,9.42,1,15.76,1,0,8,0,1,1,0,0.271,24.72,0
291.73,19,273,13.43,2,34.59,1,0,9,0,1,1,0,0.167,19.62,0
12.78,22,441,5.87,1,27.39,1,0,20,1,1,1,0,0.153,26.49,0
50.3,3,742,18.88,2,25.43,0,0,33,0,1,1,0,0.24,15.4,0
17.65,17,73,10.27,1,50.11,0,0,2,1,1,1,0,0.092,9.39,0
12.56,13,811,39.53,0,24.23,0,0,54,0,0,1,0,0.157,4.99,0
29.64,5,471,1.33,3,60.41,1,0,11,0,1,1,0,0.091,24.87,0
34.38,15,1979,1.03,1,46.33,1,0,115,0,1,1,0,0.187,15.1,0
554.56,17,527,35.33,1,29.0,0,0,25,0,1,1,0,0.238,11.65,1
24.92,0,630,16.59,0,22.49,0,0,53,0,1,1,1,0.192,1.21,0
9.68,7,109,16.68,2,27.25,0,0,3,0,1,1,0,0.29,7.0,0
39.37,0,732,0.42,1,11.12,0,0,46,0,1,0,0,0.113,7.84,0
3.76,0,41,41.63,2,21.84,0,0,1,0,1,1,1,0.09,23.9,0
27.33,18,534,22.16,1,11.26,1,0,40,0,1,1,0,0.459,32.45,0
30.45,20,29,21.68,1,38.61,1,0,1,0,1,1,1,0.388,28.17,0
66.33,9,61,36.44,3,9.08,2,0,5,0,1,1,0,0.238,43.39,0
79.33,17,57,12.95,1,8.1,0,1,5,0,1,1,0,0.048,14.04,0
18.11,11,27,7.53,2,25.74,0,0,1,0,0,1,0,0.165,28.3,0
25.77,16,194,9.83,4,44.86,1,1,15,0,1,1,0,0.245,43.23,1
13.93,0,2588,22.52,2,26.02,0,0,59,0,1,1,1,0.047,17.79,0
9.7,7,214,21.96,4,70.14,0,0,17,0,1,1,0,0.109,25.38,0
40.85,9,715,14.11,2,30.04,0,0,38,0,1,1,1,0.307,24.04,0
8.38,9,71,3.69,0,170.28,0,0,1,0,1,1,0,0.168,0.0,0
19.79,17,303,25.63,1,32.21,0,0,12,0,1,1,1,0.275,0.0,0
11.08,8,102,15.63,2,194.29,0,0,4,0,1,1,0,0.311,10.14,0
51.92,1,107,3.75,0,27.45,0,0,8,0,1,1,1,0.163,0.0,0
181.53,2,53,9.83,1,47.74,1,0,4,0,0,1,0,0.146,20.44,0
8.15,1,283,88.21,1,30.8,0,0,17,0,1,1,1,0.508,0.0,0
4.7,5,39,5.97,4,36.71,0,1,1,0,1,1,1,0.045,43.62,0
26.45,22,1203,1.86,1,16.16,0,0,60,1,1,1,1,0.055,19.32,0
30.44,11,297,0.33,1,41.69,0,0,20,0,1,1,1,0.28,0.0,0
37.29,21,912,3.06,0,9.97,2,0,63,0,1,1,1,0.22,18.0,0
19.18,18,1943,3.1,1,25.3,0,0,61,0,1,1,0,0.242,18.9,0
24.52,14,566,29.29,1,17.46,0,0,33,0,1,1,0,0.132,6.28,0
43.27,18,1159,2.55,1,19.77,1,1,74,0,1,1,1,0.333,19.13,0
84.81,11,73,29.78,2,59.76,0,0,5,0,1,1,0,0.153,10.9,0
4.24,17,886,1.36,0,37.23,0,0,49,0,1,1,1,0.332,0.0,0
20.72,15,158,35.57,0,6.01,0,1,14,0,1,1,0,0.135,0.0,0
37.11,1,320,4.44,1,54.97,0,0,23,1,0,0,0,0.415,8.13,0
11.97,10,520,14.18,1,27.35,0,0,39,0,1,1,1,0.261,14.21,0
169.21,11,1169,2.61,1,54.83,0,0,76,0,1,1,1,0.196,17.3,0
15.87,4,1210,7.42,0,30.16,0,0,105,0,1,1,0,0.283,8.39,0
28.75,23,48,1.35,1,9.61,1,0,2,0,1,1,0,0.13,14.35,0
52.25,5,227,13.0,2,84.16,0,0,4,0,1,0,1,0.088,15.66,0
16.59,10,788,6.37,3,51.8,0,2,20,0,1,0,1,0.061,17.55,0
4.73,20,607,28.67,0,29.47,0,0,31,1,1,1,0,0.094,0.0,0
19.52,9,13,3.01,2,11.02,0,0,0,0,1,1,1,0.111,1.84,0
83.88,3,299,4.93,3,37.58,0,0,16,0,1,1,1,0.227,27.47,0
21.39,8,884,2.93,1,34.22,1,0,54,0,1,1,1,0.064,29.7,0
12.85,11,669,12.45,3,11.69,0,0,33,0,1,1,1,0.107,30.79,0
75.62,9,265,1.78,1,25.59,0,0,5,0,1,1,1,0.076,5.0,0
21.53,13,664,3.15,2,6.12,1,0,55,0,1,0,1,0.228,14.92,0
17.99,4,401,17.02,3,6.18,0,1,37,0,1,1,0,0.083,25.34,0
34.79,0,1219,1.16,2,11.05,0,0,79,0,1,1,1,0.144,13.5,0
64.76,4,442,20.39,1,28.38,0,0,24,0,1,1,1,0.173,0.0,0
324.31,15,256,1.65,0,13.55,0,1,6,0,1,1,1,0.281,20.62,1
68.53,4,994,13.21,1,62.86,0,0,93,0,1,1,0,0.231,19.43,0
95.57,4,26,91.85,0,14.77,0,1,1,0,1,1,1,0.062,0.0,0
18.07,17,1154,2.87,0,20.03,0,0,93,0,1,1,1,0.075,0.0,0
10.74,5,596,4.54,3,65.0,1,0,19,0,1,1,0,0.267,33.83,0
31.89,20,1412,34.3,4,18.86,0,0,130,1,1,1,1,0.684,31.96,0
33.35,17,144,14.76,2,27.44,1,0,10,0,1,1,0,0.214,27.7,0
10.19,9,594,10.17,1,59.52,0,0,25,0,1,1,0,0.104,4.3,0
25.15,14,829,12.41,3,126.93,0,0,66,0,1,1,1,0.066,22.86,0
44.67,23,606,5.25,0,55.39,0,1,25,0,1,1,0,0.296,0.0,0
42.97,21,118,29.0,0,38.88,0,0,4,1,1,1,1,0.061,6.12,0
49.61,10,161,20.51,3,152.79,0,0,13,0,1,1,0,0.03,30.07,0
40.08,18,418,15.43,2,9.6,0,0,39,0,1,1,1,0.068,16.11,0
18.05,12,296,40.27,0,143.16,0,1,6,0,1,1,1,0.152,0.0,0
17.92,19,664,12.95,0,32.54,0,1,15,1,1,0,1,0.135,0.0,0
9.03,2,238,10.76,1,38.22,0,0,21,0,1,1,0,0.346,0.0,0
178.53,15,981,55.76,1,11.12,0,0,93,0,1,1,1,0.069,0.0,0
30.37,6,283,3.46,1,9.97,0,0,21,0,1,1,1,0.103,0.0,0
23.93,11,20,2.3,3,18.3,0,0,1,0,1,1,0,0.253,39.99,0
11.84,14,9,2.66,1,26.11,0,0,0,0,1,1,1,0.176,2.76,0
564.34,7,520,68.26,0,26.77,1,0,24,0,1,1,1,0.309,2.25,1
10.24,22,389,15.84,0,33.02,0,0,37,0,1,1,1,0.121,0.4,0
19.51,16,391,5.48,1,17.28,0,0,28,0,1,1,1,0.221,5.03,0
45.41,0,780,4.29,1,38.96,0,0,74,0,1,1,1,0.113,0.0,0
54.61,20,236,0.87,3,7.76,0,0,21,0,1,1,1,0.269,23.4,0
78.1,7,2696,2.12,0,86.09,0,1,198,0,1,1,0,0.085,0.0,0
182.66,13,1455,35.82,1,17.04,0,0,52,0,0,1,0,0.236,13.01,0
49.71,9,7,20.64,0,30.94,0,0,0,0,1,1,0,0.152,0.0,0
10.42,18,1130,42.6,0,20.37,0,0,82,0,1,1,1,0.275,4.7,0
23.17,7,571,8.27,1,26.58,1,0,31,0,1,0,1,0.245,28.21,0
40.77,18,349,13.79,1,34.08,0,0,18,0,0,0,0,0.442,1.87,0
237.04,3,437,9.92,2,496.0,0,1,22,0,1,1,1,0.274,11.96,1
7.41,9,922,31.98,1,6.48,0,2,29,0,1,1,0,0.169,9.07,0
99.74,22,1508,71.31,1,13.11,0,0,73,0,1,1,0,0.076,10.02,0
35.87,2,411,40.5,0,10.05,0,0,40,0,1,1,1,0.125,12.25,0
69.26,3,100,13.67,1,34.55,0,0,3,0,1,1,0,0.1,3.32,0
27.06,15,510,0.96,2,36.96,0,0,21,0,1,1,1,0.246,19.88,0
12.9,23,40,14.42,3,82.65,0,1,3,0,1,1,1,0.045,16.72,0
63.49,3,504,1.53,0,28.23,0,2,29,0,1,1,0,0.107,14.94,0
57.65,19,827,2.24,3,75.89,0,1,66,0,1,1,1,0.115,31.49,0
79.21,19,218,3.19,0,66.28,0,0,8,0,1,1,1,0.172,0.0,0
29.57,12,37,6.78,0,24.54,0,0,1,0,1,1,1,0.185,3.23,0
16.45,20,589,13.44,4,15.63,0,0,40,0,1,1,1,0.14,27.6,0
6.3,16,207,6.09,1,24.26,0,0,7,0,1,1,1,0.301,11.17,0
67.99,22,143,9.03,2,15.94,0,0,6,0,1,1,0,0.489,18.13,0
45.78,15,584,0.73,1,28.8,0,1,32,0,1,0,1,0.095,21.83,0
11.41,16,1746,14.5,2,14.38,0,0,151,1,0,1,0,0.375,24.02,0
17.49,5,684,16.05,0,35.71,0,1,50,0,1,1,1,0.125,0.0,0
18.79,2,338,1.57,3,7.35,0,1,31,0,0,1,1,0.048,29.23,0
6.8,19,459,23.06,1,36.73,0,0,44,0,0,1,1,0.173,0.0,0
13.23,23,77,15.64,1,47.14,0,0,4,0,1,1,1,0.13,25.12,0
9.64,3,839,10.09,0,42.93,0,0,43,0,1,1,1,0.299,0.11,0
19.84,7,464,12.07,2,3.38,0,0,29,0,1,1,1,0.178,9.33,0
14.31,19,1688,10.49,3,32.3,1,0,154,0,1,1,0,0.305,20.95,0
5.89,8,1943,0.83,3,37.98,0,1,35,0,1,0,1,0.138,17.7,0
226.46,21,219,19.93,1,268.44,1,0,7,0,1,1,1,0.351,12.5,0
104.85,0,2235,10.76,1,30.93,1,0,193,0,1,1,0,0.359,23.59,0
13.75,12,1571,2.85,1,8.35,0,1,94,0,1,1,0,0.19,0.77,0
39.35,1,511,17.13,2,7.01,1,1,44,0,1,1,1,0.152,27.51,0
45.49,22,203,17.81,2,22.58,3,1,14,0,0,1,0,0.131,44.48,1
98.6,9,700,3.6,2,13.66,1,1,59,0,1,1,0,0.067,29.03,0
13.22,22,158,23.88,1,52.25,0,0,8,0,0,1,1,0.356,7.73,0
89.31,18,497,9.15,1,101.21,0,0,8,0,1,1,1,0.238,0.0,0
17.32,16,12,2.99,1,3.94,1,0,0,0,1,0,0,0.521,18.31,0
7.88,23,495,16.08,1,20.84,0,0,28,0,1,0,1,0.307,0.0,0
61.81,12,1514,13.62,2,76.01,0,1,149,0,1,1,1,0.199,16.15,0
108.94,13,134,2.8,2,53.11,1,0,3,0,1,0,0,0.302,22.6,0
398.58,10,753,30.88,2,13.94,0,0,51,0,1,0,0,0.143,10.59,1
9.03,9,174,28.92,1,36.69,0,0,7,0,1,0,1,0.315,15.74,0
60.28,6,615,27.14,1,71.0,0,0,35,0,1,1,1,0.216,13.42,0
19.89,9,602,7.64,1,27.83,0,0,13,0,1,1,1,0.14,13.75,0
65.59,23,102,26.11,2,45.83,0,0,9,1,1,1,0,0.233,22.38,0
6.89,0,455,27.95,0,74.91,0,0,41,0,1,1,1,0.354,0.0,0
8.48,13,980,85.0,2,25.45,0,0,56,0,1,1,1,0.241,9.86,0
13.79,2,241,47.41,1,29.18,0,0,5,0,1,1,0,0.183,9.03,0
32.43,12,619,7.24,4,61.65,0,0,40,0,1,0,1,0.408,37.49,0
15.78,1,561,3.31,0,48.1,0,1,22,0,1,1,1,0.043,0.0,0
57.92,16,149,5.19,0,80.55,1,0,2,0,1,1,1,0.087,17.25,0
83.67,20,1254,10.24,2,57.33,1,0,107,0,0,1,1,0.221,21.93,0
54.58,2,414,24.56,2,110.52,0,0,11,0,1,0,0,0.037,14.19,0
151.23,14,219,19.26,1,17.09,0,0,20,0,1,1,1,0.256,9.91,0
45.41,7,90,23.25,2,35.47,1,0,6,0,1,0,0,0.396,27.62,0
8.87,5,321,7.17,3,24.26,0,0,9,0,1,1,0,0.218,29.35,0
117.14,8,655,4.25,1,7.19,1,0,25,0,1,1,1,0.452,12.22,0
16.36,10,489,0.37,3,12.37,0,1,47,0,1,1,0,0.392,38.27,0
74.47,21,649,14.76,1,65.84,1,0,45,0,1,1,1,0.171,31.54,0
144.57,1,785,23.77,2,46.26,0,0,44,0,1,1,1,0.048,16.04,0
47.31,8,291,32.99,0,59.19,0,0,27,0,1,0,0,0.15,0.0,0
6.71,17,367,9.7,2,23.33,1,0,7,0,0,1,0,0.095,20.45,0
11.96,18,2150,39.39,1,31.3,0,0,104,0,1,1,1,0.077,15.7,0
112.48,21,1722,3.39,1,38.71,0,0,146,0,1,1,1,0.302,14.88,0
25.3,17,268,10.83,1,21.72,0,0,25,0,1,1,0,0.234,13.35,0
32.45,4,578,3.61,1,37.52,0,0,47,0,1,1,1,0.124,1.83,0
64.0,17,156,3.13,2,5.07,0,0,10,0,1,0,0,0.264,6.19,0
60.12,11,83,45.99,0,28.61,0,0,2,0,1,0,1,0.111,0.0,0
39.6,3,731,25.53,2,18.81,0,1,44,0,1,1,0,0.04,10.44,0
24.32,14,287,0.18,5,41.23,1,0,18,0,1,1,1,0.059,38.6,0
21.92,10,97,4.69,0,107.16,1,0,8,0,1,1,0,0.187,0.0,0
70.66,18,711,3.44,3,43.06,0,0,51,0,1,1,0,0.014,16.49,0
52.12,4,1234,2.39,1,45.43,1,0,107,0,1,1,1,0.15,9.16,0
23.17,5,1354,17.93,1,156.67,0,1,88,0,1,1,1,0.111,5.93,0
88.42,12,454,12.55,2,21.06,1,0,12,0,1,1,1,0.357,23.33,0
26.34,22,327,9.08,0,13.69,0,0,25,0,1,0,0,0.467,2.68,0
12.79,9,76,3.15,0,9.21,1,1,5,0,1,1,0,0.123,15.79,0
14.03,23,787,4.88,1,91.34,1,1,35,0,1,1,1,0.388,12.07,0
11.26,13,1453,6.6,2,68.23,0,0,123,0,1,1,0,0.142,9.3,0
22.82,3,1101,23.09,1,8.73,1,0,99,0,1,1,0,0.249,18.63,0
102.9,19,697,67.91,0,66.72,1,0,54,0,1,1,0,0.101,13.5,0
13.4,22,2,3.05,2,40.98,0,0,0,1,1,1,1,0.158,25.09,0
36.18,11,262,6.27,0,9.06,1,1,11,0,1,1,0,0.131,9.35,0
15.54,14,264,4.93,0,38.68,0,0,9,0,1,1,1,0.067,0.0,0
23.1,9,1124,0.68,1,31.89,0,0,96,0,1,0,1,0.188,15.04,0
6.62,10,34,3.71,0,27.39,0,0,2,0,1,1,1,0.093,15.75,0
24.03,8,379,34.78,1,9.14,0,0,26,0,1,1,1,0.015,2.45,0
24.69,10,73,27.76,2,238.45,0,0,2,0,1,1,1,0.206,10.97,0
51.43,1,543,2.75,2,10.77,0,1,34,0,1,1,1,0.102,21.09,0
37.46,12,786,6.84,0,12.92,1,0,77,0,1,0,0,0.235,9.62,0
9.04,21,514,5.58,3,9.62,0,0,27,0,1,1,1,0.216,20.38,0
88.61,7,791,2.4,2,80.01,0,0,49,0,1,1,1,0.317,11.03,0
36.98,20,468,14.6,0,11.19,1,1,41,0,1,1,0,0.023,1.65,0
36.54,20,105,12.22,1,20.31,0,0,9,0,1,1,0,0.26,1.13,0
29.69,7,241,8.35,3,39.56,0,0,5,0,1,1,0,0.155,18.38,0
17.85,0,1572,29.02,1,4.99,1,0,144,0,1,1,0,0.114,12.6,0
37.26,5,170,14.5,1,13.01,0,0,12,0,1,1,1,0.048,0.8,0
48.21,12,32,4.5,1,14.83,0,0,1,0,1,1,0,0.136,0.0,0
5.22,8,243,7.02,6,65.15,2,1,19,0,1,0,1,0.047,71.55,0
17.48,5,228,2.44,1,23.81,0,0,13,0,1,0,0,0.243,2.88,0
23.22,14,318,13.42,0,19.16,2,0,19,1,1,1,1,0.536,16.7,0
38.71,22,411,13.25,1,63.86,0,0,28,0,1,0,0,0.104,0.14,0
98.82,15,2441,30.62,3,18.39,1,0,204,0,1,1,0,0.023,29.19,0
13.85,3,706,29.05,1,77.85,0,0,39,0,1,1,0,0.129,2.46,0
18.21,16,18,27.2,0,232.39,0,0,0,0,1,1,1,0.131,6.59,0
17.95,8,624,11.94,2,75.2,0,1,42,0,1,1,1,0.074,27.58,0
13.44,11,869,15.83,0,139.84,1,0,84,0,1,1,0,0.133,24.43,0
21.17,21,1130,22.41,3,45.07,0,0,28,0,1,1,0,0.309,18.9,0
64.77,18,276,1.44,1,34.08,0,1,4,1,1,1,1,0.221,6.47,0
10.45,19,188,5.36,1,26.83,1,1,9,0,1,1,1,0.421,21.5,0
45.96,11,914,2.78,2,63.6,0,1,56,0,1,1,1,0.174,16.46,0
5.46,21,752,10.75,0,9.83,0,0,44,0,1,1,1,0.352,7.11,0
17.09,5,384,27.27,2,65.35,0,0,16,1,1,1,1,0.297,6.72,0
21.55,11,63,3.93,1,19.92,0,0,5,0,1,1,1,0.086,9.09,1
159.95,8,527,19.69,3,46.17,0,1,19,0,1,1,1,0.407,15.18,0
22.76,19,34,7.81,3,31.8,0,0,0,0,1,1,1,0.186,22.77,0
3.32,4,53,35.01,4,48.41,1,0,1,0,1,0,0,0.2,43.06,0
4.06,20,201,14.78,4,51.99,0,0,4,0,1,1,0,0.287,15.81,0
31.0,2,232,56.3,1,34.59,0,1,20,0,1,1,0,0.283,0.32,0
55.36,1,310,4.23,0,33.01,0,0,15,0,1,0,1,0.125,14.81,0
43.62,7,207,38.65,0,18.87,0,0,17,0,1,1,1,0.143,0.0,0
35.43,9,17,6.63,3,28.46,0,0,1,0,1,1,0,0.405,38.32,0
95.8,14,86,14.59,2,14.67,0,0,4,0,1,1,0,0.173,20.12,0
17.47,8,61,2.88,2,10.89,0,0,1,0,1,1,1,0.072,20.68,0
73.33,9,282,21.39,2,7.51,0,0,5,0,1,1,1,0.189,35.91,0
5.86,10,119,57.42,3,50.3,0,0,7,0,1,1,0,0.105,30.23,0
12.12,8,174,23.23,0,11.94,0,0,5,0,1,1,1,0.51,12.46,0
4.92,13,319,14.35,1,43.27,0,0,17,0,1,1,0,0.495,2.01,0
22.76,4,134,8.92,1,29.2,0,0,12,0,1,1,0,0.246,16.09,0
28.61,8,141,6.35,1,10.41,0,0,3,0,1,1,0,0.355,6.47,0
33.59,3,895,8.15,0,7.33,0,0,67,0,1,1,1,0.151,0.0,0
31.88,1,397,5.97,1,36.54,1,1,13,0,1,1,1,0.267,17.86,0
11.85,18,972,26.82,1,11.08,0,1,35,0,1,1,0,0.188,0.57,0
24.77,0,361,33.54,2,33.53,0,0,25,0,1,0,1,0.429,15.34,0
6.7,20,1200,44.83,5,41.93,0,0,33,0,1,1,0,0.029,38.4,0
117.12,0,147,8.13,1,11.4,0,0,7,0,1,1,0,0.143,16.92,0
22.12,11,479,11.85,3,9.03,0,1,23,0,1,0,0,0.559,27.53,0
18.38,10,350,12.9,1,23.34,0,0,19,0,1,1,0,0.052,11.35,0
146.78,0,1255,15.79,1,21.23,0,0,54,0,1,1,1,0.041,13.51,0
8.65,13,271,0.04,2,15.23,0,0,10,0,1,1,0,0.28,30.37,0
9.72,10,965,27.74,1,5.32,0,0,78,0,1,0,0,0.409,8.52,0
10.01,6,415,4.68,0,60.79,0,0,9,0,1,0,0,0.408,0.0,0
28.0,1,616,9.58,2,25.16,0,1,53,0,1,1,0,0.296,14.81,0
46.14,14,1090,27.64,1,42.87,0,0,94,0,1,1,1,0.17,6.78,0
62.78,7,2889,86.43,2,25.78,0,1,272,0,1,1,1,0.179,15.61,0
392.29,21,657,23.76,0,55.14,0,0,24,0,1,1,0,0.051,0.76,0
3.16,19,189,0.38,3,22.09,0,0,17,0,1,1,1,0.324,18.29,0
55.08,14,178,6.9,2,20.83,0,1,9,0,1,1,1,0.07,4.37,0
17.16,7,185,4.26,1,13.64,0,1,13,0,1,1,1,0.264,9.62,0
16.67,9,52,49.92,2,33.44,1,0,4,0,1,1,0,0.207,29.6,0
16.12,18,28,4.6,0,20.15,0,0,0,0,1,1,1,0.088,0.0,0
12.08,2,435,43.06,0,17.99,0,1,8,0,1,1,1,0.32,2.28,0
161.5,19,832,41.59,1,6.96,0,0,27,0,1,1,0,0.368,11.93,0
69.57,13,18,27.43,2,19.37,1,0,1,0,1,1,1,0.088,29.96,0
30.67,8,418,1.55,3,37.39,1,1,34,0,1,1,1,0.19,36.44,0
115.7,8,232,0.03,0,24.36,0,0,18,0,1,1,1,0.299,3.59,0
6.6,20,1115,23.69,2,42.61,0,1,101,0,1,1,0,0.238,24.2,0
7.92,5,79,27.8,1,11.84,0,0,4,0,1,1,0,0.086,5.32,0
3.39,7,414,49.12,3,17.21,0,0,26,0,1,1,0,0.1,22.32,0
14.89,10,1769,3.7,0,36.87,0,0,41,0,1,1,1,0.288,0.0,0
35.22,7,212,19.82,2,26.56,0,0,17,0,1,1,1,0.026,12.29,0
33.21,11,677,10.98,3,2.46,0,0,38,1,1,1,0,0.135,20.48,0
34.79,9,1070,5.97,4,17.25,0,1,36,0,1,1,1,0.418,32.17,0
7.31,22,103,13.98,3,11.3,1,0,2,0,1,1,0,0.301,32.21,0
66.9,3,2448,11.92,1,23.82,0,0,222,0,1,1,1,0.053,8.51,0
38.08,15,829,5.19,1,2.29,0,0,53,0,1,1,1,0.028,13.89,0
62.37,19,74,4.69,1,31.89,0,0,5,0,1,1,1,0.249,15.67,0
4.51,5,186,10.0,3,46.09,0,0,6,1,1,1,1,0.176,8.0,0
40.91,8,490,9.64,1,16.56,1,0,30,0,1,1,1,0.246,8.83,0
9.14,22,1081,5.39,1,21.74,0,0,32,0,1,1,0,0.295,8.19,0
20.14,4,108,4.59,1,15.29,0,0,5,0,1,1,1,0.187,16.0,0
51.13,20,657,46.29,2,96.28,0,0,24,0,1,1,1,0.197,14.68,0
32.82,23,158,29.75,1,78.29,0,0,4,0,1,1,0,0.155,0.0,0
12.79,5,818,25.46,2,68.01,0,0,68,1,1,1,0,0.228,24.51,0
30.15,16,575,3.62,3,123.69,0,0,41,0,1,1,1,0.522,34.21,0
6.48,16,370,3.15,2,77.11,0,0,30,0,1,1,1,0.103,14.86,0
94.66,23,525,24.86,2,17.75,0,0,45,0,1,1,0,0.098,9.31,0
24.4,21,1046,3.06,3,29.59,0,0,51,0,1,1,1,0.282,23.61,0
91.7,12,244,10.5,1,42.15,0,0,19,0,1,1,0,0.091,14.45,0
17.7,16,733,3.75,4,35.03,0,0,57,0,1,1,1,0.037,33.19,0
17.75,13,87,7.12,1,8.47,0,0,3,0,1,1,1,0.168,0.0,0
13.95,1,604,28.81,2,46.45,1,1,44,0,1,1,1,0.193,29.25,0
71.96,18,694,33.3,2,41.15,0,0,65,0,1,0,0,0.247,20.81,0
14.74,2,293,85.61,5,43.2,0,1,21,1,1,0,0,0.275,44.06,1
57.09,1,789,43.21,3,35.18,0,0,34,0,1,1,1,0.059,22.79,0
20.44,1,407,16.69,2,26.87,0,0,30,0,1,1,0,0.209,14.86,0
4.15,21,1377,8.48,1,45.05,0,0,89,0,1,1,0,0.168,2.32,0
16.94,6,60,0.89,1,5.35,0,1,5,0,1,1,0,0.287,8.34,0
9.22,3,70,14.05,0,40.81,1,0,2,1,1,1,0,0.097,0.0,0
31.0,16,924,3.55,1,61.67,0,0,27,0,1,0,1,0.375,9.97,0
9.11,5,924,28.47,1,106.18,0,0,48,0,1,1,0,0.311,3.85,0
75.64,6,319,11.94,0,42.23,0,0,21,0,1,1,1,0.128,0.0,0
27.36,19,1662,19.84,2,13.03,0,0,41,0,1,1,1,0.371,23.84,0
25.09,5,569,16.79,1,18.02,1,1,21,0,1,1,0,0.199,11.78,0
57.74,8,2033,6.4,1,40.07,0,0,62,0,1,1,1,0.106,12.94,0
78.56,19,380,21.35,2,38.31,0,0,30,0,1,1,1,0.16,9.03,0
29.37,3,113,27.81,4,11.77,0,0,8,0,1,1,0,0.119,33.68,0
13.86,4,294,20.45,2,30.52,0,1,20,1,1,1,1,0.049,7.98,0
5.08,18,1968,22.5,1,23.41,0,0,108,0,1,1,1,0.264,24.48,0
15.09,9,231,6.69,2,21.57,0,0,12,0,1,1,0,0.346,25.86,0
16.16,17,1573,43.15,1,29.08,0,0,94,0,0,1,1,0.408,15.43,0
33.35,14,797,8.29,0,28.39,0,0,67,0,1,1,1,0.305,0.0,0
21.22,0,292,34.1,2,94.91,0,0,19,0,1,1,0,0.309,21.68,0
59.62,4,390,29.26,3,5.58,0,0,30,0,1,1,0,0.171,20.59,0
16.23,4,468,1.99,3,26.25,2,0,17,0,1,1,0,0.084,34.24,0
28.3,7,548,50.84,1,27.17,0,0,30,0,1,1,1,0.198,19.25,0
97.9,21,40,84.16,3,6.27,0,1,2,0,1,1,0,0.091,33.31,0
42.17,21,1356,13.98,2,47.61,2,0,58,0,1,1,0,0.303,35.5,0
28.22,21,454,22.93,0,53.46,0,0,27,0,1,1,1,0.018,6.91,0
16.41,19,1338,40.7,0,7.65,0,0,115,0,1,1,0,0.077,20.24,0
15.91,14,500,0.3,0,51.13,0,0,11,0,1,1,1,0.325,13.41,0
12.8,16,282,39.89,2,13.69,0,1,23,0,1,0,0,0.234,17.75,0
17.44,18,418,14.81,3,36.27,0,1,27,0,1,1,1,0.185,26.48,0
63.79,12,885,26.44,1,32.33,0,0,45,0,1,1,1,0.185,0.0,0
24.0,21,197,11.67,2,32.88,0,0,12,0,1,0,0,0.15,10.17,0
7.77,20,1567,11.34,1,4.93,1,1,105,0,1,1,0,0.296,19.06,0
175.59,9,314,34.17,3,7.08,0,0,25,0,1,1,0,0.105,22.37,0
41.26,16,1564,10.62,2,32.28,0,0,130,1,1,1,1,0.27,6.61,0
7.34,4,1063,9.57,3,41.43,0,0,83,0,1,0,0,0.07,31.12,0
19.26,17,730,14.05,1,12.95,0,2,13,0,1,1,1,0.211,20.73,0
33.48,16,315,10.96,0,81.31,0,0,19,0,0,1,0,0.092,0.52,0
164.78,3,442,8.87,0,16.27,0,0,23,0,1,1,1,0.05,0.0,0
9.89,21,910,2.99,0,20.57,0,2,58,1,1,1,0,0.333,0.0,0
79.52,6,393,7.6,0,23.81,0,0,26,0,1,1,0,0.281,9.45,0
121.45,4,670,4.97,0,32.89,0,0,45,0,1,1,1,0.208,4.36,0
15.98,7,782,7.67,1,25.02,1,0,35,0,1,1,1,0.273,18.46,0
22.7,7,360,13.49,3,21.28,1,0,19,0,1,1,0,0.087,36.52,0
10.63,10,384,14.08,2,25.03,0,1,6,0,1,1,1,0.41,6.55,0
24.45,8,110,4.09,4,32.62,0,0,10,0,1,1,1,0.33,24.9,0
28.89,18,140,1.32,0,32.91,0,0,13,0,1,1,1,0.142,5.15,0
57.95,18,1177,20.46,0,33.9,0,1,58,1,1,1,1,0.11,12.63,0
89.14,8,917,11.28,2,27.0,0,0,47,0,1,0,0,0.359,16.04,0
14.18,22,5,8.75,2,46.95,0,0,0,0,1,1,0,0.233,31.07,0
4.19,19,1018,2.08,2,30.95,0,0,41,0,0,1,0,0.197,18.8,0
29.33,16,13,8.03,0,34.16,0,0,0,0,1,1,1,0.097,0.0,0
40.19,15,307,25.57,2,37.26,0,0,14,0,1,1,1,0.07,8.16,0
38.45,6,35,13.06,3,44.75,0,0,0,0,1,1,1,0.145,25.01,0
21.61,21,1734,1.43,0,52.53,0,0,47,0,1,1,0,0.46,2.14,0
33.95,2,1794,6.06,0,25.5,0,0,41,0,1,1,0,0.068,0.0,0
136.38,20,472,58.53,0,41.9,0,0,17,0,1,1,1,0.436,0.0,0
43.89,18,249,11.8,0,68.48,0,0,6,0,1,1,0,0.241,3.34,0
20.63,7,359,5.06,1,13.06,0,0,12,0,1,1,0,0.471,7.43,0
18.17,4,718,36.7,3,26.3,2,0,12,0,1,1,0,0.229,44.6,0
25.28,5,126,6.14,4,20.74,0,0,12,0,1,1,1,0.195,24.74,0
153.97,1,291,19.63,0,74.45,0,1,7,0,1,1,0,0.134,0.58,0
24.95,23,668,2.39,0,9.96,1,0,57,0,1,0,1,0.129,13.87,0
29.38,18,252,2.55,3,16.08,0,0,6,0,1,1,1,0.066,25.21,0
18.5,12,16,12.36,0,74.74,1,0,0,0,1,1,0,0.208,11.58,0
89.93,5,354,4.11,1,30.81,0,0,33,0,1,1,0,0.259,12.86,0
212.69,5,669,0.76,2,38.62,0,0,28,1,1,0,1,0.357,22.02,0
47.02,1,1882,39.15,1,22.71,0,0,134,0,1,1,0,0.092,5.06,0
32.55,23,19,0.86,0,37.0,0,0,0,0,1,1,1,0.243,0.0,0
31.09,4,388,18.96,2,25.32,0,0,36,0,1,1,0,0.228,10.42,0
2.76,10,299,6.07,1,11.37,0,1,5,0,1,1,0,0.179,12.34,0
63.13,10,139,40.66,2,86.11,1,0,5,0,1,1,0,0.044,23.82,0
34.27,23,508,64.09,1,28.14,0,0,25,0,1,1,1,0.096,8.05,0
45.99,13,89,6.13,1,32.78,0,1,7,0,1,1,1,0.353,0.0,0
14.71,12,167,13.41,1,21.76,0,0,10,0,1,1,1,0.089,23.05,0
20.4,7,761,22.24,0,92.32,0,0,69,0,1,1,0,0.074,3.76,0
19.87,14,308,1.98,0,42.75,1,0,27,0,1,1,0,0.591,13.46,0
83.23,11,2531,18.54,2,22.33,1,0,243,0,1,1,1,0.274,25.37,0
20.52,2,244,35.5,2,33.43,0,0,7,0,1,1,1,0.171,21.63,0
240.49,20,311,2.95,3,13.19,1,0,16,0,0,1,0,0.204,38.09,1
46.1,22,179,27.37,1,25.39,0,0,9,0,1,1,1,0.122,4.82,0
8.37,4,135,1.84,1,18.41,0,2,3,0,0,1,1,0.034,4.62,0
26.35,5,1277,12.6,2,8.83,1,2,121,0,1,1,1,0.207,16.88,0
15.62,1,691,6.22,1,30.05,0,0,32,0,1,1,0,0.159,10.48,0
3.34,7,203,9.57,0,20.08,0,0,14,0,1,1,0,0.332,0.0,0
148.33,4,602,5.36,0,88.75,0,0,40,0,1,1,1,0.304,0.0,0
60.53,21,1688,4.53,1,8.31,0,0,61,0,1,1,1,0.42,23.34,0
51.07,16,38,20.39,2,19.26,0,0,2,0,1,1,0,0.235,23.14,1
35.35,1,154,3.79,1,33.74,1,0,5,0,1,1,0,0.114,19.36,0
7.52,10,112,7.87,1,55.89,0,1,4,0,1,1,0,0.237,12.11,0
18.47,3,1019,4.81,3,18.98,0,1,63,0,1,0,0,0.319,24.14,0
69.53,10,99,4.09,0,170.2,0,0,5,1,1,1,0,0.108,0.0,0
10.47,8,184,14.8,3,19.95,0,1,9,1,1,1,1,0.4,27.08,0
2.38,5,392,0.7,1,12.1,0,0,19,0,1,1,1,0.152,9.14,0
23.88,23,485,23.33,4,24.59,0,0,38,0,1,1,1,0.278,31.39,0
26.0,1,826,11.85,2,115.91,1,0,33,0,1,1,1,0.307,26.51,0
34.31,14,262,26.44,1,61.9,0,0,11,0,1,1,1,0.281,8.85,0
62.09,4,382,3.59,3,108.15,0,1,24,0,1,1,0,0.168,13.01,0
56.69,11,1683,18.54,0,84.46,0,1,163,0,1,1,0,0.357,0.0,0
38.81,12,176,8.19,1,121.02,1,0,7,0,1,1,1,0.23,13.74,0
99.04,16,143,1.2,3,27.55,1,0,7,0,1,1,1,0.188,36.58,0
6.56,3,620,20.94,1,121.86,0,0,16,0,1,1,1,0.238,18.66,0
49.63,9,737,21.54,3,38.42,0,1,51,0,1,1,1,0.073,9.86,0
56.07,0,268,4.74,2,46.54,0,0,10,0,1,1,0,0.052,34.41,0
8.67,10,120,37.16,2,86.19,0,0,7,0,1,1,0,0.269,9.62,0
6.67,15,755,21.66,3,177.53,1,0,39,0,1,1,1,0.108,27.6,0
14.21,10,555,5.5,1,105.67,0,1,45,0,1,1,0,0.251,17.41,0
15.46,8,1045,4.1,2,9.74,1,0,89,0,1,1,0,0.297,44.11,0
63.65,1,930,8.7,0,28.02,0,0,72,0,1,0,0,0.103,0.55,0
16.21,6,115,5.2,4,27.5,0,2,6,0,1,1,0,0.204,33.33,0
12.73,18,893,3.67,1,12.02,0,0,45,0,1,1,1,0.052,12.79,0
16.25,17,96,7.64,2,10.85,0,0,4,0,1,1,1,0.418,20.38,0
91.71,19,996,0.39,2,17.84,1,1,58,0,1,1,1,0.373,20.14,0
30.36,6,736,7.7,1,48.61,0,1,50,0,1,1,1,0.295,8.5,0
25.05,22,422,3.76,1,52.94,0,0,18,0,1,1,1,0.163,24.21,0
26.84,8,514,4.6,1,21.16,2,0,39,0,0,0,1,0.364,21.23,0
109.08,11,55,1.29,2,5.91,1,1,5,0,1,1,0,0.167,33.85,0
14.17,2,20,13.33,0,31.05,0,0,0,0,1,1,1,0.145,0.0,0
111.67,22,201,9.58,1,98.94,1,0,3,0,1,0,1,0.616,19.19,0
36.98,21,861,20.83,3,15.58,0,0,62,0,1,0,1,0.124,17.51,0
25.52,15,313,65.26,0,96.97,0,0,22,0,1,1,1,0.386,12.62,0
365.37,6,126,1.91,1,26.2,0,0,6,0,1,0,1,0.232,0.0,0
10.43,22,900,4.77,3,62.49,0,0,77,0,1,1,0,0.063,27.34,0
21.04,4,130,17.21,4,68.93,1,0,10,0,1,0,0,0.326,37.96,1
8.74,22,845,4.06,0,17.69,1,0,82,0,1,1,1,0.33,18.03,0
77.67,6,302,0.46,1,25.16,1,1,26,0,1,1,1,0.285,9.77,0
162.26,18,311,1.74,1,44.6,0,0,7,0,1,1,1,0.181,9.54,0
159.16,16,159,8.53,1,27.26,1,0,8,0,1,1,1,0.179,26.27,0
101.9,15,1152,8.45,1,9.88,0,1,53,0,1,1,0,0.235,1.46,0
24.59,20,46,53.8,2,30.14,1,0,3,0,1,1,0,0.161,16.61,1
20.8,23,78,9.41,2,41.7,1,0,2,0,1,1,1,0.022,10.51,0
5.63,20,505,17.0,1,19.94,1,0,13,0,1,1,0,0.444,23.97,0
229.49,18,949,10.17,1,9.83,0,1,21,0,1,1,1,0.197,7.2,0
47.89,17,50,4.72,1,114.51,1,1,3,0,1,1,1,0.18,22.06,0
18.32,18,662,1.67,1,42.07,0,0,27,0,1,1,1,0.465,6.39,0
113.08,3,678,29.39,2,68.58,1,0,21,0,1,1,1,0.116,22.38,0
11.33,0,436,2.48,0,31.86,0,0,40,1,1,0,1,0.138,19.48,0
45.0,3,333,1.53,0,28.56,1,1,5,0,1,1,0,0.07,0.0,0
25.21,3,194,3.61,2,72.61,1,0,10,1,1,1,0,0.205,35.14,1
56.75,8,217,0.04,3,24.88,0,0,12,0,1,1,1,0.023,32.0,0
28.12,7,561,1.12,0,22.04,0,0,34,0,1,1,0,0.189,5.18,0
7.02,1,34,15.13,2,62.01,0,0,2,0,1,1,1,0.02,13.52,0
32.32,22,440,4.19,2,79.64,0,0,7,0,1,1,0,0.177,13.47,0
85.53,5,163,6.2,1,18.37,1,0,5,0,1,1,0,0.169,15.86,0
29.1,22,314,27.05,1,53.4,0,0,25,0,1,1,1,0.278,19.52,0
65.05,10,409,22.24,0,9.54,0,0,18,0,1,1,1,0.345,0.0,0
10.53,3,1084,10.17,0,24.63,1,1,70,1,1,1,1,0.346,13.97,0
29.19,13,433,14.24,0,41.2,0,0,17,0,1,1,0,0.437,0.0,0
16.05,20,129,1.35,2,17.0,1,0,3,0,1,1,1,0.064,39.31,0
63.24,21,41,21.51,1,43.12,0,0,1,0,1,0,1,0.281,13.09,0
30.92,8,493,10.89,1,38.17,0,0,42,0,1,1,0,0.144,17.93,0
59.74,1,394,12.69,0,42.67,0,0,17,0,1,1,0,0.031,1.07,0
88.92,0,557,16.43,4,57.78,0,0,34,0,1,1,0,0.273,18.22,0
59.84,3,308,10.4,1,24.55,0,0,5,0,1,1,1,0.005,4.56,0
39.37,11,872,11.06,4,12.92,0,0,52,0,1,1,1,0.243,44.73,0
11.04,4,1264,10.39,0,17.44,0,0,97,0,1,1,1,0.154,10.73,0
29.88,8,20,10.3,1,19.87,0,0,1,0,1,1,1,0.165,7.15,0
17.58,21,681,20.81,0,149.42,0,0,12,0,1,1,0,0.571,18.0,0
21.24,3,18,8.36,1,8.81,0,0,0,0,0,1,0,0.236,14.39,0
20.6,15,294,0.04,1,13.68,0,0,26,0,1,1,1,0.116,0.45,0
11.25,1,310,14.2,3,13.77,0,0,10,0,1,0,1,0.12,16.04,0
4.23,15,596,45.76,1,95.55,0,0,43,0,1,0,0,0.079,17.77,0
15.36,15,217,4.46,2,33.25,0,0,4,0,1,1,1,0.172,8.55,0
36.36,20,860,25.41,1,11.26,0,0,36,0,1,1,1,0.176,8.49,0
7.78,23,210,9.12,1,29.05,0,1,9,0,1,1,1,0.192,16.46,0
30.44,23,210,15.45,0,21.01,0,0,18,0,1,1,1,0.102,7.88,0
200.39,21,126,33.23,0,19.75,0,0,10,0,1,1,0,0.066,0.0,0
83.35,10,576,22.11,3,44.22,0,1,49,0,1,1,0,0.296,20.12,0
155.02,0,40,32.39,2,19.1,0,1,3,0,0,1,0,0.063,25.12,1
44.31,14,226,0.14,2,44.0,1,0,10,0,1,1,1,0.076,31.89,0
96.3,23,155,3.11,1,45.65,0,0,5,0,1,1,0,0.257,11.41,0
14.53,3,130,8.26,1,13.2,1,0,10,0,1,1,1,0.016,34.08,0
15.73,17,31,28.24,1,18.0,0,0,0,0,1,0,1,0.169,0.0,0
1.94,16,106,27.34,1,26.08,0,0,10,0,1,1,0,0.449,1.39,0
98.12,6,296,3.07,1,157.24,1,0,23,0,1,1,1,0.183,10.37,0
139.82,17,350,2.3,0,26.07,0,0,14,0,1,1,1,0.4,0.0,0
17.23,12,157,27.0,3,34.76,0,0,12,0,1,0,1,0.056,25.23,0
23.24,19,525,11.69,1,22.89,1,0,48,0,1,1,1,0.093,21.52,0
14.1,19,205,14.78,0,16.41,0,0,6,0,1,1,1,0.197,0.0,0
43.93,9,229,24.85,3,15.28,0,0,16,0,1,0,0,0.314,26.41,0
92.29,0,763,3.57,0,33.33,1,0,21,0,1,1,0,0.145,12.59,0
5.24,1,401,2.2,0,42.71,0,2,25,0,1,1,1,0.162,1.73,0
45.13,16,1531,29.39,0,5.32,1,0,48,0,1,1,1,0.25,11.8,0
22.72,21,223,1.78,2,35.68,0,0,13,0,1,1,1,0.157,13.0,0
33.56,2,880,1.38,2,39.5,1,0,51,0,1,1,0,0.161,23.84,0
47.42,16,670,4.87,2,85.29,0,0,27,0,1,1,1,0.335,9.92,0
24.82,11,1104,5.72,0,61.39,0,0,23,0,1,1,1,0.149,0.0,0
27.02,23,1571,4.14,1,18.24,0,0,129,0,1,1,0,0.193,3.43,0
24.19,11,4,20.3,3,12.13,2,0,0,0,1,1,0,0.111,42.83,1
79.07,19,46,54.38,0,16.93,0,0,3,0,1,1,0,0.187,3.51,0
45.55,9,561,3.34,1,38.28,0,0,50,0,1,1,0,0.058,11.97,0
37.36,6,247,22.84,3,20.68,0,1,9,1,0,1,0,0.169,26.74,0
8.41,9,855,0.68,0,40.78,0,0,55,0,1,1,0,0.144,0.0,0
20.52,17,6,1.9,3,116.61,0,0,0,1,1,1,1,0.091,28.5,0
73.6,21,822,10.86,4,58.89,0,1,77,0,1,0,0,0.164,20.15,1
31.12,5,73,117.7,0,36.63,0,0,1,0,0,1,1,0.217,4.78,0
57.95,6,171,44.75,2,26.74,0,0,4,0,1,1,1,0.054,17.6,0
175.3,16,1738,1.78,1,24.63,0,0,46,0,1,1,1,0.194,1.84,0
84.66,11,26,4.11,2,52.03,0,0,0,0,1,1,0,0.18,10.15,0
32.89,16,215,43.72,1,27.39,0,0,20,0,1,1,1,0.057,16.5,0
17.98,17,44,2.45,1,41.62,0,0,3,0,1,1,0,0.304,6.36,0
2.33,13,961,20.37,2,15.25,0,0,86,0,0,1,0,0.29,14.06,0
25.32,10,607,0.02,2,27.85,0,0,31,0,1,1,1,0.226,20.41,0
21.63,1,806,14.98,4,28.31,0,0,73,0,1,1,0,0.337,34.77,0
44.27,20,375,10.24,0,39.56,1,0,26,0,1,1,0,0.108,10.64,0
25.69,0,221,9.55,0,9.54,0,1,18,1,1,1,0,0.16,3.4,0
21.75,10,1,26.51,0,42.14,0,0,0,0,1,1,0,0.054,0.0,0
5.06,1,163,1.26,1,29.04,0,0,6,1,1,1,0,0.367,18.52,0
11.71,15,361,7.11,1,7.57,1,0,23,0,1,1,1,0.269,20.5,0
48.26,21,546,8.86,1,67.33,0,0,42,0,1,1,0,0.239,19.72,0
166.65,2,130,1.98,1,11.3,1,0,9,0,0,1,0,0.26,17.35,1
27.18,19,75,1.34,3,21.16,0,0,4,0,1,1,0,0.293,24.95,0
41.59,0,113,2.97,1,5.49,0,1,2,0,1,1,1,0.143,13.88,0
77.67,20,219,4.14,3,47.56,0,1,14,0,1,1,0,0.114,35.48,0
13.32,19,80,50.75,1,30.99,0,0,7,0,1,1,1,0.047,11.81,0
43.24,7,85,9.68,4,85.47,0,0,7,0,1,1,1,0.035,39.12,0
14.29,18,22,10.71,0,22.18,0,1,1,0,1,1,0,0.193,7.66,0
71.15,0,971,18.41,2,41.02,0,0,66,0,1,1,1,0.032,12.73,0
34.86,4,124,17.29,1,49.17,0,0,7,0,1,1,0,0.165,4.74,0
40.38,0,863,10.48,5,32.6,1,0,16,0,1,1,0,0.135,42.48,0
13.7,10,288,6.23,2,19.51,0,0,13,0,1,1,1,0.25,7.38,0
60.77,20,500,6.03,2,13.03,0,0,43,0,1,1,0,0.191,21.35,0
240.98,8,39,0.89,1,13.62,0,0,1,0,1,1,1,0.343,5.26,0
10.94,4,438,34.48,0,46.73,0,0,36,0,1,1,0,0.175,0.55,0
21.33,1,171,22.01,2,15.31,0,0,6,0,1,1,1,0.063,14.07,0
37.77,12,50,14.65,0,15.91,0,0,3,0,1,1,1,0.055,0.0,0
65.79,17,1194,7.56,1,14.03,0,1,48,0,1,1,1,0.198,4.09,0
17.12,11,463,13.1,1,25.31,0,1,18,0,1,1,0,0.113,15.76,0
1.76,13,138,9.96,2,35.39,0,0,12,0,1,1,1,0.156,15.13,0
116.65,4,272,4.8,3,42.44,1,0,20,1,1,1,0,0.071,43.5,0
64.1,23,221,5.32,2,13.66,0,0,7,0,1,0,1,0.218,10.05,0
5.24,9,603,31.13,0,27.72,0,0,34,0,1,1,1,0.157,0.0,0
16.32,19,468,15.11,1,4.0,0,1,27,0,1,1,1,0.019,0.0,0
143.77,1,10,0.02,1,31.97,0,0,0,0,1,1,0,0.083,14.35,0
127.46,3,110,5.94,2,17.77,0,0,8,0,1,0,0,0.156,16.16,0
76.6,11,325,6.23,2,5.11,0,0,23,0,1,1,0,0.339,12.48,0
25.13,10,295,18.38,0,10.94,1,0,14,1,1,1,0,0.331,21.19,0
32.56,3,364,18.08,1,25.46,0,0,13,0,1,1,1,0.015,14.59,0
26.29,10,627,9.36,2,16.43,0,0,36,0,1,1,0,0.173,20.37,0
92.6,8,573,45.23,2,28.08,0,0,45,1,1,1,1,0.109,6.04,0
12.48,9,233,30.86,4,30.23,0,0,21,0,1,1,1,0.342,23.27,0
13.39,5,1050,30.17,1,33.87,0,0,81,0,1,1,1,0.116,13.52,0
82.29,14,33,6.42,2,25.51,0,0,1,0,1,1,0,0.028,22.36,0
28.66,9,439,8.46,1,10.61,0,0,42,0,1,1,1,0.148,0.0,0
118.92,21,1495,8.14,1,47.21,0,0,132,0,0,1,0,0.169,6.62,0
15.31,20,398,8.7,2,28.5,0,0,36,0,1,1,0,0.248,10.73,0
28.37,5,304,33.0,2,8.66,0,0,12,0,1,0,1,0.147,5.21,0
11.91,0,72,4.3,0,14.63,2,0,7,0,1,0,0,0.277,35.35,0
30.19,20,831,24.31,2,55.63,0,0,32,0,1,1,0,0.354,18.68,0
6.83,21,234,10.82,2,8.91,0,1,7,0,1,1,1,0.082,33.32,0
18.4,23,604,4.3,1,65.58,1,0,20,0,1,1,1,0.102,13.58,0
7.13,19,110,11.24,0,150.51,0,0,7,0,0,1,0,0.221,0.0,0
59.97,20,21,3.26,2,16.76,0,0,1,0,1,1,1,0.027,4.99,0
61.35,3,182,1.72,1,14.4,0,0,5,0,1,1,0,0.262,12.24,0
5.31,22,165,27.32,3,47.87,0,0,13,0,1,1,1,0.168,33.32,0
113.74,21,1034,18.03,1,19.54,1,0,29,0,0,1,1,0.263,27.81,0
364.1,13,1000,3.44,2,17.95,0,0,22,0,1,1,1,0.346,28.17,1
31.37,19,382,42.79,3,42.25,1,0,33,0,1,1,0,0.128,32.52,0
15.78,21,10,0.37,3,16.4,1,0,0,0,1,1,1,0.136,29.66,0
504.88,19,130,6.08,2,21.4,0,0,9,0,1,1,1,0.304,17.41,1
8.01,7,509,0.33,1,20.06,0,0,50,0,1,1,1,0.119,5.55,0
30.57,10,53,2.3,0,26.51,1,0,5,0,1,1,0,0.227,18.55,0
35.86,14,603,2.98,2,8.19,0,0,30,0,1,1,1,0.252,15.05,0
115.02,18,6,24.94,4,19.25,0,0,0,0,1,1,0,0.153,38.04,1
42.94,7,574,74.51,2,13.14,0,0,12,0,1,0,1,0.236,33.98,0
18.2,12,931,30.3,2,12.22,0,0,53,0,1,0,1,0.244,22.2,0
11.57,17,317,15.12,0,90.04,0,0,12,0,1,1,0,0.066,4.97,0
21.29,21,883,19.25,1,157.52,0,0,70,0,1,1,0,0.165,3.75,0
10.95,23,761,11.1,0,12.24,1,0,35,0,1,1,0,0.044,9.99,0
31.43,16,556,8.24,0,38.58,0,0,9,0,1,1,1,0.229,0.0,0
17.04,5,295,17.67,1,17.28,0,0,22,0,1,1,1,0.041,10.18,0
6.73,14,159,54.24,2,44.78,0,0,5,0,1,1,1,0.104,6.79,0
105.12,12,986,0.44,0,6.03,0,0,39,0,1,1,0,0.135,0.0,0
18.22,17,523,5.66,1,16.1,0,0,12,0,1,1,0,0.428,4.63,0
8.43,10,800,6.01,1,24.31,0,0,65,0,1,1,0,0.073,12.54,0
25.32,12,401,8.02,0,5.71,1,0,14,0,1,1,0,0.341,0.0,0
32.08,0,94,14.79,2,33.99,0,1,7,0,1,1,1,0.321,14.86,0
5.23,17,1942,10.82,2,7.72,1,0,36,0,0,0,1,0.041,27.79,0
41.75,4,101,0.28,3,50.48,0,1,7,0,1,1,0,0.129,15.14,0
10.52,5,1211,7.96,0,14.7,0,0,32,0,1,1,1,0.163,0.71,0
165.84,0,117,14.49,1,17.42,0,0,6,0,1,1,1,0.086,0.0,0
50.6,6,234,10.54,2,26.34,0,0,9,0,1,1,1,0.386,6.25,0
20.09,3,290,30.84,0,21.16,1,0,23,1,1,1,1,0.218,13.35,0
14.22,8,1272,7.63,2,33.89,0,0,105,0,1,1,0,0.234,5.41,0
26.98,14,1096,0.19,2,116.17,0,0,96,0,1,1,0,0.034,23.5,0
55.3,5,866,5.03,3,67.65,1,0,15,0,1,1,0,0.155,21.75,0
29.21,16,236,2.19,1,8.46,2,2,20,0,1,1,1,0.218,22.19,0
24.12,19,2,4.32,1,14.24,0,0,0,0,1,1,0,0.098,7.94,0
31.77,17,572,6.74,0,21.46,0,0,49,0,1,1,1,0.306,0.0,0
16.38,21,265,16.94,1,8.83,0,2,22,0,1,1,0,0.263,0.0,0
21.26,3,707,5.88,2,30.45,1,0,24,0,1,1,1,0.142,29.53,0
3.72,8,792,32.33,3,84.79,0,0,29,0,0,1,1,0.192,28.05,0
79.34,13,290,5.34,1,20.56,0,0,8,0,1,1,0,0.117,0.74,0
40.4,2,689,2.21,0,33.17,0,0,21,0,1,1,0,0.003,0.0,0
13.83,0,916,2.77,0,12.55,0,0,88,0,1,1,1,0.186,7.0,0
200.08,10,1319,40.9,1,28.94,0,0,64,0,1,1,0,0.112,17.46,0
32.69,0,437,9.1,3,22.77,0,2,8,0,1,1,1,0.08,28.04,0
10.63,11,754,7.74,0,21.87,0,0,33,0,1,1,1,0.115,0.0,0
70.58,8,341,1.07,2,16.56,0,0,7,1,1,1,0,0.215,19.82,0
44.61,4,21,19.83,1,61.18,0,1,2,0,1,1,1,0.254,16.64,0
44.46,14,84,17.79,0,42.22,0,0,6,0,1,1,1,0.11,0.55,0
19.57,17,69,7.07,1,45.39,0,0,4,0,1,1,1,0.215,16.97,0
47.02,8,94,17.65,0,22.27,0,0,2,0,1,1,0,0.523,0.0,0
23.06,12,5,6.87,2,25.52,0,1,0,0,1,1,0,0.152,11.8,0
52.24,12,978,1.14,0,15.09,1,0,79,0,0,0,0,0.323,3.82,0
4.46,23,411,20.1,3,17.31,1,0,37,0,1,1,1,0.05,32.69,0
19.42,12,242,50.37,3,19.06,0,1,20,0,1,1,1,0.13,26.91,0
167.7,9,264,15.67,3,16.02,2,0,19,0,1,1,0,0.08,45.43,0
13.91,9,311,4.85,0,19.88,0,0,19,0,0,1,1,0.183,0.0,0
16.38,21,38,4.72,2,101.7,0,0,2,0,1,1,1,0.022,12.39,0
19.14,6,161,39.67,2,42.04,0,0,4,0,1,1,0,0.172,14.6,0
8.89,21,954,5.42,1,32.04,0,1,25,0,1,1,1,0.089,5.07,0
3.29,4,681,21.93,1,12.48,1,0,57,0,1,0,1,0.143,21.59,0
23.79,19,414,15.45,1,12.1,0,0,34,0,1,1,1,0.04,16.27,0
34.32,6,328,13.47,2,8.56,0,1,5,0,1,1,1,0.077,14.8,0
28.43,19,150,3.0,1,79.18,1,0,9,0,1,1,0,0.129,15.49,0
25.92,9,319,0.53,2,32.45,0,0,9,0,1,1,1,0.085,0.59,0
31.28,9,455,10.06,2,18.98,0,0,36,0,1,1,0,0.105,20.79,0
83.33,20,624,66.54,1,28.94,0,0,19,0,1,1,1,0.355,0.0,0
24.77,23,91,3.27,1,42.86,1,0,5,0,1,1,1,0.049,21.54,0
16.88,12,839,11.55,1,9.7,0,0,61,0,1,1,1,0.022,0.0,0
22.62,14,212,16.67,2,34.82,0,0,10,0,1,1,1,0.331,12.79,0
53.48,5,350,9.92,1,25.01,1,0,25,0,1,1,1,0.116,12.63,0
122.98,19,468,10.61,2,21.12,0,0,43,0,1,1,0,0.111,25.24,0
15.99,11,335,16.24,1,31.24,0,0,25,0,1,1,0,0.19,2.14,0
33.08,18,424,25.3,2,61.12,0,0,18,0,1,1,1,0.057,9.87,0
42.03,10,59,6.08,3,162.16,0,1,2,1,1,1,0,0.113,23.73,0
11.11,5,283,34.43,1,47.92,0,1,12,0,1,1,0,0.327,0.0,0
30.58,0,165,9.95,1,5.98,0,1,9,0,1,1,0,0.07,14.08,0
6.92,1,45,16.27,1,35.62,0,1,1,0,1,1,0,0.337,11.8,0
5.11,22,106,1.69,1,25.7,0,0,1,0,1,1,0,0.264,17.05,0
43.24,14,461,10.17,2,62.39,0,0,19,0,1,1,0,0.216,6.17,0
20.41,3,110,0.24,0,34.85,0,1,9,0,1,1,1,0.251,2.95,0
36.68,4,100,7.44,5,31.63,2,0,8,0,1,1,1,0.309,57.58,0
29.43,14,402,0.84,2,26.96,0,0,31,0,1,1,1,0.111,4.88,0
11.29,10,1175,34.09,4,23.83,1,0,37,0,1,1,0,0.284,32.46,0
28.64,9,777,16.76,2,28.38,1,0,44,1,1,1,1,0.085,21.76,0
8.73,16,1177,23.54,1,200.43,0,0,69,1,1,1,0,0.278,19.11,0
120.42,1,437,9.46,2,19.55,0,0,14,0,1,1,1,0.164,26.23,0
7.72,19,264,28.65,0,14.8,0,0,12,0,1,0,1,0.134,2.9,0
24.64,23,654,30.96,2,26.6,0,0,26,0,1,0,0,0.22,1.54,0
10.57,9,151,6.62,1,6.78,2,0,5,0,1,1,0,0.31,27.98,0
53.01,19,41,7.09,2,7.94,0,0,2,0,1,0,0,0.24,21.32,0
21.51,2,211,10.65,0,9.7,0,0,9,0,1,1,1,0.092,2.51,0
17.84,18,178,0.65,2,13.03,0,0,16,0,1,1,1,0.327,25.86,0
70.33,4,563,81.98,1,330.14,0,1,38,0,1,1,0,0.062,0.0,0
30.86,2,401,6.68,2,12.17,0,0,26,0,1,1,0,0.21,21.71,0
50.23,7,74,9.55,1,25.24,0,0,3,0,1,1,0,0.012,0.0,0
11.23,4,1196,21.08,1,15.56,0,0,65,0,1,0,1,0.215,14.82,0
7.35,11,450,5.3,2,28.49,0,1,24,0,1,1,1,0.419,27.15,0
33.36,13,306,3.38,2,90.97,0,0,5,0,1,1,0,0.305,0.0,0
21.78,6,1384,2.05,0,84.86,1,0,133,0,1,1,1,0.283,10.63,0
56.06,10,51,11.26,2,16.54,1,0,3,0,1,0,1,0.155,29.23,0
27.66,7,779,0.08,1,19.6,1,0,48,0,1,1,0,0.036,3.14,0
36.78,4,227,18.54,2,44.71,0,0,8,0,1,1,1,0.143,18.62,0
5.91,7,594,9.28,1,47.08,0,1,10,0,1,1,0,0.292,3.34,0
198.03,11,1335,11.38,1,25.47,1,0,53,0,1,1,1,0.271,20.57,0
25.43,14,365,4.58,1,45.6,0,0,29,1,1,1,0,0.252,10.51,0
60.19,18,11,2.94,0,10.83,0,1,1,1,1,1,1,0.227,6.57,0
12.99,15,15,18.06,1,11.51,0,0,1,0,1,1,0,0.114,20.37,0
40.77,13,201,3.54,2,18.16,0,0,10,0,1,1,0,0.041,24.75,0
8.14,6,761,22.72,1,11.55,0,1,66,0,1,1,1,0.26,0.89,0
47.09,7,170,3.42,2,44.86,0,1,16,0,1,1,1,0.281,13.41,0
20.99,6,204,14.23,0,5.31,0,0,8,0,1,1,1,0.251,11.83,0
30.85,17,767,15.49,2,23.98,0,0,38,1,1,1,1,0.153,9.29,0
60.22,23,62,10.57,4,21.26,0,1,3,0,1,1,1,0.275,29.0,0
8.74,5,938,86.13,0,36.28,1,0,45,0,1,1,1,0.1,2.39,0
15.11,18,154,7.07,1,22.02,0,2,10,0,1,1,0,0.333,2.07,0
47.34,3,26,32.22,2,40.58,1,0,2,0,1,1,1,0.132,18.56,0
244.26,22,62,2.78,3,17.52,0,0,5,0,1,1,0,0.426,34.98,1
26.1,2,1524,6.17,0,13.09,0,1,38,0,1,1,0,0.282,0.87,0
54.12,16,300,2.36,2,15.67,0,0,5,0,1,1,0,0.087,3.12,0
26.92,21,148,13.88,0,23.18,2,0,7,0,1,1,0,0.061,22.24,0
208.98,18,368,15.25,1,16.65,0,0,10,0,1,1,1,0.309,23.43,0
5.22,14,573,9.06,0,15.12,0,0,12,0,1,1,1,0.212,0.0,0
32.94,5,192,19.1,1,5.3,1,0,4,1,1,1,1,0.161,10.61,0
5.9,11,646,30.33,0,66.31,0,0,44,0,1,1,1,0.27,0.0,0
2.44,18,145,22.48,0,32.5,0,0,6,0,1,1,1,0.072,7.73,0
40.34,5,60,4.15,3,17.68,0,0,4,0,1,1,1,0.062,27.03,0
34.45,10,399,5.79,0,76.9,0,0,8,0,1,1,0,0.15,0.0,0
22.54,19,82,7.18,2,9.51,0,1,7,0,1,1,0,0.086,8.37,0
26.95,19,1411,3.42,1,16.06,1,0,137,0,1,1,1,0.067,27.69,0
664.01,9,1,6.72,1,35.35,0,0,0,0,1,1,1,0.198,5.23,1
23.15,15,705,4.08,1,20.61,1,0,25,0,1,1,1,0.332,26.5,0
49.91,17,164,81.83,1,27.05,1,0,14,0,1,1,0,0.48,21.76,0
15.65,13,936,22.94,0,15.19,1,0,45,0,1,1,1,0.255,0.0,0
40.25,3,31,29.49,2,9.16,0,0,2,0,1,1,0,0.186,20.93,0
23.61,11,1529,38.29,3,13.82,0,0,49,0,1,0,1,0.063,23.54,0
19.88,19,53,16.4,1,39.67,0,0,2,0,1,1,0,0.232,9.87,0
184.73,22,775,2.9,3,35.23,0,1,70,1,1,1,1,0.097,23.61,0
97.24,20,364,21.31,0,12.39,0,0,19,0,1,0,1,0.024,5.87,0
34.35,7,281,0.24,0,5.29,0,0,26,0,1,1,0,0.031,6.55,0
2.99,6,164,1.8,3,26.17,0,0,7,0,1,1,1,0.146,23.75,0
20.88,8,921,0.45,0,15.96,1,0,61,0,1,1,1,0.261,12.12,0
447.21,23,111,2.18,0,24.4,0,0,5,0,1,1,1,0.164,0.0,1
23.79,16,639,20.92,1,41.07,0,1,17,0,1,1,1,0.179,16.25,0
90.31,9,295,32.51,1,110.07,0,0,16,0,1,1,1,0.218,18.51,0
126.72,2,3249,4.9,4,17.63,0,0,151,0,1,1,1,0.437,37.54,0
37.3,20,473,1.9,0,19.52,0,1,15,0,1,1,0,0.085,10.78,0
12.91,7,55,4.78,0,20.86,0,1,2,0,1,1,1,0.178,0.0,0
2.62,13,272,15.62,0,54.16,0,1,10,0,1,1,1,0.195,0.0,0
59.39,6,34,6.47,2,34.14,0,0,1,0,1,1,0,0.112,15.09,0
13.27,15,168,48.72,2,26.78,0,0,14,0,1,1,0,0.138,17.48,0
35.74,17,210,2.11,1,38.01,0,0,16,0,1,1,0,0.359,0.0,0
8.59,10,959,69.6,0,7.35,0,0,70,1,1,1,0,0.115,0.0,0
22.98,5,910,0.19,0,30.61,0,0,42,0,1,0,0,0.161,8.57,0
30.99,19,6,9.01,2,73.41,1,0,0,0,1,1,0,0.036,32.69,1
39.2,20,380,4.35,1,28.56,0,0,26,0,1,1,0,0.081,12.14,0
9.83,13,127,12.53,3,29.44,0,0,5,0,1,1,1,0.078,22.35,0
99.18,20,193,1.52,2,27.37,0,0,15,0,1,1,1,0.046,9.85,0
16.5,12,11,31.29,1,93.49,0,0,0,0,1,1,0,0.023,20.72,0
5.62,3,693,2.2,1,126.73,0,0,64,1,1,1,0,0.056,10.88,0
26.87,19,1504,13.28,2,19.94,0,0,137,0,1,1,0,0.158,14.34,0
31.01,19,124,0.51,3,24.67,0,0,6,0,1,1,1,0.05,20.46,0
35.18,10,209,5.59,1,14.31,1,0,20,0,1,1,1,0.111,0.0,0
117.0,17,116,2.43,2,56.98,0,0,8,0,1,1,1,0.376,5.49,0
23.65,0,1330,57.15,4,39.69,0,1,89,0,1,1,1,0.304,34.85,0
26.59,11,5,0.18,2,4.98,0,1,0,0,1,1,1,0.396,21.45,0
9.94,17,438,6.52,1,34.36,0,0,43,0,1,1,0,0.052,16.96,0
68.07,6,1023,5.41,3,18.22,1,0,24,1,1,1,1,0.111,26.3,0
36.03,11,103,16.07,4,28.53,0,0,4,0,0,1,0,0.207,22.6,0
19.69,0,446,0.87,3,8.97,0,0,13,1,1,1,0,0.064,23.56,0
4.46,21,26,24.96,2,16.91,1,0,0,0,1,1,1,0.217,31.8,1
127.03,3,843,9.43,2,13.62,0,0,84,0,1,1,1,0.164,19.52,0
8.78,17,160,9.04,0,24.84,0,0,6,0,1,1,0,0.113,0.0,0
16.59,14,2244,3.86,0,20.03,0,0,46,0,1,1,0,0.079,0.33,0
42.88,2,1276,10.1,0,31.18,0,0,34,0,1,1,1,0.096,0.0,0
9.06,6,659,6.79,0,11.32,1,0,23,0,1,1,1,0.275,17.63,0
6.73,5,343,4.22,0,12.0,0,0,6,1,1,0,1,0.069,0.0,0
3.58,14,727,2.77,2,28.07,0,1,21,0,1,1,1,0.102,13.36,0
61.62,14,70,19.55,0,11.78,0,0,1,0,1,1,1,0.139,0.0,0
17.37,5,186,2.3,2,14.87,0,0,5,0,1,1,0,0.106,12.18,0
559.63,7,14,2.76,2,29.41,2,0,0,0,1,1,1,0.027,35.15,1
11.09,7,518,12.91,2,90.63,0,1,50,0,1,1,0,0.255,23.5,0
11.92,21,819,3.84,3,12.14,0,1,59,0,1,1,1,0.354,23.44,0
17.02,0,1462,9.23,2,6.62,0,0,89,0,1,0,1,0.119,1.51,0
38.21,12,580,12.08,2,19.8,0,0,57,0,1,1,1,0.168,16.28,0
18.72,22,659,4.81,0,23.13,1,0,49,0,1,1,1,0.11,12.17,0
55.28,23,1129,6.31,1,95.92,1,0,53,1,1,1,1,0.238,13.16,0
11.26,20,1377,3.54,2,37.61,0,0,113,0,1,1,0,0.019,17.05,0
7.53,12,338,9.25,2,28.94,0,0,19,0,1,1,0,0.055,14.86,0
4.96,10,58,73.19,1,34.93,0,0,1,0,1,1,1,0.107,9.94,0
3.24,3,314,6.76,0,19.46,0,0,21,0,1,1,0,0.167,0.48,0
17.85,6,406,15.89,3,10.37,0,0,31,1,1,1,0,0.328,18.35,0
22.18,11,499,15.15,2,74.53,1,0,49,0,1,1,1,0.163,35.87,0
15.94,12,2268,23.16,1,18.84,2,0,56,0,1,1,0,0.221,36.65,0
103.9,21,1248,18.67,3,64.68,0,0,54,0,1,1,0,0.077,48.82,0
102.31,11,252,0.18,3,21.46,0,0,19,0,1,1,1,0.115,8.13,0
21.44,15,60,5.55,2,54.49,1,0,4,0,1,1,0,0.419,28.14,0
4.98,5,121,30.63,3,58.73,0,0,7,0,0,1,0,0.115,28.35,0
17.0,13,95,11.63,1,17.58,0,0,3,0,1,1,0,0.03,3.71,0
16.45,18,220,1.65,1,24.16,0,0,7,1,1,1,1,0.245,10.96,0
15.53,15,1046,4.85,3,34.72,0,0,101,0,1,1,0,0.161,22.12,0
14.91,3,288,5.0,1,53.73,0,1,7,0,1,1,0,0.228,12.17,0
15.59,4,419,30.97,1,9.77,0,0,32,0,1,1,0,0.078,6.23,0
20.36,8,99,12.09,3,121.47,1,1,1,0,1,1,1,0.382,50.68,0
15.87,23,339,14.06,1,16.86,0,0,9,0,1,1,1,0.164,7.34,0
36.9,2,1034,6.86,0,15.43,0,0,90,0,1,1,1,0.139,0.0,0
42.96,21,742,0.93,1,83.52,0,0,31,0,1,1,1,0.055,21.99,0
12.05,9,42,1.17,2,16.22,0,0,4,0,1,1,1,0.097,18.04,0
106.81,16,991,8.18,3,44.69,0,1,76,0,1,0,1,0.349,25.15,0
11.25,18,160,2.93,0,12.82,0,0,7,0,1,1,1,0.136,0.0,0
5.94,9,548,1.65,2,41.98,0,0,28,0,1,0,1,0.074,4.66,0
43.85,11,79,4.56,1,15.92,1,0,2,0,1,1,1,0.208,12.36,0
13.23,22,561,20.32,1,24.43,0,1,47,0,1,0,1,0.152,2.23,0
41.32,6,18,1.14,1,56.26,0,0,0,0,1,1,1,0.027,12.53,0
2.71,17,459,8.92,3,9.35,0,0,16,0,1,0,1,0.252,30.58,0
120.6,18,519,26.24,1,51.63,0,1,46,0,1,1,0,0.007,13.89,0
58.69,14,140,4.68,1,24.46,0,0,13,0,1,1,1,0.262,6.8,0
6.68,6,1382,5.39,0,49.06,0,0,73,0,1,0,1,0.079,0.0,0
6.83,11,24,32.34,2,6.85,1,0,2,0,1,1,0,0.163,13.0,0
159.54,21,1111,15.75,1,26.6,1,0,94,0,1,1,0,0.21,13.49,0
14.33,6,241,23.97,3,16.87,0,0,19,0,0,1,0,0.461,34.75,0
13.01,9,626,5.12,2,15.91,1,0,54,0,1,1,1,0.305,25.85,0
3.11,23,527,86.07,3,10.99,1,1,50,0,1,1,1,0.1,49.62,1
21.1,21,92,2.28,2,25.53,1,1,1,0,1,1,1,0.012,21.93,0
23.86,19,192,49.03,0,7.94,0,0,8,0,1,1,0,0.197,2.12,0
61.28,9,377,34.86,2,8.43,0,0,28,0,1,1,0,0.055,11.67,0
7.4,22,937,12.04,5,5.88,1,2,30,0,1,1,0,0.052,38.53,0
6.55,4,1549,13.2,3,7.32,0,0,94,0,1,1,0,0.364,11.07,0
47.04,17,10,22.38,2,14.1,0,1,0,0,1,1,0,0.258,16.99,0
82.0,8,217,5.5,1,8.96,0,0,6,0,1,1,1,0.094,1.52,0
6.23,15,552,11.24,3,12.94,0,1,40,0,1,1,1,0.089,15.25,0
88.37,6,375,34.9,0,11.41,0,1,7,0,1,1,0,0.125,0.0,0
31.11,9,1433,1.06,1,14.95,0,0,27,1,1,1,1,0.386,3.46,0
89.28,4,9,35.39,1,21.46,0,0,0,0,1,1,0,0.073,13.47,0
27.93,6,288,19.57,0,16.75,0,0,20,0,1,1,1,0.183,6.4,0
2.41,4,553,22.04,0,39.83,0,0,44,0,1,1,1,0.094,0.0,0
25.74,14,123,1.0,1,12.08,0,1,2,0,1,1,0,0.301,14.66,0
86.5,18,647,3.12,2,49.88,0,0,14,0,1,1,1,0.017,14.54,0
12.26,9,42,38.91,2,5.42,1,0,1,1,1,1,1,0.262,17.03,0
20.33,7,300,1.99,1,29.55,0,0,7,0,1,1,0,0.32,11.27,0
25.13,23,564,14.96,1,8.58,0,0,24,0,1,0,0,0.413,8.55,0
1.65,8,155,22.9,2,8.09,0,0,9,0,1,1,1,0.238,10.15,0
159.39,10,38,3.95,2,30.94,0,0,2,0,1,1,1,0.216,19.83,0
12.17,21,1574,18.0,1,23.21,0,0,38,0,1,1,1,0.005,2.08,0
49.69,1,1226,1.02,0,87.19,0,0,27,0,1,1,1,0.281,0.0,0
27.48,2,1304,10.36,3,14.19,0,0,26,0,1,0,0,0.262,27.62,0
105.38,12,1920,6.11,2,13.95,0,0,172,0,1,1,1,0.097,11.0,0
44.97,10,102,15.57,1,9.37,0,0,8,0,1,1,1,0.021,0.0,0
23.69,9,86,32.97,2,23.37,0,0,7,0,1,1,0,0.348,3.89,0
12.26,14,17,2.01,2,58.34,0,0,0,0,1,1,0,0.195,27.51,0
66.54,5,1112,8.98,1,9.16,0,1,85,0,1,0,1,0.573,14.36,0
4.6,0,699,8.25,2,11.53,0,0,48,0,1,1,0,0.083,23.18,0
57.16,13,502,5.87,2,23.45,0,0,12,1,1,1,0,0.293,5.63,0
9.98,17,1313,9.81,0,56.82,0,0,85,0,1,1,0,0.338,0.0,0
104.82,23,428,31.9,2,20.13,1,0,9,0,1,1,0,0.116,27.54,0
35.21,10,69,54.55,1,47.6,1,0,3,0,1,1,0,0.104,12.8,0
57.06,7,97,0.04,1,27.17,0,0,7,0,1,1,1,0.118,5.66,0
32.52,21,71,20.15,1,37.97,1,0,1,0,1,1,1,0.625,17.84,0
5.19,2,184,14.32,3,21.84,0,0,10,0,1,1,1,0.209,5.08,0
12.67,13,239,78.08,1,10.44,0,1,17,0,1,1,0,0.291,14.43,0
58.7,1,797,1.41,1,47.94,0,0,16,0,1,1,1,0.468,0.0,0
35.4,15,106,25.02,3,35.41,0,0,9,0,1,1,1,0.029,14.14,0
97.61,5,646,40.76,1,30.92,0,0,29,0,1,1,0,0.113,9.13,0
44.85,0,338,36.48,1,11.73,0,0,14,0,1,1,0,0.088,0.0,0
11.4,13,3650,12.33,0,5.41,0,2,97,0,1,0,1,0.132,0.0,0
13.52,9,749,5.95,3,36.84,0,0,73,0,1,1,1,0.016,31.13,0
33.21,5,1736,15.32,3,7.18,1,0,112,0,1,1,1,0.141,33.36,0
2.96,8,210,5.48,1,14.56,0,0,13,0,1,0,0,0.039,1.27,0
159.72,6,66,7.97,2,34.98,0,0,4,0,1,1,0,0.015,17.11,0
46.61,1,353,8.85,3,6.0,0,0,18,0,0,1,1,0.255,18.84,0
102.21,10,66,5.39,2,26.46,0,0,3,0,1,1,1,0.375,13.69,0
6.17,13,339,6.27,2,15.34,0,1,21,0,1,1,0,0.186,27.15,0
104.02,4,157,0.11,3,19.65,0,0,4,0,1,1,1,0.1,29.6,0
279.08,8,338,5.29,1,5.54,0,0,22,0,1,1,1,0.315,0.0,0
8.0,6,1494,9.59,2,20.58,0,0,86,0,1,1,1,0.29,12.49,0
64.81,13,171,2.85,1,58.9,0,0,4,0,1,1,1,0.181,5.19,0
30.0,15,2513,24.57,2,20.84,0,0,205,0,1,1,1,0.098,31.36,0
6.4,21,130,11.57,2,117.98,0,0,2,0,0,1,0,0.255,20.94,0
49.05,15,117,23.69,1,9.55,0,0,4,0,1,1,1,0.028,0.0,0
68.97,6,393,2.06,2,138.88,0,0,12,0,1,1,1,0.31,21.9,0
16.43,9,923,25.76,3,50.33,0,0,50,0,1,1,0,0.143,23.14,0
96.15,20,692,47.65,3,96.43,1,0,52,0,1,1,0,0.068,29.44,0
5.66,5,643,6.52,0,105.25,0,1,23,0,1,1,1,0.061,4.93,0
6.72,16,166,5.01,2,39.25,0,0,4,0,1,1,1,0.519,16.07,0
34.35,0,11,15.61,1,8.26,0,0,0,0,1,1,1,0.335,14.66,0
30.73,1,88,15.16,0,31.07,0,0,6,0,1,1,1,0.387,6.17,0
14.64,13,215,1.79,2,5.46,1,0,20,0,1,1,1,0.331,19.19,0
67.33,3,1782,39.21,1,60.05,0,0,119,0,1,1,0,0.141,10.06,0
50.95,8,1261,9.78,2,139.34,1,0,80,0,1,1,0,0.263,39.04,0
70.68,22,112,21.69,3,37.74,0,0,6,0,1,1,1,0.304,33.98,0
26.49,5,647,6.68,1,16.79,0,0,25,0,1,1,1,0.062,23.06,0
54.74,16,433,4.55,1,56.7,0,0,41,0,1,1,0,0.12,12.43,0
19.19,20,26,1.77,2,52.4,1,0,1,0,1,1,1,0.228,31.7,0
233.65,10,232,4.81,0,33.92,1,0,13,0,1,1,1,0.691,13.49,0
13.3,3,333,75.38,0,39.28,0,0,20,0,1,1,0,0.146,7.69,0
245.99,20,551,16.09,1,13.79,0,0,53,0,1,1,0,0.152,7.54,0
31.03,8,175,24.35,1,33.17,0,0,9,1,0,1,0,0.266,3.2,0
7.57,15,1358,47.73,2,44.15,1,0,135,0,1,0,0,0.338,52.72,0
117.69,2,301,1.23,3,21.92,0,0,19,0,0,1,1,0.258,19.92,0
33.98,3,143,2.7,1,18.18,0,0,13,0,1,1,0,0.192,8.33,0
70.18,23,190,39.46,0,26.63,0,0,14,0,1,1,0,0.326,6.17,0
101.89,2,697,12.47,1,30.9,2,1,17,0,1,1,0,0.221,37.41,1
42.01,12,511,15.11,1,27.85,0,1,34,0,1,1,0,0.676,11.12,0
16.57,18,678,8.37,0,33.43,0,0,65,0,1,1,0,0.276,3.42,0
79.5,20,173,25.26,1,26.3,0,1,7,0,1,1,0,0.042,8.68,0
29.99,0,198,10.92,1,36.44,0,1,9,0,1,1,0,0.198,0.0,0
59.49,22,253,26.24,1,45.8,0,0,6,0,1,1,1,0.072,3.02,0
3.48,22,104,72.78,1,23.48,0,0,6,0,1,1,1,0.059,0.0,0
46.85,5,587,15.61,0,24.39,0,0,24,0,1,1,1,0.654,13.36,0
15.82,21,200,11.29,0,20.59,0,0,16,0,1,1,1,0.171,0.0,0
156.54,2,197,6.82,2,13.79,0,0,6,0,1,1,1,0.176,20.21,0
55.87,2,157,3.25,3,24.72,0,0,12,0,1,1,1,0.201,14.29,0
38.09,15,301,16.04,3,4.21,0,0,15,0,1,1,1,0.092,15.94,0
48.73,9,739,0.97,2,35.0,0,0,70,0,1,1,1,0.16,13.49,0
11.04,16,903,46.95,2,117.21,0,0,58,0,1,0,1,0.074,15.65,0
151.91,6,816,15.64,3,16.52,0,0,73,0,1,1,0,0.327,10.97,0
219.5,12,485,48.05,1,73.2,0,1,18,0,1,1,0,0.11,11.79,1
44.39,10,165,4.77,1,28.96,0,0,15,0,1,1,0,0.207,5.55,0
147.0,9,664,43.93,1,10.73,0,0,23,0,1,1,1,0.265,9.38,0
16.96,6,20,14.21,3,11.0,0,0,1,0,1,1,0,0.31,26.79,0
13.5,23,800,24.93,4,34.78,0,0,71,0,1,1,0,0.231,27.77,0
31.22,5,758,2.96,3,16.44,1,0,25,0,1,1,1,0.364,39.89,0
46.29,23,554,10.4,1,113.58,0,0,39,0,1,1,1,0.261,7.21,0
20.21,0,52,12.62,1,21.67,0,1,2,0,1,1,0,0.143,11.38,0
51.3,16,2965,7.48,0,8.77,0,0,148,0,1,1,0,0.226,0.0,0
40.71,11,706,4.38,2,20.85,1,1,14,0,1,1,0,0.169,29.62,0
11.04,3,664,35.27,4,6.59,1,0,56,0,1,1,0,0.071,41.31,0
50.34,2,33,1.33,2,4.57,0,0,1,0,1,1,0,0.006,6.14,0
71.06,5,254,2.51,2,24.91,0,0,20,0,1,0,0,0.205,0.0,0
35.57,15,45,5.8,1,23.6,0,0,2,0,1,1,1,0.268,0.0,0
94.88,12,224,37.84,1,40.11,0,0,21,0,1,1,1,0.102,12.04,0
8.87,8,423,12.46,1,21.34,0,3,14,0,1,1,1,0.129,3.67,0
47.84,10,1055,7.01,4,141.42,0,0,45,0,1,1,1,0.178,29.53,0
9.3,19,166,7.73,2,30.64,0,0,5,0,1,1,0,0.353,19.68,0
9.83,20,488,27.28,1,71.69,0,0,41,0,1,1,1,0.281,27.94,0
15.94,12,90,0.41,1,32.59,0,0,3,0,1,1,1,0.139,1.64,0
11.68,22,218,0.17,0,45.47,0,0,7,0,0,1,1,0.32,4.84,0
17.32,18,1471,0.71,0,48.98,0,0,97,0,1,1,1,0.1,0.0,0
24.19,2,688,9.5,0,52.88,0,0,33,0,1,1,0,0.118,14.76,0
69.21,11,395,13.06,1,20.63,1,1,33,0,1,1,1,0.008,32.82,0
21.73,18,145,14.69,2,70.35,2,0,11,0,1,1,1,0.158,35.76,0
6.14,7,239,19.7,2,9.04,2,0,6,0,1,1,0,0.178,33.84,0
93.7,13,85,3.16,2,121.1,1,0,7,0,1,1,0,0.384,37.5,0
12.97,21,218,4.56,3,12.61,0,0,21,0,1,1,0,0.062,31.6,0
28.26,8,82,4.19,2,15.55,0,0,6,0,1,1,1,0.049,17.3,0
46.83,23,793,2.42,2,8.7,0,0,67,0,1,1,1,0.022,26.48,0
36.58,16,42,4.2,0,23.61,0,0,3,0,1,1,0,0.076,6.88,0
89.49,5,105,14.27,0,35.99,1,0,8,0,1,1,0,0.178,12.79,0
48.38,3,587,6.85,1,47.97,0,0,38,0,1,1,1,0.134,1.43,0
12.66,3,1164,21.91,1,31.96,1,0,26,0,1,1,0,0.326,19.55,0
264.69,18,1670,11.53,0,126.6,0,1,95,0,1,1,1,0.263,0.0,0
36.39,11,904,3.57,0,23.34,1,0,74,0,1,1,0,0.176,0.0,0
25.86,1,119,9.45,0,34.19,0,0,4,0,1,1,0,0.57,0.0,0
78.56,16,168,13.5,1,99.9,0,0,11,0,1,1,1,0.278,12.48,0
38.45,14,1023,30.17,2,70.48,1,0,43,0,1,1,1,0.298,25.34,0
44.67,9,1101,26.91,0,18.63,0,0,97,0,1,1,1,0.32,9.63,0
362.2,2,512,8.34,1,12.19,0,1,24,0,0,1,1,0.304,0.0,1
22.76,19,188,15.65,1,30.35,0,0,3,0,1,1,1,0.107,14.72,0
21.81,3,127,5.3,1,19.98,0,1,8,0,1,0,1,0.191,7.55,0
33.67,21,956,15.04,2,47.66,0,0,19,0,1,1,0,0.026,7.12,0
87.49,0,115,36.59,3,8.21,0,0,3,0,1,1,1,0.1,39.65,0
6.64,0,542,14.69,2,26.38,0,1,31,0,1,1,1,0.273,8.49,0
4.2,17,1720,5.43,2,11.31,0,0,142,0,1,1,1,0.055,3.1,0
16.66,3,611,15.49,0,26.65,0,0,26,0,1,1,1,0.235,8.35,0
5.85,22,149,34.96,0,56.22,2,0,6,1,1,1,1,0.378,27.35,0
19.59,21,166,2.21,0,226.12,1,0,4,0,1,1,1,0.18,5.76,0
49.53,14,49,9.88,0,32.95,0,0,3,0,0,0,1,0.135,2.73,0
12.3,22,580,5.81,0,76.38,0,0,35,0,1,1,0,0.045,0.0,0
7.19,20,365,4.15,1,13.35,0,0,6,0,1,1,1,0.403,28.37,0
32.12,21,116,7.57,1,3.97,0,0,8,0,1,1,1,0.315,15.21,0
70.99,9,129,7.51,2,66.25,0,0,7,0,1,1,0,0.127,8.92,0
5.5,16,5,3.54,5,35.71,0,0,0,0,1,1,0,0.356,45.2,0
68.05,21,1918,7.75,2,22.36,1,1,145,0,1,1,1,0.064,18.24,0
67.85,11,880,15.07,0,16.19,1,1,74,0,1,1,1,0.16,22.34,0
77.8,19,251,0.39,0,37.3,0,0,16,0,1,1,1,0.053,4.92,0
101.34,11,1460,67.96,2,5.23,0,0,35,0,1,1,1,0.192,24.05,0
270.97,15,565,5.26,0,10.36,0,1,52,0,1,1,1,0.045,8.45,0
20.99,4,696,14.66,0,16.48,0,0,12,0,1,0,1,0.105,1.51,0
33.43,15,570,5.0,0,37.78,0,0,19,0,1,1,0,0.116,0.0,0
19.76,16,707,7.5,0,39.08,0,0,27,0,1,1,1,0.251,0.0,0
30.02,22,94,11.95,1,46.73,0,0,4,0,1,1,0,0.269,10.79,0
138.78,14,413,14.2,1,24.51,0,1,19,1,0,0,1,0.183,10.75,1
7.81,12,946,22.08,1,48.24,0,0,86,0,1,1,1,0.111,8.4,0
12.67,7,10,23.53,1,9.68,0,0,0,0,1,1,0,0.396,3.75,0
118.77,20,66,10.97,1,18.44,0,0,2,0,1,0,0,0.284,5.85,0
83.1,1,141,1.18,2,12.39,0,0,13,0,1,0,1,0.362,17.08,0
20.84,7,175,12.24,0,39.95,0,0,8,0,1,1,1,0.204,0.0,0
70.41,9,101,9.74,2,17.86,0,0,3,0,1,1,0,0.097,6.2,0
42.15,6,490,3.64,1,42.98,0,0,46,0,1,1,1,0.281,2.68,0
134.33,9,174,0.15,1,36.88,0,0,11,0,1,1,1,0.162,14.73,0
32.28,3,86,5.7,5,24.5,1,0,5,0,1,1,1,0.068,63.36,0
83.57,10,1181,4.51,1,14.54,0,0,84,1,1,1,0,0.466,1.27,0
420.74,8,594,9.89,3,33.9,0,0,40,0,1,0,0,0.052,17.69,0
54.49,3,141,21.51,1,24.57,0,0,9,0,1,1,0,0.094,18.53,0
31.48,2,224,8.67,0,52.16,0,0,3,0,1,1,1,0.117,0.0,0
61.71,10,675,45.41,0,6.57,0,0,49,0,1,1,0,0.245,0.0,0
20.8,2,782,3.75,1,28.56,0,0,61,0,1,0,0,0.14,11.66,0
326.35,17,97,3.75,1,19.05,0,1,1,0,1,1,1,0.169,19.75,1
35.88,18,1379,13.91,4,16.32,0,0,94,0,1,1,0,0.154,37.38,0
22.81,13,769,33.99,1,88.41,1,0,29,0,1,1,0,0.076,6.72,0
12.99,23,972,16.71,3,17.38,0,1,67,0,1,1,0,0.118,25.26,0
89.77,10,78,16.8,0,4.67,0,0,3,0,1,1,0,0.363,0.0,0
71.32,23,77,24.62,1,41.8,0,0,1,1,1,1,0,0.25,0.0,0
18.22,1,182,16.57,1,63.03,0,0,5,0,1,1,1,0.138,11.01,0
53.33,1,33,21.37,0,39.15,0,0,3,0,1,1,1,0.225,1.31,0
6.63,1,48,30.16,3,5.59,0,0,2,0,1,1,0,0.13,23.52,0
36.05,9,77,0.12,1,26.21,0,0,7,0,1,1,0,0.34,0.0,0
47.12,22,623,32.52,3,13.1,0,1,35,0,1,1,0,0.192,25.17,0
165.23,14,15,3.64,1,91.1,1,0,1,0,1,1,1,0.379,19.25,0
13.86,21,43,36.47,1,19.41,1,1,2,0,1,1,1,0.274,8.88,0
8.34,11,1443,4.64,3,35.29,0,0,66,0,1,1,1,0.115,35.5,0
12.24,10,44,9.11,0,33.53,1,0,1,0,1,0,1,0.122,11.4,0
7.87,16,386,40.75,2,54.02,0,2,18,0,1,1,0,0.24,9.28,0
114.05,17,514,1.74,1,88.65,0,1,16,0,1,0,1,0.08,5.07,0
140.98,13,1592,20.51,4,24.92,1,0,156,0,1,1,0,0.184,23.63,0
41.27,16,1150,7.47,3,10.64,0,0,52,0,1,1,0,0.078,21.61,0
101.63,14,291,0.37,2,99.16,0,1,18,0,1,1,0,0.017,26.11,0
34.26,11,1425,41.99,1,18.46,0,0,142,0,1,1,0,0.062,19.26,0
27.25,15,283,1.88,0,45.37,0,0,16,0,1,1,1,0.22,13.41,0
21.48,22,554,22.32,4,19.83,0,0,23,0,1,1,1,0.182,35.15,0
21.97,5,150,7.27,1,25.25,0,0,10,0,0,1,1,0.199,4.81,0
6.37,1,506,24.96,0,8.05,0,0,42,0,1,1,1,0.309,3.34,0
39.03,1,386,20.81,0,23.81,0,0,26,0,1,1,1,0.194,3.4,0
28.78,15,467,15.04,0,39.23,0,0,16,0,1,1,1,0.33,2.16,0
63.14,1,574,42.01,2,13.33,0,0,18,0,1,1,1,0.19,21.13,0
32.9,7,95,1.56,1,72.6,1,0,7,0,1,1,0,0.23,12.46,0
25.46,6,179,24.04,0,92.91,1,0,15,0,1,1,0,0.13,1.38,0
12.54,0,666,16.67,0,28.91,0,1,49,0,1,1,0,0.137,1.62,0
32.21,3,89,5.67,1,37.24,0,0,2,0,1,1,1,0.047,0.0,0
62.69,10,211,11.84,2,36.29,0,1,9,0,1,1,0,0.168,19.67,0
9.55,19,549,15.52,1,18.91,1,1,40,0,1,1,0,0.035,21.65,0
32.7,6,1388,19.99,1,15.47,0,0,105,0,1,1,0,0.126,4.26,0
37.83,17,39,3.11,0,14.39,0,0,2,0,1,0,1,0.243,0.0,0
14.61,3,363,1.62,0,10.38,0,0,15,0,1,1,1,0.233,15.46,0
16.65,16,43,1.61,1,16.89,0,1,1,0,1,1,0,0.139,26.77,0
37.74,10,238,5.22,0,60.89,0,0,5,0,1,1,0,0.093,23.01,0
9.65,10,96,2.51,1,18.43,0,0,2,0,1,1,0,0.313,1.83,0
42.52,19,524,11.51,1,41.57,0,0,23,1,1,1,0,0.164,24.2,0
12.24,10,709,8.62,1,39.81,0,0,47,0,1,1,0,0.015,7.36,0
86.73,14,142,33.53,0,29.5,2,0,12,0,1,1,1,0.429,19.88,0
310.39,13,624,18.96,2,34.09,1,2,23,0,1,1,1,0.161,30.8,1
12.67,16,296,3.46,1,10.51,0,1,6,0,1,1,0,0.129,12.86,0
51.12,1,167,0.7,0,29.23,1,0,16,0,1,1,1,0.035,4.78,0
14.49,17,371,18.52,1,16.86,0,1,25,0,1,1,0,0.272,15.24,0
84.86,15,239,28.05,4,71.63,0,1,6,0,1,1,0,0.087,27.52,0
8.45,11,131,18.11,2,38.98,0,0,4,0,1,1,1,0.254,23.29,0
48.45,9,707,15.48,1,51.23,0,0,36,0,1,1,0,0.116,10.57,0
12.52,15,799,4.3,3,23.85,0,1,77,0,1,1,0,0.167,26.66,0
24.36,2,806,10.24,0,14.89,0,0,21,0,1,1,1,0.046,4.3,0
10.69,7,241,19.36,5,22.42,1,0,12,0,1,1,0,0.168,39.65,0
68.19,21,93,3.22,1,7.87,0,0,4,0,1,1,1,0.463,0.0,0
12.97,21,918,9.71,1,13.16,0,0,91,0,1,1,1,0.053,3.0,0
52.04,23,200,1.87,1,8.96,0,0,6,0,1,1,1,0.096,5.77,0
21.24,1,689,11.35,1,22.26,1,0,38,0,0,1,1,0.434,0.0,0
26.72,21,850,12.78,2,53.86,0,0,84,0,1,1,1,0.085,16.34,0
34.74,0,731,11.5,1,21.53,0,0,52,1,1,0,0,0.411,4.68,0
13.99,13,247,9.51,3,11.1,0,0,7,1,1,1,1,0.13,34.15,0
36.98,3,1390,13.28,2,42.56,0,0,131,0,1,1,1,0.335,16.09,0
138.43,3,540,86.17,2,6.64,0,0,33,0,1,1,0,0.537,21.87,1
13.76,8,429,14.61,1,10.37,0,0,36,0,1,1,1,0.116,16.27,0
96.72,2,599,20.95,3,33.81,0,1,50,0,0,1,1,0.02,31.11,0
134.03,4,23,3.2,1,66.31,0,0,1,0,1,1,0,0.233,21.37,0
13.25,0,248,11.33,2,23.13,0,0,21,0,1,1,0,0.061,19.25,0
6.99,21,1065,0.11,0,6.18,0,0,96,0,1,1,0,0.362,0.0,0
40.53,18,88,0.48,1,29.55,0,1,7,0,1,1,1,0.174,5.1,0
17.33,0,268,5.84,3,122.08,0,0,18,0,1,0,0,0.178,33.11,0
194.14,9,260,9.43,0,60.49,1,0,17,0,1,1,1,0.074,12.01,0
31.03,21,220,12.86,4,17.47,0,0,12,0,1,1,0,0.328,27.7,0
13.43,11,413,32.84,0,21.04,0,1,9,0,1,1,1,0.098,4.51,0
9.51,9,2786,22.16,0,42.46,0,0,157,0,1,1,0,0.055,0.0,0
89.11,1,148,5.35,4,41.15,0,0,10,0,1,1,0,0.184,26.84,1
16.93,15,610,20.41,0,7.01,0,1,33,0,0,1,1,0.375,0.08,0
31.31,7,709,11.96,3,29.02,0,1,36,0,1,1,1,0.116,15.58,0
77.93,13,439,22.66,1,79.67,0,0,15,0,1,1,1,0.197,6.07,0
18.46,14,51,7.94,3,24.13,0,0,2,0,1,1,0,0.132,19.65,0
28.62,15,425,1.45,3,21.12,0,1,14,0,1,1,1,0.085,23.6,0
29.47,10,1534,14.45,3,108.15,1,1,35,0,1,1,1,0.319,26.89,0
59.34,11,209,12.21,1,27.57,0,0,16,0,1,1,0,0.171,15.45,0
54.1,1,510,46.06,1,48.67,1,0,38,0,1,1,1,0.148,16.33,0
24.04,3,1602,2.65,2,51.3,0,0,95,0,1,1,0,0.193,13.95,0
31.93,2,800,16.01,1,32.53,0,0,18,0,1,1,0,0.155,14.86,0
20.66,8,583,9.64,0,14.36,0,1,39,0,1,1,0,0.21,6.84,0
6.84,17,1773,7.14,3,6.56,0,0,70,0,1,1,1,0.028,11.16,0
38.77,18,94,23.74,1,15.37,0,0,9,0,1,1,0,0.33,6.71,0
198.78,6,741,24.96,0,18.75,1,0,15,0,1,1,1,0.181,22.99,0
12.38,3,261,18.81,0,63.61,0,0,4,0,0,1,1,0.446,0.0,0
13.83,5,223,1.31,0,42.72,1,0,19,0,1,1,0,0.126,19.88,0
12.54,18,368,6.35,3,12.97,1,0,13,0,1,1,0,0.238,50.04,0
61.84,0,17,0.72,2,19.46,0,0,1,0,1,0,0,0.131,7.14,0
46.92,15,187,6.32,5,15.08,0,0,8,0,1,1,1,0.134,46.85,0
25.57,10,91,15.66,1,11.07,0,0,7,0,1,1,1,0.503,12.61,0
11.96,21,75,10.97,2,23.6,0,0,6,0,1,1,0,0.125,27.6,0
32.86,3,206,18.21,3,56.07,0,0,19,0,1,0,0,0.073,29.75,0
6.27,17,810,12.03,1,9.1,0,0,39,0,1,1,0,0.114,4.89,0
34.59,22,112,12.17,1,69.84,0,0,1,0,1,1,0,0.028,0.0,0
71.63,4,379,10.73,0,31.75,0,1,10,1,1,1,0,0.282,0.0,0
8.57,21,690,6.8,1,30.49,1,0,29,0,1,1,0,0.301,24.92,0
6.47,5,138,8.87,3,22.09,0,0,11,0,1,1,1,0.349,18.47,0
145.39,1,1290,1.79,1,29.18,1,0,119,0,1,1,1,0.325,29.65,0
16.25,11,1007,26.98,0,25.7,0,0,34,0,1,0,1,0.089,0.34,0
93.31,21,145,33.0,2,29.19,0,0,7,0,1,1,1,0.331,20.69,0
25.69,8,2285,21.8,2,17.78,0,0,145,0,1,1,0,0.209,15.39,0
25.48,19,553,13.14,2,45.27,0,0,21,0,1,1,1,0.075,23.32,0
46.45,11,169,12.63,2,4.98,0,0,7,0,1,1,0,0.106,9.8,0
12.38,12,571,9.53,0,50.51,0,0,46,0,0,1,0,0.383,6.06,0
34.21,21,549,3.95,2,42.65,0,3,16,0,1,1,1,0.448,11.1,0
20.46,22,466,7.26,3,40.86,0,0,28,0,1,1,0,0.039,28.95,0
8.0,16,622,68.94,0,37.85,0,0,40,0,1,1,0,0.125,0.0,0
41.99,4,156,2.36,0,34.05,0,1,4,0,1,1,0,0.311,0.0,0
23.03,19,1931,11.74,2,49.54,0,1,145,0,1,1,0,0.054,23.77,0
25.61,12,976,30.21,4,36.67,0,0,32,1,1,1,1,0.106,22.72,0
8.93,12,685,9.05,1,20.18,0,2,51,0,1,1,0,0.231,11.35,0
147.14,9,13,13.96,1,16.23,0,0,0,0,1,1,1,0.337,16.69,0
72.0,14,446,26.39,0,26.0,0,0,30,0,1,1,1,0.294,0.0,0
78.58,14,613,11.9,4,84.05,1,0,39,0,1,1,0,0.284,54.2,0
22.08,17,962,19.72,2,50.76,0,0,94,0,1,1,1,0.148,14.08,0
5.32,17,1461,6.4,2,40.14,0,1,32,0,1,1,1,0.297,15.09,0
211.22,1,1238,19.81,2,2.27,0,0,49,0,1,0,0,0.141,24.32,0
28.19,22,260,0.63,0,7.42,0,1,17,0,1,0,0,0.15,0.0,0
14.17,10,1134,2.49,3,35.23,0,0,90,1,1,1,0,0.084,21.64,0
45.46,12,1,15.21,0,69.96,0,1,0,0,1,1,1,0.072,13.84,0
96.27,10,217,8.94,1,18.37,0,0,5,0,1,1,1,0.114,5.08,0
29.28,3,60,26.43,1,28.36,1,0,2,0,1,1,0,0.075,21.05,0
107.62,14,1073,6.28,0,18.72,3,0,28,1,1,1,0,0.228,20.32,0
88.5,21,1315,21.86,0,10.73,0,0,29,0,1,0,1,0.153,0.2,0
10.21,22,148,2.25,1,18.62,0,0,2,0,1,1,1,0.153,10.17,0
15.27,10,229,39.92,4,30.14,0,0,19,0,1,1,0,0.251,23.22,0
78.06,17,2064,8.13,1,107.37,0,1,61,0,1,1,1,0.125,0.63,0
1.99,15,417,3.94,1,24.1,0,0,20,0,1,1,1,0.315,1.05,0
25.8,9,344,23.35,1,27.1,0,0,6,0,1,1,1,0.03,16.4,0
7.16,11,347,44.31,0,87.02,0,0,29,0,1,1,0,0.181,0.0,0
18.61,12,596,37.53,1,44.26,0,1,15,0,1,0,1,0.239,0.0,0
22.22,8,1545,4.08,4,43.51,0,0,82,1,1,1,1,0.253,31.39,0
20.94,20,228,16.72,0,45.12,0,1,10,0,1,1,1,0.371,0.0,0
17.25,12,95,11.87,3,18.81,0,0,3,0,1,0,0,0.244,16.97,0
10.0,5,102,19.37,1,28.69,0,0,5,0,1,1,1,0.059,5.76,0
296.46,5,10,10.01,3,38.47,0,0,0,0,1,1,0,0.663,35.95,1
193.92,10,405,9.52,3,19.22,0,0,19,0,1,1,0,0.073,30.56,1
9.37,18,1323,32.15,2,24.02,0,1,81,0,0,0,1,0.359,22.63,0
145.78,10,624,30.75,0,22.9,0,0,41,0,1,1,1,0.111,0.0,0
20.1,9,2478,23.24,1,10.19,0,0,154,0,1,1,1,0.055,13.33,0
34.1,22,1201,18.31,0,82.74,1,0,65,0,1,1,1,0.129,21.25,0
28.13,14,338,17.02,2,19.58,0,0,22,0,1,1,0,0.099,18.0,0
15.49,12,333,0.87,2,16.39,0,0,8,0,1,1,1,0.271,23.28,0
80.15,22,495,20.77,1,35.98,0,1,21,0,1,1,0,0.224,4.93,0
33.98,7,59,15.25,2,95.84,0,0,5,0,1,1,1,0.198,14.66,0
18.61,4,468,5.4,1,16.5,0,0,45,0,1,1,0,0.152,7.88,0
8.13,1,312,25.73,1,26.41,0,1,21,0,1,1,0,0.321,11.17,0
12.26,15,515,26.8,2,2.49,0,0,30,0,1,1,1,0.137,5.7,0
5.8,12,416,40.37,1,123.57,0,0,14,0,1,1,1,0.233,15.45,0
30.33,18,186,8.13,2,16.42,1,0,8,0,1,1,0,0.349,22.76,0
9.06,8,468,12.02,2,2.75,0,0,33,0,1,1,1,0.218,19.34,0
22.98,14,228,35.46,2,62.28,1,0,19,0,1,1,1,0.099,25.8,0
117.93,5,108,5.71,4,9.42,1,0,9,0,1,1,0,0.224,38.51,0
99.41,7,562,23.89,1,8.9,0,0,15,0,1,1,0,0.13,0.0,0
29.01,23,183,72.36,2,10.88,0,0,10,0,1,1,1,0.156,10.64,0
27.47,13,1099,15.83,2,17.0,0,0,83,0,1,1,1,0.255,16.08,0
196.35,4,111,61.75,1,98.71,0,0,8,0,1,1,0,0.154,20.2,0
50.44,16,458,10.88,1,8.4,0,0,44,0,1,1,1,0.188,17.81,0
21.59,21,424,2.49,2,49.48,0,0,11,0,1,1,0,0.129,22.21,0
7.2,6,110,2.9,0,14.07,0,1,6,1,0,1,1,0.307,4.43,0
44.43,8,290,19.72,1,16.26,0,0,6,0,1,1,1,0.346,10.99,0
68.67,15,563,0.01,1,19.98,1,1,36,0,1,1,0,0.197,0.59,0
15.93,17,192,16.27,2,23.58,1,0,14,0,1,1,1,0.153,29.96,0
40.09,12,60,2.46,1,34.69,0,0,1,0,1,1,0,0.155,13.58,0
20.83,17,478,62.38,2,6.59,1,0,29,0,1,1,0,0.466,12.02,0
24.93,9,127,2.67,1,169.71,0,0,12,0,1,1,1,0.247,8.06,0
2.49,0,572,12.06,2,25.82,0,0,11,0,1,1,1,0.072,30.23,0
24.0,20,915,16.6,3,9.7,0,2,28,0,1,0,0,0.394,25.01,0
78.99,17,66,25.68,6,84.86,0,0,4,1,1,1,0,0.152,78.68,1
15.94,18,288,9.22,1,23.04,0,0,21,0,1,1,0,0.199,0.0,0
31.58,1,294,40.73,4,22.54,1,0,25,0,1,0,1,0.198,44.76,1
14.07,3,501,9.82,4,53.74,0,0,20,0,1,1,1,0.412,23.87,0
42.97,10,204,4.36,1,5.47,0,0,9,0,1,1,1,0.146,13.72,0
24.13,2,271,13.49,1,45.46,0,1,22,1,1,1,0,0.261,12.73,0
11.71,8,6,16.09,1,31.08,0,0,0,0,1,1,1,0.164,11.87,0
113.59,9,65,10.62,1,16.0,0,0,5,0,1,0,0,0.539,21.52,0
75.86,1,422,19.82,2,20.84,0,0,39,0,1,1,1,0.113,7.16,0
16.36,6,122,8.19,4,14.96,0,0,10,0,1,1,0,0.1,35.17,0
49.29,14,78,0.07,2,28.55,0,1,1,0,1,1,1,0.203,15.2,0
51.29,18,196,4.61,2,31.8,0,0,12,0,1,1,1,0.157,13.12,0
56.96,9,89,43.76,2,10.12,3,0,8,0,1,1,1,0.221,44.63,1
5.51,23,31,21.61,0,13.79,0,0,3,0,1,1,1,0.035,4.03,0
81.99,19,167,3.15,2,5.33,0,0,10,0,1,1,0,0.257,25.31,0
16.95,13,90,1.03,0,10.27,1,0,4,0,1,1,1,0.185,4.47,0
20.95,3,803,6.48,0,13.29,2,0,25,1,1,1,0,0.097,27.2,0
419.0,10,32,27.15,0,4.1,0,1,3,0,0,1,1,0.251,0.0,1
40.52,2,688,1.68,3,36.4,0,0,47,0,1,0,0,0.22,25.56,0
20.36,22,241,11.76,3,46.63,0,0,5,0,1,1,0,0.195,39.07,0
3.3,16,562,4.82,2,167.69,0,0,50,1,1,1,1,0.061,24.48,0
120.27,6,27,19.43,0,36.4,2,0,1,0,1,1,1,0.106,17.4,0
7.81,10,1267,0.01,1,13.26,0,0,56,0,1,0,1,0.224,11.56,0
10.99,17,729,4.87,2,26.25,0,0,23,0,0,1,1,0.355,13.44,0
21.51,13,75,17.06,3,37.52,0,0,5,0,1,1,1,0.095,19.99,0
123.52,13,123,11.87,3,35.37,0,0,2,0,1,1,0,0.157,26.21,0
64.93,5,516,22.63,0,11.62,1,0,45,0,1,1,0,0.26,22.32,0
25.59,8,1273,2.57,1,79.65,0,0,88,0,1,1,0,0.379,5.68,0
40.78,21,295,11.36,1,45.99,0,0,10,0,1,0,0,0.174,11.36,0
16.44,2,332,3.27,3,60.86,0,0,24,0,1,1,1,0.182,34.89,0
34.45,16,136,15.29,1,66.9,0,0,5,0,1,1,0,0.505,11.17,0
32.24,11,241,2.11,0,51.96,0,0,21,0,1,1,0,0.37,0.0,0
78.95,3,168,2.41,3,42.87,0,0,12,0,1,1,1,0.186,17.23,0
78.82,19,216,5.97,0,38.97,1,1,19,0,1,1,0,0.161,0.0,0
49.11,15,10,7.71,3,31.08,0,0,0,0,1,1,1,0.286,39.62,0
20.86,23,21,10.35,3,22.73,0,0,1,0,1,1,0,0.251,16.28,0
62.92,9,571,13.04,2,30.23,0,1,48,0,1,1,0,0.086,3.28,0
27.33,6,573,9.49,0,13.29,0,0,48,0,1,1,1,0.289,0.0,0
10.16,9,200,0.7,1,53.56,0,0,19,0,1,1,0,0.216,12.42,0
20.02,6,1083,6.31,1,17.92,0,1,73,0,1,1,1,0.373,0.0,0
32.61,22,155,0.95,3,17.45,0,0,11,0,1,0,0,0.235,29.46,0
74.46,17,252,1.88,0,27.95,0,0,14,0,1,1,1,0.37,0.0,0
24.94,8,657,1.46,0,29.68,0,0,25,0,1,1,1,0.147,6.97,0
8.94,21,680,2.58,0,29.39,0,0,15,0,1,1,1,0.058,0.0,0
31.71,17,987,25.14,2,50.59,0,0,78,0,1,1,1,0.119,5.67,0
33.56,16,15,14.82,2,75.27,0,0,0,0,1,1,1,0.153,9.52,0
36.08,10,102,10.6,0,14.19,0,0,8,0,1,1,1,0.181,13.57,0
75.18,0,512,19.77,1,21.81,0,0,26,0,1,1,0,0.454,5.57,0
83.01,16,206,48.75,2,22.61,0,0,19,0,1,1,1,0.084,8.82,0
16.54,3,22,8.11,1,26.87,0,0,1,0,1,1,0,0.263,0.0,0
16.18,3,442,6.87,2,31.07,1,0,23,0,1,1,0,0.145,31.62,0
10.59,13,250,57.1,1,12.43,0,0,17,0,1,1,0,0.184,9.3,0
60.27,8,226,22.13,2,45.75,0,0,9,0,1,1,1,0.649,20.13,0
127.59,12,154,22.52,0,33.0,2,0,10,0,0,1,1,0.055,16.28,0
21.87,15,3,13.74,0,16.07,0,0,0,1,0,1,1,0.286,12.87,0
23.54,0,101,10.61,0,39.24,0,0,3,0,1,1,1,0.29,0.0,0
129.9,2,321,12.0,0,19.13,1,0,11,0,1,1,0,0.345,19.42,0
49.68,18,161,15.84,1,28.03,0,0,4,0,1,1,1,0.195,11.12,0
46.35,7,1037,7.09,0,14.83,0,0,97,0,1,1,1,0.022,2.16,0
9.11,17,77,22.87,2,49.5,0,1,7,0,1,1,0,0.222,34.06,0
59.07,5,1041,35.99,5,24.28,0,0,20,0,1,1,1,0.47,39.95,1
11.83,19,259,12.7,0,34.36,0,0,13,0,1,1,1,0.248,15.59,0
9.64,5,161,7.21,2,41.61,0,0,4,0,1,1,0,0.17,6.14,0
21.18,4,181,17.84,1,52.06,0,0,15,0,1,1,1,0.15,5.41,0
16.68,11,200,3.02,3,60.74,0,0,5,0,1,1,1,0.123,26.34,0
24.01,8,353,51.9,1,51.39,0,0,11,0,1,1,1,0.352,0.0,0
7.09,8,218,16.09,3,32.48,0,0,16,0,1,1,0,0.045,31.01,0
78.16,16,521,1.05,4,32.13,0,0,12,0,1,1,1,0.221,27.58,0
92.54,18,277,11.32,2,14.46,0,1,26,0,1,1,1,0.109,11.03,0
4.27,16,557,20.81,1,49.53,0,0,43,0,1,1,0,0.275,11.28,0
79.72,21,464,4.88,2,7.81,0,0,45,0,1,1,1,0.089,10.91,0
13.32,15,140,0.79,1,48.74,0,0,7,0,1,1,0,0.056,3.9,0
70.6,11,838,10.08,1,14.68,1,1,30,0,1,1,1,0.185,11.31,0
27.98,2,802,26.9,3,86.35,0,0,75,0,1,1,0,0.216,25.24,0
30.84,13,2254,4.35,0,39.03,1,0,132,0,1,0,1,0.051,16.86,0
24.9,16,96,18.94,2,33.06,0,0,9,1,1,1,1,0.38,19.54,0
100.7,21,941,7.86,3,28.03,0,0,90,0,1,1,1,0.146,27.61,0
8.67,15,1028,0.92,0,73.11,0,1,85,0,1,1,0,0.236,0.0,0
55.03,20,514,5.44,2,14.01,1,0,18,0,1,1,0,0.564,28.77,0
90.14,11,353,5.65,2,43.69,0,0,12,0,1,1,0,0.379,30.32,0
61.33,23,1576,35.26,4,45.29,0,0,111,0,1,1,0,0.391,29.39,0
306.34,1,1800,60.05,2,28.2,0,0,101,0,1,1,1,0.143,18.04,1
17.66,7,513,3.53,2,25.51,0,0,26,0,1,1,1,0.513,4.13,0
78.05,11,223,8.45,2,86.69,0,0,7,0,1,1,0,0.427,8.59,0
26.95,20,850,56.39,2,12.45,0,0,29,0,1,1,1,0.13,12.18,0
102.86,15,47,7.85,1,7.45,0,0,2,0,1,0,1,0.175,11.27,0
29.73,7,172,6.44,5,25.1,0,0,11,0,1,1,1,0.207,34.67,0
20.33,15,2119,1.75,2,23.84,0,0,42,0,0,0,1,0.241,0.0,0
110.62,9,842,20.99,3,27.92,0,0,41,0,1,1,1,0.132,18.74,0
18.33,19,1403,8.89,0,17.18,0,0,110,0,1,1,0,0.018,0.0,0
7.3,14,452,15.27,4,27.25,0,0,23,0,1,1,1,0.085,22.79,0
17.87,3,262,10.7,4,8.55,0,1,17,0,1,1,1,0.337,39.2,0
55.65,14,1948,2.88,0,169.33,0,0,48,0,1,1,0,0.099,7.07,0
120.55,3,185,2.91,1,11.42,1,0,17,1,1,1,1,0.547,11.74,0
33.49,10,708,42.14,2,41.05,0,0,20,1,1,1,1,0.05,15.11,0
111.97,5,408,33.04,0,25.18,0,0,28,0,1,1,1,0.279,8.27,0
7.7,3,130,14.15,3,27.21,0,0,3,0,1,1,0,0.036,19.08,0
19.24,8,9,0.02,1,16.59,0,0,0,0,1,1,0,0.177,0.0,0
22.45,8,242,8.52,2,51.54,0,0,16,0,1,1,0,0.523,10.95,0
26.72,2,397,11.34,0,20.64,0,0,23,0,1,1,1,0.114,6.6,0
32.59,22,101,8.95,2,22.96,0,0,8,0,1,1,0,0.049,8.26,0
59.79,4,268,38.94,3,11.86,1,0,8,1,1,1,1,0.119,18.37,1
19.21,14,478,0.63,0,85.33,1,0,24,0,1,1,1,0.03,12.32,0
34.43,8,627,15.96,1,21.91,1,0,61,0,1,1,1,0.143,26.15,0
28.64,1,27,5.65,2,16.63,0,1,1,0,1,1,1,0.056,9.76,0
11.87,2,546,12.3,2,27.38,0,2,37,0,1,1,1,0.31,25.14,0
26.74,20,29,16.0,2,143.47,0,0,0,0,0,1,1,0.135,24.92,0
25.95,11,14,8.72,1,7.25,0,0,0,1,1,1,0,0.172,3.65,0
25.4,15,83,2.41,0,89.02,0,0,1,0,1,1,1,0.218,0.0,0
30.93,4,530,10.98,2,98.57,1,0,30,0,1,1,1,0.342,31.27,0
32.32,9,27,40.54,0,24.73,0,0,2,0,1,1,0,0.181,16.49,0
19.45,14,11,11.51,0,4.19,0,0,0,0,1,1,1,0.404,8.62,0
106.99,13,63,1.97,2,21.03,1,0,4,0,1,0,1,0.05,35.57,0
9.3,13,1495,26.07,0,20.0,1,1,96,0,1,1,0,0.224,16.61,0
14.57,22,1189,3.76,0,6.83,0,0,35,0,1,1,0,0.256,5.06,0
482.97,12,45,6.94,0,5.94,0,0,3,0,1,1,1,0.244,5.03,0
10.61,15,181,8.4,3,67.73,0,1,11,0,1,1,1,0.384,27.89,0
7.74,7,1471,6.23,4,42.66,0,0,39,0,1,1,1,0.347,13.38,0
62.46,7,51,7.77,3,10.7,0,0,4,0,1,1,0,0.168,38.85,0
3.75,16,50,23.81,3,31.81,0,0,1,0,0,1,0,0.091,19.27,0
23.68,16,45,3.79,5,8.63,0,0,2,0,1,1,1,0.392,44.41,0
256.17,2,1875,9.54,0,8.69,0,0,178,1,1,1,0,0.076,7.55,0
6.39,0,680,0.3,1,16.83,0,0,30,0,1,1,1,0.464,0.0,0
4.13,16,121,10.63,2,13.96,0,0,3,0,1,1,1,0.125,23.48,0
6.69,23,24,1.78,2,20.53,0,0,2,0,1,1,1,0.237,5.42,0
73.58,15,1680,4.97,0,25.11,1,0,167,0,1,1,0,0.292,16.1,0
92.28,16,277,5.89,0,14.19,0,0,20,1,1,1,0,0.16,0.0,0
17.95,1,456,1.29,1,42.58,0,0,41,0,1,1,1,0.118,8.41,0
59.34,13,164,6.71,0,59.04,0,0,16,0,1,1,1,0.314,1.65,0
120.33,6,710,10.34,1,8.09,0,0,20,0,1,1,0,0.152,4.31,0
178.99,18,110,8.46,3,115.64,0,1,9,0,1,1,1,0.213,30.64,0
23.42,0,773,4.94,2,19.56,0,0,15,0,1,0,0,0.076,17.14,0
3.0,16,131,5.24,2,26.54,0,1,9,0,1,1,1,0.041,14.42,0
13.19,9,52,15.06,1,23.79,0,1,3,0,1,1,1,0.143,15.66,0
19.55,5,326,19.01,0,36.75,0,0,18,0,1,1,1,0.168,0.76,0
23.13,6,839,12.89,3,32.85,0,1,54,0,1,1,1,0.125,22.67,0
24.83,5,243,56.06,3,39.17,0,1,9,1,1,1,0,0.184,29.55,0
91.73,4,15,43.47,1,6.52,0,0,0,0,1,0,0,0.177,0.15,0
107.17,1,403,1.55,0,135.1,0,0,13,1,1,1,1,0.274,4.08,0
25.24,17,570,4.54,4,65.44,0,0,53,0,1,1,1,0.25,39.26,0
89.88,23,675,30.42,1,8.78,2,0,26,0,1,1,1,0.19,26.13,0
42.85,16,257,0.45,1,19.73,0,0,19,0,1,1,1,0.238,0.0,0
31.96,23,51,13.45,2,3.89,0,0,2,0,1,1,0,0.138,13.54,0
74.18,22,439,46.35,2,7.03,1,0,43,0,0,1,1,0.029,20.35,0
32.21,6,200,17.03,0,22.71,0,0,19,1,1,1,1,0.545,2.17,0
234.58,20,1468,1.45,0,39.35,0,0,89,1,0,1,1,0.22,2.44,0
7.11,18,349,20.66,1,53.04,0,0,15,1,1,1,1,0.064,14.88,0
17.9,6,320,7.09,0,9.16,0,0,16,0,1,1,0,0.093,2.72,0
26.4,22,185,38.18,0,132.46,0,1,8,0,1,1,0,0.348,2.94,0
46.5,6,207,5.06,1,46.85,0,0,4,0,1,1,1,0.213,4.16,0
106.48,15,359,9.61,0,9.77,0,0,7,0,1,0,0,0.289,0.0,0
29.24,11,183,20.59,0,31.46,0,0,11,0,1,1,0,0.119,0.0,0
7.23,14,1114,4.47,2,19.45,0,0,71,0,1,1,1,0.273,3.05,0
69.58,14,289,3.01,1,10.04,0,0,6,0,1,1,1,0.187,9.77,0
63.75,10,173,0.04,2,17.92,0,0,8,1,1,1,1,0.194,30.19,0
4.3,1,84,10.04,1,26.39,0,0,7,0,1,1,0,0.375,0.63,0
29.85,2,558,39.6,2,7.5,0,1,29,0,1,0,1,0.159,19.49,0
6.11,18,13,4.96,1,22.02,0,0,0,0,1,1,0,0.103,16.25,0
15.42,19,299,0.67,1,39.04,1,0,6,0,0,0,0,0.07,15.76,0
12.15,14,399,14.53,2,61.85,0,0,34,0,1,1,1,0.185,30.67,0
67.31,15,208,0.87,2,40.2,0,1,13,0,1,1,0,0.148,30.13,0
33.68,0,693,10.61,0,18.61,0,0,21,0,1,1,1,0.171,0.0,0
8.28,14,563,7.21,3,26.87,1,0,28,0,1,1,0,0.23,29.99,0
72.25,11,1777,9.68,1,34.69,0,0,137,0,1,1,0,0.129,18.62,0
7.14,6,355,2.66,2,32.86,0,1,13,0,1,1,1,0.448,4.67,0
41.68,6,386,1.42,0,25.73,1,0,22,0,1,1,1,0.088,0.0,0
13.28,10,141,20.73,0,25.08,0,0,8,0,1,1,0,0.052,0.0,0
20.79,19,243,4.23,3,17.81,0,1,18,1,1,1,0,0.091,23.84,0
49.61,10,14,24.17,0,27.02,0,0,0,0,1,1,0,0.228,7.27,0
50.47,16,584,21.31,1,20.82,0,0,31,0,1,1,0,0.057,0.0,0
114.09,2,187,3.32,0,10.56,0,1,5,0,1,1,0,0.145,0.0,0
27.6,15,389,35.84,1,48.81,0,1,16,0,1,1,1,0.221,16.04,0
40.71,4,147,2.64,0,32.82,1,0,7,0,1,1,0,0.183,18.8,0
19.34,1,485,23.93,1,16.27,0,0,45,0,1,1,0,0.394,0.0,0
35.94,22,297,8.18,1,23.02,1,0,21,0,0,1,1,0.387,28.82,0
46.5,6,329,3.03,2,28.81,0,0,20,0,1,1,1,0.309,0.0,0
27.16,9,1429,41.74,4,48.26,0,0,84,0,1,1,0,0.299,37.29,0
4.93,4,612,49.56,2,20.53,1,0,43,1,0,1,1,0.203,22.14,0
41.74,14,152,10.74,5,27.37,1,0,5,0,0,1,0,0.076,52.65,0
43.14,11,351,9.5,1,84.31,0,0,18,1,1,1,1,0.109,13.75,0
15.18,9,314,34.67,3,1.91,0,0,20,0,1,1,1,0.248,33.63,0
8.29,21,793,13.6,1,12.75,1,0,37,0,1,1,0,0.466,1.73,0
131.09,16,896,4.64,3,37.34,0,0,18,0,1,1,0,0.114,28.05,0
48.98,19,167,8.31,3,56.1,0,0,8,0,1,0,0,0.136,27.08,0
23.83,19,861,27.12,0,11.35,0,1,24,0,1,0,1,0.05,4.32,0
9.61,10,99,29.44,1,12.94,0,0,8,0,1,1,1,0.066,2.93,0
13.17,7,719,42.02,1,27.92,1,0,42,0,1,1,0,0.044,20.25,0
110.23,14,143,5.1,0,7.17,0,0,13,0,1,0,0,0.196,0.0,0
34.39,1,177,17.09,1,23.45,0,0,8,0,1,1,1,0.361,7.51,0
17.28,16,957,1.06,5,23.89,2,1,37,0,1,1,1,0.08,62.31,0
49.88,22,272,19.41,2,22.91,0,0,27,0,1,1,1,0.136,12.67,0
13.27,5,2332,12.42,1,12.57,0,0,101,0,0,1,0,0.202,6.34,0
134.4,20,82,4.31,1,17.03,1,0,4,0,1,1,0,0.247,23.53,0
115.91,12,311,15.95,1,6.67,0,1,5,0,1,0,1,0.093,7.17,0
18.79,7,659,2.18,2,9.84,0,0,22,0,1,1,0,0.22,2.75,0
15.98,10,3,6.09,2,20.25,1,0,0,0,1,1,0,0.278,27.25,0
2.19,14,82,7.69,1,44.07,0,1,6,0,1,1,1,0.293,0.0,0
6.81,12,10,22.52,1,32.46,0,0,0,1,1,1,0,0.13,0.0,0
7.85,17,2472,5.54,0,46.97,0,0,230,0,1,1,1,0.058,11.03,0
34.3,17,715,0.75,1,35.21,0,1,44,0,1,1,1,0.12,0.19,0
21.62,16,234,2.99,0,82.0,0,0,16,0,0,1,0,0.104,0.0,0
7.8,21,85,14.05,5,14.68,0,0,7,1,1,1,0,0.253,40.01,1
22.62,12,47,0.23,1,39.16,0,0,3,0,1,1,0,0.119,13.82,0
49.67,2,380,23.57,3,33.26,1,0,11,0,1,1,1,0.495,24.18,0
50.8,20,1863,34.71,2,28.0,0,0,105,0,1,1,0,0.241,27.37,0
4.48,23,561,10.26,2,17.22,0,0,37,0,1,1,1,0.076,7.64,0
26.36,6,227,18.45,1,14.96,0,0,4,0,0,1,1,0.23,8.99,0
7.51,11,347,9.32,0,19.48,0,0,12,1,1,1,1,0.235,0.0,0
73.83,3,3408,5.54,1,9.14,0,0,279,0,1,1,1,0.137,0.0,0
65.64,23,366,2.7,3,10.05,0,0,35,0,1,0,0,0.212,23.97,0
12.21,10,1665,10.95,3,26.22,0,0,163,0,1,1,1,0.218,15.92,0
13.93,13,8,39.87,1,26.26,0,1,0,0,1,1,0,0.464,7.44,0
18.89,17,638,33.11,1,24.64,0,0,47,0,1,1,0,0.177,0.0,0
3.15,6,493,37.82,4,8.31,0,0,37,0,1,1,0,0.469,30.35,0
41.93,4,578,50.9,0,8.24,1,1,23,0,1,1,1,0.275,17.21,0
22.81,15,423,2.71,4,16.62,0,0,21,0,0,1,1,0.289,34.25,0
79.06,10,23,2.38,0,130.99,1,0,0,0,1,0,1,0.439,28.37,0
9.99,21,81,8.37,0,12.4,1,0,4,0,1,1,1,0.087,3.87,0
16.13,2,1277,17.53,1,46.84,0,0,25,0,1,1,1,0.237,4.11,0
6.64,15,133,8.69,0,18.44,0,0,11,0,1,0,1,0.401,0.0,0
10.98,10,2476,33.43,1,10.22,0,0,236,0,1,1,1,0.027,0.0,0
9.19,9,569,18.96,1,26.44,2,0,16,1,1,1,1,0.084,38.45,0
81.12,22,294,15.08,1,14.67,1,1,16,0,0,1,0,0.332,0.65,0
14.91,22,1263,1.11,2,30.48,0,1,67,0,1,0,1,0.227,9.92,0
33.93,1,792,2.89,0,29.47,1,0,62,0,1,1,0,0.028,17.3,0
20.48,15,280,8.38,3,5.66,0,0,16,0,1,1,0,0.316,29.8,0
8.42,16,36,56.18,3,40.74,1,0,1,0,1,1,1,0.046,32.77,0
25.32,9,1014,6.11,3,12.48,0,0,28,0,1,1,1,0.052,21.41,0
54.55,17,724,14.91,2,31.53,1,1,29,0,1,1,1,0.2,27.62,0
8.96,11,782,67.52,5,28.85,0,0,51,0,1,1,1,0.303,32.32,0
67.3,7,683,4.6,3,74.23,0,1,13,1,1,1,0,0.209,28.83,0
12.81,2,161,2.73,2,26.06,0,0,7,0,1,1,1,0.096,13.6,0
18.49,19,979,11.86,4,32.88,0,0,28,0,1,0,1,0.14,22.98,0
50.94,23,1,12.04,0,9.57,0,0,0,0,1,1,1,0.057,0.0,0
15.43,2,135,38.24,4,73.59,0,1,7,0,1,1,0,0.065,32.67,0
31.11,5,24,0.4,2,38.49,0,0,1,0,1,1,1,0.282,17.71,0
21.87,1,59,7.85,3,16.7,0,0,3,0,1,1,1,0.299,26.78,0
34.1,2,380,5.62,0,65.44,2,0,12,0,1,1,1,0.294,8.24,0
2.77,16,19,12.7,1,46.61,0,0,0,0,1,1,1,0.077,5.07,0
4.81,8,100,0.14,0,21.33,2,0,1,0,1,1,0,0.378,26.02,0
55.48,3,132,18.62,1,6.0,0,0,6,0,1,1,0,0.212,10.74,0
84.54,21,533,9.95,3,29.64,0,1,9,0,1,1,1,0.381,20.6,0
12.06,22,316,18.09,0,21.78,1,0,6,0,1,0,1,0.273,26.28,0
23.48,1,307,8.91,3,115.19,0,0,13,0,1,1,0,0.1,16.48,0
40.23,23,731,9.64,0,37.41,1,0,69,0,1,1,1,0.579,17.52,0
59.93,8,305,33.89,0,10.78,0,0,23,1,1,1,0,0.016,0.0,0
3.94,13,214,3.55,0,56.33,1,0,16,0,1,1,0,0.27,6.93,0
12.35,10,1641,3.68,1,12.61,0,0,50,0,1,1,0,0.095,0.75,0
21.49,1,4,12.3,0,25.14,0,0,0,0,1,1,0,0.016,0.0,0
60.53,20,182,16.19,1,25.4,0,0,6,0,1,1,0,0.271,0.0,0
364.46,1,470,6.57,1,13.78,0,0,28,0,1,1,0,0.074,0.0,0
23.86,4,763,10.99,1,6.02,0,0,64,0,1,1,1,0.122,14.04,0
7.34,6,848,3.88,0,43.11,1,1,44,0,1,1,1,0.206,28.68,0
44.8,21,24,2.19,0,31.31,0,0,0,0,1,1,1,0.048,0.0,0
112.28,3,617,4.08,4,18.34,0,0,26,1,1,1,0,0.301,40.61,0
33.38,13,637,37.22,0,10.58,0,0,36,0,1,1,0,0.226,5.37,0
12.1,1,120,24.28,2,68.78,0,0,10,1,1,0,1,0.066,12.76,0
78.1,22,60,2.27,0,13.94,2,1,4,0,1,1,0,0.23,22.21,0
58.18,11,693,0.72,3,13.34,0,0,66,0,1,1,0,0.401,25.68,0
10.74,9,144,1.47,3,15.37,0,1,14,0,1,1,0,0.297,26.53,0
43.88,0,1,5.21,0,31.73,0,0,0,0,1,1,0,0.106,0.0,0
81.23,18,127,25.02,1,22.54,1,0,9,0,1,0,1,0.209,26.15,0
97.7,22,16,5.82,1,158.42,0,0,1,0,1,1,1,0.124,9.34,0
28.04,15,143,3.08,1,67.25,1,0,9,1,1,0,1,0.198,19.08,0
20.95,14,204,7.56,0,7.25,0,0,17,0,1,0,1,0.083,0.0,0
102.23,13,158,1.99,1,29.96,1,0,6,0,1,1,0,0.536,25.64,1
8.93,8,1262,9.53,1,63.31,0,0,101,0,1,1,1,0.134,4.35,0
46.46,20,132,16.88,2,31.79,0,0,4,0,1,1,1,0.134,13.18,0
7.61,22,315,6.9,2,10.51,0,0,19,0,1,1,0,0.075,14.45,0
86.95,14,1578,2.86,1,47.16,1,0,41,0,1,1,1,0.127,13.73,0
23.15,6,1057,9.06,2,25.58,0,1,77,0,1,1,1,0.176,1.46,0
106.55,3,185,21.56,2,18.88,0,0,16,0,1,1,0,0.468,18.43,0
48.98,20,198,1.2,1,29.16,0,1,15,0,1,1,0,0.467,10.83,1
8.82,17,450,1.1,2,29.11,1,0,43,0,1,1,0,0.355,43.3,0
124.54,7,1250,5.74,0,11.79,0,0,123,0,1,1,0,0.304,0.0,0
141.35,11,5,8.04,0,7.64,0,0,0,1,1,1,0,0.171,0.0,0
72.41,14,250,3.66,2,155.97,1,0,7,0,1,1,0,0.085,28.86,0
13.99,14,948,0.41,2,15.73,0,0,72,0,1,1,0,0.237,9.09,0
22.06,16,264,3.72,0,22.68,0,0,13,0,1,1,1,0.17,0.0,0
34.65,1,637,8.57,2,35.04,0,0,30,0,1,1,0,0.11,16.49,0
14.82,11,589,1.24,1,39.25,2,0,18,0,1,1,1,0.447,14.79,0
162.77,2,115,18.88,2,20.8,0,1,2,0,1,1,1,0.039,18.04,0
34.62,6,299,12.05,0,28.22,0,1,24,0,1,1,0,0.372,1.94,0
2.01,5,418,8.55,0,40.67,0,0,23,0,1,1,1,0.103,0.0,0
42.07,13,628,10.97,1,17.25,1,0,31,0,1,1,1,0.138,17.7,0
21.15,22,864,16.0,0,13.23,0,0,40,0,1,1,0,0.239,13.44,0
27.8,4,713,78.88,1,16.37,0,0,41,0,1,1,1,0.363,6.43,0
20.73,3,14,22.38,0,140.21,1,1,1,0,1,1,1,0.265,9.34,0
67.16,14,555,11.66,0,42.37,0,0,29,0,1,1,1,0.16,8.67,0
91.81,6,344,22.08,3,13.98,0,0,8,0,1,1,1,0.196,43.94,0
39.77,2,426,9.67,0,32.54,0,0,16,0,1,1,1,0.251,0.0,0
21.34,12,233,5.59,5,26.46,0,1,6,0,1,1,0,0.401,30.58,0
28.75,9,626,4.56,0,51.49,0,0,20,0,1,1,1,0.191,4.1,0
30.56,22,560,7.65,2,127.21,0,0,50,0,1,1,1,0.209,14.27,0
13.43,1,433,0.03,1,18.39,0,0,13,0,1,1,1,0.226,6.7,0
53.46,11,989,2.92,0,18.32,0,0,76,0,1,1,1,0.065,0.0,0
47.47,23,54,2.03,0,27.55,0,0,2,0,1,1,1,0.139,0.0,0
139.83,21,179,48.41,1,19.12,1,1,16,0,0,1,1,0.408,17.4,0
105.15,11,342,1.01,0,15.14,0,0,23,0,1,1,0,0.089,0.0,0
15.09,18,1592,10.43,1,67.12,0,0,116,0,1,1,1,0.29,6.93,0
68.05,18,37,37.83,3,11.37,0,1,2,0,1,1,1,0.049,14.8,0
11.58,20,206,14.03,0,19.85,0,0,19,0,1,1,1,0.204,0.0,0
60.1,2,1301,10.26,2,108.88,1,1,38,1,1,0,0,0.251,23.72,0
17.87,5,1141,20.38,0,10.88,1,0,46,0,1,1,0,0.362,5.28,0
10.77,1,1002,6.54,3,19.26,1,0,92,0,1,1,1,0.445,40.42,1
39.65,23,184,3.23,2,29.27,0,2,18,0,1,1,0,0.383,22.82,0
2.07,12,938,28.19,3,17.97,0,0,75,0,1,1,1,0.195,31.16,0
5.2,8,352,0.87,1,20.84,0,0,12,0,1,1,0,0.365,0.0,0
25.09,12,484,24.74,1,4.87,0,1,44,1,0,1,0,0.047,18.54,0
32.54,22,136,1.64,1,34.17,0,0,4,0,1,1,0,0.115,12.61,0
20.71,13,613,14.74,2,47.14,0,0,54,1,1,1,0,0.162,17.29,0
6.18,18,199,9.72,3,16.64,0,0,9,0,1,1,0,0.283,29.88,0
13.22,10,211,97.95,1,41.48,1,0,4,0,1,1,1,0.165,15.45,0
44.31,13,506,7.36,0,21.02,1,0,34,0,1,0,0,0.104,12.21,0
53.61,15,137,47.3,0,91.37,1,0,6,0,1,1,0,0.27,0.0,0
29.48,9,127,7.76,0,4.31,0,0,2,1,1,1,0,0.272,0.0,0
95.28,19,230,17.17,3,22.5,0,0,6,1,1,1,1,0.346,28.23,0
44.58,15,753,15.48,2,87.59,0,1,41,0,1,1,0,0.092,18.72,0
14.19,1,127,1.36,1,43.33,0,0,9,0,1,1,1,0.389,9.61,0
22.64,15,774,20.4,3,12.11,0,0,15,0,1,1,1,0.543,19.76,0
7.37,13,595,3.51,0,13.35,0,0,35,0,1,1,0,0.172,0.0,0
26.89,20,568,7.38,3,12.91,1,0,11,0,1,1,0,0.515,27.53,0
91.11,17,322,22.86,2,60.96,0,0,29,0,1,1,0,0.132,26.38,0
59.46,5,685,43.32,3,117.78,0,1,51,0,1,1,0,0.341,5.27,0
121.75,6,7,12.31,0,17.31,1,0,0,0,1,1,1,0.128,2.08,0
22.13,12,182,10.99,1,65.23,0,0,10,1,1,1,0,0.041,2.16,0
115.13,1,568,10.55,0,44.43,0,0,44,0,1,1,1,0.158,0.0,0
24.7,14,2183,25.44,1,29.54,1,0,88,0,1,1,1,0.173,11.17,0
130.53,16,1,74.68,2,16.03,0,0,0,0,1,0,1,0.147,14.3,0
29.32,12,357,15.06,1,21.84,0,0,26,0,1,1,0,0.319,4.14,0
60.78,6,1287,7.14,1,52.93,0,0,104,0,1,1,1,0.185,1.13,0
130.99,0,996,3.7,0,15.83,1,1,49,0,0,1,1,0.221,0.0,0
24.69,2,12,3.33,3,52.85,0,0,0,0,1,1,0,0.045,33.06,0
37.28,19,377,29.08,2,16.41,0,0,35,0,1,1,0,0.267,30.27,0
108.73,17,2,73.1,2,18.58,1,0,0,0,1,1,1,0.131,28.31,0
26.23,6,779,17.96,1,28.54,0,1,44,0,1,1,0,0.139,1.43,0
8.0,20,185,46.8,1,8.86,1,0,14,0,1,1,1,0.046,27.55,0
255.44,16,725,6.46,3,21.03,0,0,66,0,1,1,0,0.146,16.99,0
18.73,11,1448,14.82,0,55.7,0,0,61,0,1,1,1,0.369,0.0,0
35.12,15,1867,10.75,1,13.76,0,0,157,0,1,1,1,0.311,2.58,0
95.2,23,1123,9.87,1,52.33,0,1,106,0,1,1,1,0.174,0.0,0
16.31,9,114,15.01,1,14.02,1,0,11,0,1,1,1,0.274,20.12,0
10.94,22,108,5.57,4,95.07,1,0,7,0,1,0,0,0.196,38.68,0
38.62,15,491,15.35,3,515.24,0,0,39,1,1,1,1,0.066,28.46,0
4.99,19,393,16.76,1,8.06,0,0,34,0,1,1,0,0.384,11.39,0
22.47,17,5,27.13,3,12.02,0,0,0,0,1,1,0,0.087,27.45,0
38.28,14,249,19.67,1,51.93,1,0,8,0,1,1,0,0.09,24.12,1
22.88,22,1186,5.78,0,28.33,1,0,19,0,1,1,1,0.117,17.7,0
6.4,10,1143,8.99,2,14.19,0,0,73,0,1,1,1,0.161,11.5,0
147.55,17,114,1.92,2,14.69,0,0,7,0,1,1,1,0.161,29.82,0
33.23,5,241,4.46,3,20.25,0,0,8,0,1,1,1,0.189,7.86,0
125.36,0,411,11.04,0,20.35,0,0,13,0,1,1,0,0.065,0.18,0
23.1,22,958,1.59,0,18.92,0,0,58,0,1,1,1,0.187,0.0,0
12.43,6,380,12.68,1,14.93,0,0,34,1,1,0,0,0.263,7.72,0
39.22,11,1724,7.42,2,5.86,0,0,55,0,1,1,1,0.219,16.69,0
24.15,19,802,0.53,1,26.69,0,0,71,0,1,1,1,0.144,9.09,0
9.23,3,1530,8.55,0,43.85,0,0,135,0,1,1,1,0.241,7.12,0
130.29,9,657,4.95,2,29.26,0,1,24,0,1,1,1,0.279,20.53,0
16.08,20,1050,1.04,1,53.62,0,0,87,0,1,1,1,0.25,0.0,0
4.76,1,889,5.21,1,33.2,0,0,85,0,1,1,0,0.121,14.83,0
113.09,8,146,5.22,2,22.15,0,0,4,0,1,1,1,0.515,16.81,0
18.1,9,130,6.58,4,28.02,0,0,8,0,1,1,1,0.078,21.23,0
16.32,19,999,6.85,0,21.11,0,0,83,0,1,1,0,0.417,0.0,0
5.13,10,44,8.43,2,14.81,0,0,1,0,1,1,1,0.119,19.15,0
170.88,13,263,1.45,0,5.76,0,1,6,0,1,1,0,0.106,2.18,0
8.25,2,859,0.08,0,39.66,0,0,23,0,1,1,1,0.035,12.71,0
31.77,0,839,19.98,2,18.42,1,0,37,0,1,1,1,0.345,36.2,1
74.64,6,75,6.17,4,7.21,0,0,1,0,1,1,0,0.093,25.42,0
45.68,3,334,14.26,2,34.79,1,1,6,1,1,1,0,0.31,32.55,1
28.23,6,327,5.5,2,3.5,0,1,32,0,1,1,0,0.233,32.81,0
5.46,15,196,62.2,2,25.86,0,0,5,0,1,1,1,0.12,29.59,0
13.33,9,1246,5.68,2,49.51,1,0,37,0,1,1,0,0.034,27.49,0
36.15,14,529,13.93,2,50.94,0,0,34,0,1,1,1,0.335,13.47,0
13.64,15,1961,3.73,1,6.67,0,0,165,0,1,1,0,0.193,0.0,0
36.72,5,35,10.94,1,21.52,0,0,1,0,1,1,1,0.226,6.4,0
59.25,3,251,12.99,1,26.75,0,0,5,0,1,1,0,0.16,14.23,0
78.45,3,901,3.03,3,21.3,0,0,31,0,1,0,0,0.227,42.91,0
8.79,23,275,1.98,2,105.18,0,1,16,1,1,1,1,0.365,13.47,0
269.52,22,152,54.52,1,89.1,0,0,15,0,0,1,0,0.093,2.55,0
64.55,3,3061,33.56,2,25.09,1,0,208,0,1,1,1,0.073,14.12,0
29.91,21,1032,16.19,3,65.16,0,1,36,0,1,0,0,0.13,9.1,0
89.08,21,395,29.61,3,16.09,0,0,6,0,1,1,1,0.234,26.82,0
319.07,16,412,1.51,2,36.92,0,1,12,0,1,1,0,0.187,18.5,1
7.11,12,3,19.61,3,20.99,0,0,0,0,1,1,0,0.217,19.23,0
23.92,1,1982,5.04,2,92.86,0,0,85,0,1,1,1,0.153,8.2,0
2.78,19,821,11.63,1,54.54,0,0,51,0,1,1,1,0.165,0.0,0
36.33,5,19,21.71,0,40.67,0,1,1,0,1,1,1,0.075,0.0,0
43.18,21,97,0.51,0,51.79,0,0,2,0,1,1,1,0.073,0.0,0
28.81,0,860,17.8,0,10.43,0,0,43,0,1,1,0,0.081,9.67,0
15.57,7,45,8.56,5,15.72,1,0,2,0,1,1,1,0.453,58.3,1
3.86,17,1422,8.69,3,19.7,1,0,126,0,0,1,1,0.084,34.34,0
43.53,20,3650,35.67,2,64.62,0,0,304,0,1,1,0,0.151,8.81,0
128.44,3,1088,29.46,1,24.26,0,0,79,0,1,1,0,0.327,7.87,0
16.59,4,671,0.89,1,23.02,0,0,54,1,1,1,1,0.19,0.0,0
46.53,4,334,14.45,0,16.28,1,0,32,0,1,0,0,0.155,2.34,0
6.25,14,43,8.59,1,23.05,0,0,3,0,1,1,1,0.24,0.0,0
47.33,9,655,1.88,2,8.58,1,0,22,0,1,1,1,0.116,21.56,0
20.22,7,253,28.56,1,59.88,0,0,11,0,1,1,0,0.028,3.92,0
13.98,6,422,1.11,0,36.65,0,0,19,1,1,1,1,0.033,0.0,0
14.01,11,174,0.49,1,28.34,0,0,9,0,1,1,1,0.178,10.32,0
20.21,10,139,3.3,2,19.9,0,0,9,0,1,1,0,0.342,7.63,0
43.92,12,196,5.42,2,14.49,0,0,10,0,1,1,1,0.33,16.35,0
8.07,14,841,0.94,4,37.55,0,0,46,0,1,1,1,0.191,38.64,0
20.14,16,278,15.38,2,11.15,0,1,18,0,1,1,1,0.271,14.96,0
28.75,21,187,8.62,1,14.71,0,0,15,0,1,0,0,0.236,13.29,0
9.98,21,284,7.97,1,31.45,0,1,15,0,1,1,1,0.382,14.33,0
180.67,17,16,2.36,0,19.68,0,0,1,0,1,1,1,0.165,12.13,0
12.76,7,1106,8.64,0,3.04,0,1,61,0,1,1,1,0.328,0.0,0
15.34,5,401,7.42,2,38.03,0,1,40,0,1,1,1,0.418,12.01,0
11.26,10,55,7.26,1,21.99,0,0,5,0,1,1,0,0.421,9.4,0
181.0,8,170,3.7,1,9.01,0,1,10,0,1,1,1,0.319,7.96,0
52.09,4,2054,1.49,2,21.84,0,0,173,0,1,1,1,0.068,16.15,0
11.74,6,450,4.53,0,49.39,2,0,39,1,1,1,1,0.075,18.12,0
90.58,21,172,16.51,2,50.76,0,0,3,0,1,1,1,0.051,17.95,0
36.62,14,278,1.14,0,27.46,0,0,25,0,1,1,1,0.117,14.02,0
38.75,20,150,7.23,1,23.93,0,0,13,0,1,1,0,0.251,18.36,0
21.23,21,16,10.83,0,28.56,0,0,1,0,1,1,1,0.141,0.0,0
14.16,3,923,49.51,2,31.37,0,1,59,0,1,1,1,0.088,22.8,0
42.0,18,173,27.85,1,43.57,0,0,6,0,1,1,1,0.13,2.69,0
17.37,12,911,37.26,0,45.34,0,0,53,0,1,1,1,0.076,0.0,0
184.34,0,326,25.72,0,69.33,0,0,27,0,1,1,0,0.227,0.0,0
8.42,0,101,13.34,3,121.18,0,0,5,0,1,0,0,0.513,24.17,0
139.23,21,809,29.58,2,231.12,0,1,80,0,1,1,1,0.068,16.78,0
26.81,13,237,12.49,1,26.06,1,0,8,0,1,1,1,0.136,16.59,0
40.41,8,615,6.64,0,18.73,0,1,56,0,1,1,0,0.122,5.37,0
68.93,23,908,6.99,1,32.89,0,1,39,0,1,1,0,0.273,12.57,0
15.95,11,1648,12.5,0,29.89,0,0,142,0,1,1,0,0.046,9.58,0
71.11,17,45,24.87,1,26.98,0,0,2,0,1,0,1,0.144,0.0,1
2.0,8,4,2.15,1,20.81,0,0,0,0,1,1,0,0.255,7.7,0
14.59,7,398,0.6,0,62.11,0,0,26,0,1,1,1,0.178,0.0,0
11.89,13,153,23.38,2,73.02,1,0,14,0,1,1,1,0.298,24.59,0
8.55,8,317,15.64,0,45.11,0,0,17,0,1,1,0,0.145,0.0,0
24.17,19,38,25.83,0,39.37,0,0,3,0,1,1,0,0.367,0.0,0
44.07,1,348,56.37,2,21.59,0,0,9,0,1,1,0,0.151,18.49,0
60.5,0,67,4.34,3,48.45,0,1,5,0,1,1,1,0.276,28.11,0
38.13,12,912,3.24,2,36.85,0,1,31,0,1,1,1,0.063,13.05,0
15.4,9,712,6.25,1,51.19,0,0,25,0,1,1,0,0.414,0.0,0
43.34,7,38,31.55,1,31.4,0,0,0,1,0,1,1,0.309,14.13,0
33.93,6,905,0.21,1,23.09,1,0,70,0,1,1,0,0.211,15.33,0
76.41,23,196,0.16,1,31.65,0,0,13,0,1,1,0,0.103,5.13,0
65.17,11,218,3.67,2,85.49,0,0,9,0,1,1,1,0.067,12.74,0
30.89,16,99,7.07,0,13.1,0,0,9,1,1,1,0,0.355,8.15,0
12.22,11,902,5.4,0,35.2,2,0,19,0,1,1,0,0.05,16.8,0
15.6,15,259,26.14,3,17.35,1,0,20,1,1,1,1,0.108,21.95,0
17.29,9,25,17.55,1,26.03,0,0,0,0,1,1,0,0.138,8.47,0
21.86,11,1694,27.29,3,8.97,1,0,37,0,1,1,1,0.105,43.87,0
39.18,10,148,7.26,0,159.28,0,1,10,0,1,0,0,0.063,0.0,0
61.26,13,1376,13.59,0,23.68,0,1,60,0,1,1,1,0.141,1.0,0
28.47,21,179,10.87,2,14.34,0,0,9,0,1,1,1,0.203,17.42,0
30.45,19,890,9.66,2,100.01,0,0,49,0,1,1,0,0.046,5.66,0
34.58,12,546,5.1,1,19.27,0,1,10,0,1,1,1,0.355,0.0,0
17.89,1,988,18.53,1,30.35,0,0,60,0,1,1,0,0.269,15.2,0
11.88,19,1867,11.14,1,17.41,0,1,37,0,1,1,0,0.198,15.55,0
5.18,6,1026,1.23,1,6.52,0,0,32,0,1,0,1,0.105,5.6,0
14.95,0,258,0.01,2,29.42,0,0,19,0,1,1,1,0.068,16.28,0
48.09,2,842,0.31,1,37.71,1,1,64,0,1,1,1,0.148,16.01,0
14.84,19,622,1.18,0,97.62,0,0,10,0,1,1,0,0.024,12.26,0
23.62,11,32,6.95,2,44.85,0,0,2,0,1,1,1,0.293,9.76,0
47.77,4,1328,5.47,1,27.73,0,0,23,0,1,1,0,0.296,4.45,0
50.44,11,314,2.56,1,17.76,1,0,30,0,1,1,1,0.207,20.42,0
10.18,2,72,10.87,2,42.66,0,1,4,0,1,1,0,0.313,3.2,0
81.21,19,277,52.69,1,96.53,0,0,13,0,1,1,0,0.077,18.38,0
92.51,4,462,2.63,4,11.32,0,0,31,0,1,1,0,0.055,36.97,0
9.68,0,425,4.33,2,4.84,0,0,12,0,1,1,1,0.243,18.38,0
13.15,15,428,9.3,2,94.22,0,0,24,0,1,1,1,0.248,4.86,0
98.6,8,148,15.36,2,11.63,0,1,10,0,1,1,0,0.089,8.79,0
25.87,9,501,13.75,1,7.26,0,0,35,0,1,1,1,0.132,2.33,0
3.26,9,1190,11.05,2,25.92,1,0,109,0,1,1,0,0.486,23.82,0
7.39,12,246,20.05,2,14.79,0,1,9,0,1,1,1,0.149,16.53,0
23.35,15,498,28.06,2,6.85,0,0,11,0,1,0,1,0.158,14.15,0
9.36,19,140,103.13,1,31.3,0,1,6,0,1,1,0,0.053,3.58,0
19.82,3,25,9.4,0,28.04,0,1,0,0,1,1,1,0.172,6.65,0
30.95,13,441,79.35,1,42.14,0,0,40,0,1,1,1,0.184,7.88,0
129.32,16,24,19.67,1,56.3,0,0,2,0,1,1,0,0.02,7.58,0
22.41,4,643,16.07,1,31.56,0,0,44,0,1,1,0,0.199,5.37,0
87.58,12,555,15.31,4,52.25,0,0,45,0,1,1,1,0.102,36.25,0
125.06,2,230,36.24,2,8.99,0,0,17,0,1,1,0,0.535,8.0,0
125.75,4,265,44.33,1,5.02,1,0,16,0,1,1,1,0.348,28.02,1
39.84,15,1249,2.95,0,13.92,0,0,107,0,1,1,1,0.057,4.81,0
4.21,18,7,10.2,5,22.15,0,0,0,0,1,1,1,0.181,36.96,0
47.5,18,414,42.57,2,25.73,0,0,24,0,1,1,1,0.299,17.92,0
85.49,16,1284,7.22,2,35.29,0,0,108,0,1,1,1,0.273,11.69,0
27.63,17,1227,3.97,0,72.82,0,0,60,0,1,1,0,0.251,4.63,0
171.5,17,439,1.62,2,37.37,0,1,15,1,1,1,0,0.045,18.28,0
70.8,22,240,13.64,2,30.11,0,1,13,0,1,0,1,0.101,16.51,0
52.89,7,52,18.07,1,15.01,1,0,1,0,1,1,0,0.15,6.94,0
88.8,17,95,3.26,2,64.64,0,0,4,0,1,1,1,0.16,25.32,0
41.82,8,569,16.8,1,35.22,0,0,39,0,1,1,1,0.221,0.0,0
2.48,18,8,34.48,1,14.84,0,0,0,0,1,1,1,0.088,8.13,0
18.19,9,1075,4.19,3,9.73,0,0,82,0,1,1,0,0.241,20.1,0
99.2,1,443,1.95,1,59.25,0,0,40,0,1,1,1,0.105,19.63,0
13.36,16,23,27.07,2,40.64,0,0,1,0,1,1,1,0.512,21.23,0
23.96,23,137,37.23,5,69.16,0,0,13,0,1,1,0,0.275,34.36,0
10.54,12,451,3.63,2,12.48,0,0,33,0,1,1,1,0.087,0.0,0
178.38,10,18,19.17,2,3.92,0,0,1,1,1,1,1,0.114,0.0,0
161.01,15,757,13.41,2,33.07,0,0,31,0,1,1,0,0.203,9.32,0
12.38,19,1262,4.1,1,7.41,0,1,22,0,1,1,1,0.138,6.53,0
34.72,6,1625,26.03,2,47.24,0,0,83,0,1,1,0,0.111,20.49,0
15.17,2,661,9.54,0,27.18,0,0,61,0,1,1,0,0.186,18.41,0
55.42,15,972,18.08,4,92.43,1,0,81,0,1,0,0,0.204,35.08,0
49.88,18,472,5.38,2,28.25,0,1,46,0,1,1,0,0.11,29.64,0
67.47,19,307,25.37,3,9.35,0,1,25,0,1,1,1,0.229,21.49,0
41.76,15,624,4.6,1,42.2,0,0,48,0,1,1,1,0.188,5.65,0
564.2,1,127,6.81,2,29.2,1,0,3,0,1,1,1,0.037,21.2,1
10.72,13,58,7.45,2,22.98,0,0,5,0,1,1,0,0.073,14.42,0
5.42,19,717,3.47,1,34.5,0,0,29,0,1,1,1,0.118,1.29,0
20.22,9,1587,31.12,3,32.93,0,1,58,0,1,1,1,0.236,18.88,0
6.25,18,431,1.81,1,16.07,0,0,8,0,1,1,0,0.354,17.61,0
6.74,23,329,12.42,1,116.91,0,0,16,0,1,1,1,0.223,0.0,0
11.01,10,382,25.24,0,98.65,0,0,34,0,1,1,1,0.306,0.0,0
11.92,17,325,13.04,0,26.13,0,1,26,0,1,0,1,0.26,0.0,0
11.53,10,292,5.94,3,23.28,0,0,19,0,1,0,1,0.163,34.16,0
50.31,8,1469,22.8,3,9.6,0,0,115,0,1,1,1,0.395,18.47,0
18.06,18,327,10.37,0,44.66,0,0,6,0,1,1,1,0.133,1.12,0
25.04,19,42,2.67,4,9.65,3,0,1,0,1,1,0,0.11,64.96,1
73.28,9,725,5.72,0,22.8,0,0,40,0,1,1,1,0.119,4.68,0
13.92,2,248,13.45,0,46.45,0,0,17,0,1,1,1,0.095,0.0,0
23.0,2,620,16.13,0,254.49,0,0,39,1,1,1,1,0.365,0.0,0
43.2,23,433,11.92,2,27.41,0,0,12,0,1,0,1,0.039,16.87,0
4.3,7,624,4.76,1,59.61,1,0,53,0,1,1,0,0.226,27.96,0
2.76,5,32,13.51,0,11.09,0,0,0,0,1,1,0,0.286,4.14,0
42.36,19,17,6.06,3,16.8,0,0,0,0,1,1,0,0.431,33.89,0
49.01,0,238,3.82,2,17.4,0,0,22,0,1,1,0,0.042,9.99,0
236.09,19,591,43.65,0,24.99,0,0,56,0,1,1,1,0.164,7.48,0
35.1,23,127,5.67,2,8.5,1,0,3,0,1,1,1,0.117,26.77,0
68.02,5,284,6.13,1,19.38,0,0,10,0,1,1,0,0.165,18.52,0
24.64,1,1977,34.06,1,7.73,0,0,138,0,1,1,0,0.289,5.95,0
40.34,18,121,2.31,0,65.65,0,1,10,1,1,1,0,0.078,0.31,0
158.74,6,942,13.18,3,19.51,0,0,59,0,1,1,0,0.042,32.82,0
3.58,10,873,22.97,1,15.46,1,0,34,0,1,1,0,0.485,4.5,0
45.31,10,1110,4.8,1,12.02,0,0,44,0,1,1,0,0.111,0.0,0
253.56,3,1233,27.88,0,19.49,0,0,24,0,1,1,0,0.216,0.0,0
39.73,19,354,22.02,0,35.63,0,0,6,0,1,1,0,0.231,0.0,0
156.11,15,573,9.99,2,13.93,0,0,15,0,1,1,0,0.017,19.62,0
15.97,4,482,1.9,1,31.24,0,0,47,0,1,1,0,0.084,10.61,0
29.02,23,185,52.65,0,41.53,0,1,6,0,1,1,0,0.382,0.0,0
30.99,6,164,14.68,1,24.92,1,0,10,0,1,1,1,0.063,29.56,0
3.26,15,209,10.92,2,10.56,0,0,6,0,1,1,0,0.128,10.99,0
9.32,14,123,32.5,1,42.95,1,0,10,0,1,1,1,0.126,28.4,0
10.01,4,708,8.21,2,41.91,1,0,50,0,1,1,0,0.188,32.56,0
68.17,0,1670,12.44,1,64.75,0,0,131,0,1,1,0,0.311,4.4,0
71.68,19,1012,29.32,1,34.84,0,0,85,0,1,1,0,0.274,18.06,0
41.43,21,123,7.49,2,13.41,0,0,10,0,1,0,0,0.095,0.0,0
68.31,21,27,22.2,1,28.6,0,0,0,0,1,1,0,0.17,0.0,0
25.43,8,708,4.44,3,29.36,1,0,51,0,1,1,1,0.283,37.67,0
99.68,20,247,18.18,0,8.23,0,0,21,0,1,1,1,0.218,8.35,0
30.23,4,870,10.71,2,5.75,0,0,18,0,1,1,0,0.097,0.0,0
31.75,21,755,2.7,2,43.98,1,0,46,0,1,1,1,0.166,16.63,0
22.98,5,491,2.19,2,22.33,1,0,15,0,1,1,1,0.184,30.79,0
59.41,2,147,9.18,1,16.78,0,0,5,0,1,1,0,0.274,0.0,0
19.66,5,55,18.61,2,51.56,0,0,4,0,1,1,1,0.145,17.18,0
79.55,7,146,13.87,1,67.87,0,2,8,0,1,1,0,0.403,3.35,0
9.66,5,356,28.94,2,13.65,0,1,11,0,1,1,1,0.162,21.64,0
9.98,15,1943,7.41,1,123.09,0,0,153,1,1,1,1,0.141,13.66,0
59.59,15,33,27.83,1,9.53,0,0,3,0,1,1,1,0.183,6.2,0
27.43,20,112,0.57,0,34.84,0,1,8,0,1,1,1,0.033,0.0,0
19.03,2,493,6.83,3,20.81,0,1,46,0,1,0,1,0.245,18.82,0
72.97,16,181,1.14,1,74.75,1,0,7,0,1,1,0,0.235,23.38,0
16.33,20,978,37.74,0,32.31,0,0,51,0,0,1,1,0.3,6.06,0
24.53,5,75,9.67,1,17.34,0,0,1,0,1,0,1,0.321,13.49,0
121.42,5,1651,5.7,1,104.87,0,0,37,0,1,1,0,0.251,15.34,0
139.65,21,1217,10.17,2,19.49,0,0,61,0,1,1,1,0.225,20.33,0
144.37,18,1093,11.42,1,31.04,1,0,80,0,0,1,1,0.161,16.34,0
22.6,19,95,28.08,0,6.15,0,0,7,0,1,1,0,0.382,6.78,0
102.59,14,200,11.73,2,6.2,0,0,5,0,1,1,1,0.121,18.3,0
11.6,18,815,8.47,3,12.45,0,1,55,0,1,1,0,0.375,29.88,0
12.1,1,825,48.8,2,23.07,0,0,49,0,1,1,1,0.042,27.47,0
2.86,7,611,51.89,5,97.96,1,0,51,0,1,0,1,0.191,51.78,0
159.63,6,297,0.59,2,25.43,0,0,22,0,1,1,1,0.099,22.62,0
12.63,7,187,18.41,1,59.54,0,0,10,0,1,1,0,0.076,10.05,0
26.4,12,1648,6.97,2,17.52,1,1,61,0,1,1,1,0.071,24.15,0
12.06,21,75,16.87,0,97.64,0,0,6,0,1,1,1,0.173,0.0,0
60.05,14,22,15.2,0,44.19,0,1,0,0,1,1,0,0.505,9.24,0
20.58,11,5,6.01,0,26.2,0,0,0,0,0,1,0,0.351,11.1,0
8.13,14,746,64.75,2,58.15,0,1,54,0,1,1,0,0.24,14.16,0
46.6,13,29,6.63,1,25.34,0,0,1,0,1,1,0,0.327,3.66,0
7.14,6,387,14.99,3,28.92,0,1,9,0,1,1,1,0.362,11.99,0
12.97,16,229,25.18,2,42.95,0,0,13,0,1,1,1,0.088,9.33,0
3.64,4,79,2.36,0,39.8,0,1,2,0,1,1,1,0.114,0.0,0
7.21,19,675,5.36,0,8.88,0,0,17,0,1,1,0,0.06,11.95,0
35.82,9,28,3.33,1,27.69,1,0,1,0,1,1,1,0.355,13.85,0
4.2,18,192,22.84,1,57.55,0,0,5,0,1,0,1,0.177,0.0,0
6.81,17,413,24.23,1,30.88,0,0,41,0,1,1,0,0.087,23.2,0
29.89,23,257,4.43,2,33.6,0,0,24,0,1,1,1,0.124,5.88,0
17.4,9,150,0.06,1,53.87,0,1,11,0,0,1,0,0.16,14.86,0
219.65,1,1302,8.26,0,45.01,0,0,112,0,1,1,1,0.191,0.0,0
187.52,5,1337,17.43,0,12.35,0,0,122,1,1,1,0,0.133,7.73,0
12.58,2,269,14.61,0,9.15,0,0,16,0,1,1,0,0.041,3.3,0
52.31,18,250,8.85,0,90.39,1,0,21,0,1,1,0,0.032,1.05,0
63.39,4,184,5.39,2,20.38,0,0,16,0,1,1,0,0.379,14.65,0
16.49,6,968,9.65,0,17.76,0,0,20,0,1,1,0,0.114,6.29,0
6.72,6,420,0.23,0,24.83,0,1,35,0,1,1,0,0.042,14.71,0
29.6,9,47,1.15,1,80.41,0,0,1,0,1,1,1,0.077,0.22,0
25.21,0,960,2.66,0,26.08,0,0,91,0,1,1,0,0.064,0.0,0
19.38,10,383,14.73,0,25.21,1,0,27,0,1,1,1,0.13,16.67,0
46.63,22,269,3.7,0,17.15,0,3,26,0,1,0,0,0.041,0.0,0
14.14,6,206,8.26,1,11.78,0,0,10,0,1,1,0,0.153,22.27,0
9.47,5,52,14.57,0,6.21,2,0,4,0,1,1,1,0.279,18.37,0
33.42,5,1570,26.63,6,27.87,0,1,151,0,1,1,0,0.066,53.23,0
44.08,12,676,11.97,4,11.62,0,0,27,1,1,1,1,0.252,39.89,0
9.24,15,71,2.92,1,18.96,1,0,6,0,1,1,0,0.282,16.46,0
75.8,12,358,45.47,3,18.4,0,2,17,0,1,1,0,0.242,23.96,0
5.1,1,405,1.41,0,39.0,0,0,20,0,1,1,0,0.005,8.97,0
16.81,18,92,6.86,0,2.8,0,0,8,0,1,1,1,0.223,4.56,0
23.15,18,279,38.14,2,97.74,1,0,17,0,1,0,1,0.244,37.75,0
15.86,18,519,13.83,0,33.27,1,0,26,0,1,1,1,0.399,6.18,0
17.03,17,167,16.3,2,38.7,1,1,4,0,1,1,0,0.181,25.45,0
194.62,5,201,5.39,2,11.71,0,1,10,0,1,1,0,0.058,15.07,0
12.8,1,65,1.23,1,23.16,0,0,5,0,1,1,1,0.218,1.93,0
344.2,18,267,6.83,2,37.24,0,0,19,0,1,1,1,0.025,21.38,0
46.39,5,438,7.72,1,46.65,0,0,35,0,1,1,1,0.031,4.24,0
32.85,19,62,4.73,0,45.49,0,0,4,0,1,1,1,0.095,2.19,0
48.24,22,477,3.64,2,33.86,1,0,22,0,1,1,0,0.25,30.93,0
376.13,21,254,6.59,2,19.36,0,0,21,0,1,1,0,0.142,23.7,1
11.09,14,567,15.3,3,9.07,0,0,11,0,1,1,1,0.203,17.8,0
9.77,5,189,44.65,1,22.24,1,1,3,0,1,1,0,0.136,26.72,0
14.09,2,420,18.25,1,123.61,1,0,40,0,1,0,0,0.077,21.02,0
30.94,10,474,22.68,1,9.12,0,0,42,0,1,1,1,0.163,7.19,0
5.33,7,586,5.48,2,7.61,1,0,29,0,1,1,1,0.122,37.93,0
30.64,21,707,1.66,3,132.02,0,0,61,0,1,1,0,0.293,18.68,0
162.97,17,73,5.17,1,28.25,0,0,5,0,1,1,0,0.22,4.01,0
34.86,16,1680,7.73,3,7.74,2,1,51,0,1,0,1,0.297,43.66,0
22.36,18,928,17.56,0,28.52,0,0,50,0,1,1,1,0.156,3.04,0
16.15,18,413,42.04,3,21.36,0,0,9,0,1,1,0,0.249,15.05,0
73.59,23,1105,24.86,3,97.67,0,0,49,0,1,1,0,0.292,30.89,0
13.12,20,241,4.65,3,86.28,0,0,8,0,1,1,1,0.222,28.94,0
189.88,16,17,25.75,2,36.84,0,0,1,0,1,1,0,0.178,21.82,0
207.13,3,649,7.96,3,45.89,1,0,50,0,1,1,0,0.349,51.62,1
38.74,6,1435,2.89,3,23.52,0,0,31,0,1,1,1,0.077,14.35,0
29.62,4,88,9.28,0,123.11,0,0,5,0,1,1,1,0.159,1.19,0
83.99,15,516,12.42,0,29.22,0,0,39,0,1,1,1,0.075,7.03,0
89.55,5,839,21.62,2,15.54,0,0,57,0,1,1,1,0.231,0.0,0
13.38,13,1177,6.46,1,77.15,0,0,24,0,0,1,1,0.124,7.16,0
17.7,19,162,2.38,0,33.79,0,0,5,0,1,1,0,0.182,3.9,0
7.99,1,69,1.49,0,23.91,1,0,3,0,1,1,1,0.082,2.67,0
45.11,17,142,1.79,1,15.66,1,0,3,0,0,0,1,0.166,26.71,0
58.36,17,431,44.94,1,20.86,0,0,12,0,1,1,1,0.175,0.0,0
7.77,12,1255,45.47,3,77.57,0,1,61,0,1,1,0,0.224,31.76,0
19.01,17,437,51.99,2,26.74,0,1,25,0,1,1,0,0.157,17.79,0
7.79,16,1261,5.4,2,26.0,0,0,28,0,1,1,1,0.101,35.69,0
12.2,12,735,3.19,1,6.32,0,0,56,0,1,1,0,0.145,0.0,0
51.99,11,456,59.38,1,23.28,0,0,28,1,1,1,0,0.14,0.0,0
14.39,2,11,66.68,2,25.93,0,0,1,0,1,1,1,0.095,30.48,0
22.18,21,203,1.22,0,35.11,0,0,8,0,1,1,1,0.203,0.0,0
5.89,6,30,20.95,4,19.78,1,0,1,1,1,1,1,0.062,33.22,0
36.13,0,194,5.11,1,38.09,1,0,8,0,1,1,1,0.321,23.55,0
28.67,4,32,36.0,3,46.92,0,0,1,0,1,1,1,0.446,35.03,0
14.46,20,92,1.4,0,15.71,0,0,3,0,1,1,0,0.151,4.55,0
24.8,0,264,32.92,2,114.61,0,0,11,0,1,0,1,0.376,25.54,0
35.88,3,362,0.04,2,12.98,0,1,31,0,1,1,0,0.201,0.24,0
13.27,0,122,11.07,0,6.77,0,0,3,0,1,1,1,0.3,0.0,0
6.85,12,659,6.13,3,43.01,0,0,38,1,1,1,1,0.289,37.54,0
182.29,13,446,8.36,2,30.11,0,0,35,0,0,1,0,0.301,16.99,0
15.91,14,588,8.53,3,43.16,1,1,56,0,1,1,0,0.269,33.34,0
27.2,16,660,15.9,4,18.93,0,0,59,0,1,1,1,0.439,25.24,0
82.34,11,649,0.35,0,72.27,0,1,22,0,1,1,1,0.127,18.11,0
1021.53,6,1376,17.63,3,51.43,1,0,75,0,1,1,1,0.128,31.12,1
8.63,22,135,0.34,2,328.58,0,1,8,0,1,1,1,0.217,23.47,0
46.98,18,157,3.07,0,19.67,0,0,6,1,1,0,0,0.122,0.0,0
14.77,22,49,14.0,1,21.29,0,0,2,0,1,1,1,0.233,0.0,0
17.48,2,449,1.36,0,14.91,0,0,14,0,1,1,1,0.299,0.17,0
14.58,17,251,70.5,0,12.94,1,0,5,1,1,1,0,0.138,5.62,0
9.72,3,343,23.01,1,33.75,0,0,27,0,1,0,1,0.273,9.82,0
28.75,2,93,18.35,1,10.36,1,0,5,0,1,1,1,0.027,21.51,0
6.86,11,524,4.67,2,9.45,0,0,46,0,1,1,1,0.097,13.59,0
77.23,22,483,0.75,1,30.87,1,1,15,0,1,1,1,0.333,13.57,0
31.66,11,154,57.79,0,79.78,0,0,7,0,1,1,0,0.409,5.44,0
45.72,16,313,2.4,1,6.76,0,0,14,0,1,1,1,0.405,27.1,0
18.8,5,1124,26.63,0,38.38,0,0,75,1,1,0,1,0.356,0.0,0
20.76,14,743,3.3,1,18.26,0,0,42,0,1,1,1,0.13,6.69,0
39.95,1,129,7.03,1,5.98,0,0,8,0,1,1,1,0.16,2.61,0
9.36,7,1055,17.74,0,17.34,0,1,48,1,1,0,1,0.109,0.0,0
20.95,13,35,43.61,2,58.79,1,0,3,0,1,1,1,0.079,28.79,0
12.68,4,267,0.3,0,47.73,0,0,25,0,1,1,1,0.137,8.64,0
12.3,2,42,4.53,0,6.28,0,0,3,0,1,1,1,0.398,0.0,0
3.63,9,1290,21.72,3,27.42,0,0,128,0,1,1,1,0.316,28.8,0
114.36,6,21,2.86,1,73.28,0,1,0,0,1,1,1,0.254,23.2,0
15.08,10,82,1.77,3,92.67,0,1,4,0,1,1,1,0.042,24.44,0
95.91,14,1233,0.71,0,23.81,0,0,85,0,1,1,0,0.136,5.42,0
87.25,1,436,10.47,1,21.06,2,0,21,0,1,1,0,0.143,34.82,0
8.28,4,793,21.9,1,41.36,0,0,28,0,1,1,1,0.047,9.1,0
10.09,10,8,48.95,2,47.15,0,1,0,0,1,1,0,0.109,6.28,0
387.81,7,272,4.67,0,15.8,0,1,25,0,1,1,1,0.194,5.21,1
172.59,12,2082,1.94,0,28.86,0,0,74,0,1,1,1,0.48,0.0,0
29.03,10,434,7.73,2,22.35,1,0,24,0,1,1,1,0.242,24.82,0
38.76,16,948,0.86,1,47.17,0,0,17,0,1,1,0,0.081,0.0,0
15.95,14,1656,6.04,2,18.4,1,0,101,0,1,1,1,0.286,37.77,0
46.17,0,578,15.45,1,11.4,0,0,49,0,0,1,1,0.301,11.59,0
14.63,18,198,2.76,4,5.57,0,0,10,0,1,1,1,0.199,36.22,0
3.93,15,185,14.99,0,36.1,0,0,17,0,1,1,0,0.149,13.06,0
7.99,18,37,53.61,2,12.14,0,0,1,0,1,0,0,0.164,9.01,0
30.6,12,279,29.95,2,22.19,3,1,9,0,0,1,0,0.149,54.86,1
9.67,22,1235,6.62,1,26.79,0,0,82,0,1,1,0,0.131,6.5,0
28.01,21,325,8.21,1,16.52,1,0,27,0,0,1,0,0.285,13.09,0
10.23,22,1210,8.15,0,36.88,0,1,20,0,1,1,0,0.52,0.0,0
13.7,3,850,29.48,4,209.53,0,1,32,0,1,1,1,0.074,35.92,0
70.33,10,2073,76.31,2,106.46,0,0,77,0,1,1,0,0.284,12.01,0
38.38,17,1475,26.22,0,12.1,1,0,87,0,1,1,0,0.273,11.2,0
29.68,17,613,12.25,3,14.93,1,0,41,1,1,0,0,0.173,35.69,0
72.17,9,1025,1.54,1,13.46,1,0,63,0,1,1,1,0.364,21.4,0
48.45,16,689,46.35,0,7.43,0,1,25,0,1,0,1,0.164,0.0,0
127.3,12,608,29.5,2,31.63,0,0,54,0,0,1,1,0.258,21.2,0
18.92,13,629,27.62,0,40.25,0,0,51,0,1,1,1,0.319,0.0,0
19.5,6,638,7.46,2,31.48,0,0,44,0,1,1,0,0.201,21.77,0
8.16,9,239,8.89,5,31.83,0,0,11,0,1,1,1,0.102,33.34,0
19.51,2,275,1.91,1,5.97,0,0,12,0,1,1,1,0.172,0.0,0
78.63,1,174,41.68,3,6.33,0,0,13,0,1,1,1,0.452,21.75,0
109.95,18,80,43.03,1,45.18,1,0,2,0,1,1,1,0.321,37.9,0
78.28,6,307,4.4,0,24.94,0,0,5,0,1,1,0,0.02,0.0,0
4.98,4,1151,17.86,0,55.4,0,0,112,0,0,1,1,0.193,0.0,0
88.51,2,527,3.41,0,12.44,0,0,50,0,1,1,1,0.619,0.0,1
4.77,1,29,7.49,1,21.12,2,0,2,0,1,1,0,0.115,27.38,0
73.56,22,834,5.4,0,18.02,0,1,51,0,1,1,1,0.339,0.0,0
20.74,21,1370,7.4,3,97.21,0,0,33,0,1,1,1,0.07,40.4,0
60.49,5,884,5.54,2,98.12,1,2,51,0,1,1,0,0.39,16.84,0
7.91,13,650,6.35,1,11.84,1,0,30,0,1,1,1,0.183,14.09,0
96.66,6,81,23.49,2,30.51,1,0,5,0,1,1,0,0.415,25.13,0
6.92,21,215,5.35,3,52.26,1,0,19,0,0,1,0,0.23,28.87,0
15.36,1,417,25.29,0,59.84,0,0,23,0,1,1,0,0.195,0.0,0
11.04,10,40,12.59,1,14.43,0,0,3,0,1,1,1,0.179,10.57,0
5.18,20,56,22.74,2,36.89,0,0,3,0,1,1,0,0.328,18.46,0
32.93,2,1361,37.68,1,30.23,0,0,130,0,1,1,1,0.093,6.99,0
182.38,8,606,2.23,2,25.18,0,0,33,0,1,1,1,0.107,23.59,0
431.34,7,161,6.32,3,3.35,0,0,12,1,1,1,0,0.211,32.41,1
33.02,10,198,0.86,2,17.41,0,0,10,0,1,1,0,0.172,13.23,0
91.53,17,243,7.84,2,19.88,0,0,12,0,1,1,1,0.119,28.54,0
37.79,0,39,4.07,1,47.65,0,1,3,0,1,1,1,0.031,5.94,0
49.35,14,672,12.72,1,22.62,0,0,52,0,1,1,1,0.254,7.4,0
21.28,3,97,22.94,0,74.47,0,0,3,0,1,1,1,0.028,5.71,0
36.42,3,818,9.99,0,8.19,0,0,41,0,1,1,1,0.306,0.0,0
51.29,9,935,6.09,2,79.52,1,0,16,0,1,1,1,0.256,24.98,0
16.8,10,509,2.48,0,16.2,0,0,9,0,1,1,1,0.018,6.31,0
27.73,17,735,0.41,0,16.61,0,0,21,0,1,1,0,0.031,15.06,0
28.26,22,94,16.99,0,21.05,0,0,7,0,1,1,0,0.044,0.0,0
68.47,14,429,0.47,3,7.16,1,0,9,0,1,1,0,0.051,49.27,0
10.32,2,565,38.04,1,29.17,0,0,53,0,1,0,0,0.162,0.0,0
28.46,6,542,13.53,1,263.98,0,0,17,0,1,1,1,0.09,4.75,0
202.76,6,62,6.54,1,12.12,0,0,5,0,1,1,1,0.085,10.73,0
95.97,16,211,0.64,0,18.36,0,0,20,0,1,0,1,0.155,0.0,0
115.49,21,197,8.0,1,43.54,0,1,10,0,1,1,1,0.425,10.79,1
30.71,19,425,30.29,4,25.32,0,0,25,0,1,1,1,0.201,36.11,0
41.31,23,725,52.51,3,61.09,0,1,31,0,1,1,1,0.118,25.86,0
81.63,15,423,1.33,2,7.69,0,0,38,0,1,1,0,0.288,2.22,0
142.63,15,703,22.52,4,10.39,0,0,41,0,1,1,0,0.468,12.08,0
4.26,7,52,4.48,2,32.85,1,0,5,0,0,1,0,0.063,19.6,0
8.04,2,1052,7.16,1,1.75,0,0,102,0,1,1,0,0.109,0.0,0
110.99,19,385,11.9,1,8.95,1,1,36,0,1,0,1,0.092,17.55,0
22.72,14,19,78.68,2,5.82,0,0,0,0,1,1,1,0.083,14.6,0
15.31,0,515,3.51,3,28.49,0,0,12,0,1,1,1,0.055,20.98,0
8.55,9,364,2.1,2,17.99,0,0,26,0,1,1,1,0.089,13.25,0
17.2,1,124,13.56,1,8.35,0,1,11,0,1,1,1,0.706,0.0,0
7.37,6,723,28.76,1,30.02,3,0,33,0,1,1,1,0.272,41.0,0
242.52,13,1356,15.67,1,50.43,0,0,131,0,1,1,0,0.226,0.0,0
29.3,15,195,6.41,0,8.89,0,0,18,0,1,1,1,0.046,0.0,0
28.28,14,341,56.57,0,24.17,0,0,23,0,1,1,1,0.133,0.0,0
53.95,6,69,79.57,1,32.21,0,1,1,0,1,1,1,0.244,14.09,0
78.44,12,1328,22.09,0,42.94,0,0,120,0,1,1,1,0.228,0.0,0
77.16,9,192,24.32,2,7.53,0,0,5,0,1,1,1,0.233,11.82,0
87.67,8,108,21.46,1,11.71,1,0,6,0,1,1,0,0.204,11.04,0
15.95,8,325,4.47,1,23.83,0,0,5,0,1,1,1,0.11,4.3,0
22.25,5,22,2.44,4,25.88,1,0,0,0,1,1,1,0.147,37.03,0
64.65,23,146,12.12,1,168.96,0,0,9,0,1,1,0,0.01,7.85,0
17.68,11,35,46.23,1,51.39,0,0,0,0,1,1,1,0.186,3.56,0
29.81,22,68,31.59,3,19.23,1,1,1,0,0,1,0,0.237,15.53,1
44.65,19,59,1.7,0,20.26,0,0,2,0,1,1,1,0.049,0.0,0
65.71,19,1030,0.88,3,21.2,0,2,20,0,1,1,1,0.323,16.97,0
5.06,21,1333,31.04,1,9.93,2,1,86,0,1,1,0,0.139,34.61,0
61.24,13,322,14.24,0,21.21,0,1,25,0,1,1,1,0.3,11.43,0
23.72,19,498,5.44,2,132.82,0,1,9,0,1,1,1,0.132,13.54,0
60.79,6,595,12.38,1,3.43,0,1,30,0,1,0,0,0.124,8.41,0
65.17,7,248,3.76,1,27.48,0,0,15,1,1,1,1,0.356,7.99,0
149.59,7,231,44.05,0,139.63,1,0,13,0,1,1,0,0.241,2.8,0
115.98,7,563,26.33,1,108.08,0,0,32,0,1,1,0,0.116,0.0,0
115.19,1,236,49.15,1,55.07,0,1,5,0,1,1,1,0.61,3.57,1
126.93,13,435,3.11,2,28.18,0,0,16,0,1,1,0,0.121,20.68,0
40.1,9,362,27.84,2,55.54,0,0,34,0,1,1,1,0.255,11.39,0
30.94,17,372,12.32,1,35.17,0,0,11,0,1,1,0,0.545,14.04,0
71.72,17,884,5.9,0,104.65,0,0,72,0,1,1,0,0.325,0.74,0
62.31,17,609,9.8,0,48.2,0,0,17,0,1,1,1,0.065,0.0,0
22.0,15,1618,43.34,1,14.92,0,0,126,0,1,1,0,0.291,13.52,0
44.92,19,783,17.64,2,130.01,0,1,57,0,1,1,0,0.437,18.21,0
28.93,4,79,6.69,1,22.56,1,1,7,0,1,1,1,0.225,28.94,1
12.76,19,671,138.11,2,11.54,0,0,19,0,1,1,1,0.116,1.01,0
108.9,4,548,6.36,1,36.11,0,0,21,1,1,1,1,0.265,0.0,0
31.66,19,519,25.21,0,53.73,2,0,45,0,1,1,0,0.05,16.72,0
232.46,22,328,23.01,3,25.37,0,0,20,0,1,1,0,0.448,25.05,0
5.9,9,32,19.25,1,30.98,0,0,1,0,1,1,1,0.096,12.94,0
17.17,16,1513,16.6,0,103.81,1,0,44,0,1,1,1,0.172,15.58,0
30.96,12,955,1.73,1,23.2,1,0,60,0,1,1,0,0.111,25.59,0
93.45,16,334,79.34,1,50.48,0,0,18,0,1,1,0,0.08,8.95,0
44.68,17,86,2.63,0,70.16,0,0,3,0,1,1,1,0.12,0.0,0
40.87,12,870,13.6,1,14.84,0,0,60,0,1,1,1,0.068,4.81,0
9.71,16,282,4.3,0,26.4,0,1,20,0,1,1,0,0.147,0.0,0
9.42,14,247,2.77,0,88.55,0,0,15,1,1,1,0,0.017,0.0,0
41.37,11,547,12.3,1,66.45,1,0,39,0,0,1,1,0.041,20.58,0
7.66,9,711,27.15,1,17.53,1,0,26,0,1,1,0,0.315,19.56,0
17.6,12,32,7.1,1,21.93,0,0,2,0,1,1,1,0.311,7.47,0
49.45,10,730,1.2,2,1.51,0,0,15,0,1,1,0,0.227,16.7,0
11.22,2,662,14.66,1,65.1,0,0,20,0,1,1,1,0.297,11.55,0
149.21,21,445,21.81,2,41.98,0,0,15,0,1,0,1,0.026,14.42,0
101.89,9,207,5.27,2,6.65,0,0,19,0,1,1,1,0.07,4.96,0
6.23,10,90,17.6,3,48.04,2,1,3,0,1,1,1,0.42,55.37,0
11.79,5,54,1.18,4,31.4,0,0,5,0,1,0,0,0.064,41.83,0
3.05,0,1,6.73,1,45.77,0,0,0,1,1,0,1,0.022,13.75,0
13.7,5,116,9.64,4,43.12,1,1,8,0,1,1,0,0.124,44.75,0
64.48,4,265,22.85,0,23.51,1,0,10,0,1,1,0,0.191,11.85,0
19.81,6,140,6.19,1,9.3,0,0,10,0,1,1,0,0.392,9.91,0
47.5,21,185,9.07,0,17.11,1,0,16,0,1,1,0,0.106,1.54,0
6.54,11,248,14.85,0,17.63,0,0,16,0,1,1,0,0.256,0.0,0
66.55,11,184,14.68,2,6.36,1,1,17,0,1,1,1,0.299,19.53,0
17.2,6,645,10.94,0,28.1,0,0,31,0,0,1,0,0.111,22.83,0
30.33,1,338,5.97,3,47.44,0,1,23,0,1,1,1,0.327,29.4,1
27.31,0,10,16.63,1,13.36,1,0,0,0,0,1,0,0.053,9.28,0
8.4,22,129,27.22,2,34.53,0,0,3,1,1,1,1,0.245,22.46,0
9.46,17,618,2.51,2,43.42,1,0,18,0,1,1,1,0.178,25.24,0
78.87,11,179,6.24,0,44.41,1,1,9,0,1,1,1,0.342,4.48,1
44.66,6,1264,16.57,2,14.27,0,0,119,0,1,1,1,0.085,7.9,0
85.63,18,624,21.15,0,166.54,0,0,25,0,1,0,1,0.043,0.0,0
41.46,21,171,22.81,1,27.84,0,0,4,0,1,1,1,0.05,0.0,0
34.57,2,363,15.89,0,10.15,1,0,19,0,1,1,0,0.119,7.0,0
5.33,9,550,9.76,3,19.29,0,0,15,0,1,1,1,0.238,8.77,0
22.87,10,107,15.57,0,8.04,0,1,3,0,1,1,1,0.281,0.0,0
29.15,4,141,2.18,1,19.19,0,0,13,0,1,1,0,0.228,0.0,0
211.26,1,354,3.49,1,73.31,0,0,24,0,1,1,1,0.67,20.7,1
59.56,7,1294,39.37,1,41.18,0,0,77,0,1,1,0,0.212,18.19,0
139.22,13,211,38.3,1,97.02,0,0,7,0,1,1,0,0.184,20.85,0
54.46,7,257,19.3,2,31.21,1,0,6,0,1,1,1,0.025,15.02,0
14.71,22,106,5.94,2,73.02,0,0,10,0,1,1,0,0.21,9.36,0
33.69,5,450,15.7,2,9.54,1,0,27,0,1,0,1,0.461,34.49,0
37.95,0,674,17.46,0,10.89,0,0,18,0,0,0,1,0.089,7.93,0
11.71,23,290,10.86,1,37.49,0,0,15,0,1,1,1,0.109,10.88,0
20.4,0,694,20.71,2,54.39,0,0,47,1,1,0,0,0.152,1.53,0
24.39,7,180,0.45,0,51.31,1,0,13,0,1,1,0,0.277,20.1,0
149.25,10,614,4.44,1,10.6,0,0,14,0,1,1,0,0.366,20.06,0
3.74,17,149,23.73,0,92.02,0,0,11,0,1,1,0,0.305,0.0,0
100.06,23,759,41.88,2,4.7,0,0,61,0,0,1,1,0.237,8.03,0
11.74,9,888,31.32,0,100.48,0,0,42,1,1,0,1,0.203,0.0,0
7.6,11,799,18.91,0,9.36,0,1,57,0,1,1,1,0.397,8.98,0
97.51,19,121,2.71,0,96.41,1,1,3,0,1,1,1,0.049,17.7,0
62.3,22,592,6.9,1,16.29,0,0,58,0,1,1,0,0.083,3.73,0
105.06,15,387,0.77,0,30.73,0,0,8,0,1,1,0,0.162,0.0,0
66.73,4,2136,15.32,5,25.11,1,0,71,0,1,1,1,0.095,56.32,0
235.06,15,224,8.96,1,7.95,0,0,17,0,0,1,0,0.215,8.48,1
52.39,23,738,12.76,3,29.09,0,0,71,0,1,1,0,0.098,23.57,0
25.62,11,231,58.2,2,10.26,0,0,8,0,1,1,1,0.082,6.15,0
42.22,5,253,7.72,1,16.51,0,0,6,0,1,1,1,0.455,0.0,0
103.9,4,59,5.49,1,217.32,0,0,1,0,1,1,1,0.107,17.08,0
13.74,0,137,2.45,2,31.08,0,1,10,0,1,1,0,0.328,13.66,0
15.61,18,90,2.33,0,19.62,0,0,5,0,1,1,1,0.097,3.42,0
22.0,9,87,10.97,2,51.27,0,0,7,0,1,1,0,0.15,14.06,0
3.65,13,5,20.75,2,42.63,0,0,0,0,1,1,0,0.297,22.07,0
34.4,20,789,12.47,0,11.68,0,0,46,0,1,1,0,0.011,0.0,0
4.54,2,315,30.99,2,11.09,0,0,21,0,1,1,1,0.133,7.94,0
31.6,5,815,5.69,2,75.45,0,0,72,0,1,1,0,0.169,11.73,0
71.19,4,474,13.56,3,33.65,1,1,29,0,1,1,0,0.208,40.1,0
18.6,16,890,16.24,1,151.23,0,1,28,0,1,0,0,0.267,4.95,0
160.31,17,350,4.94,0,5.76,0,0,31,0,1,1,0,0.269,0.0,0
6.96,11,49,7.57,1,74.4,0,0,4,0,1,1,0,0.129,11.72,0
98.62,4,480,13.41,1,40.59,0,0,42,0,1,1,1,0.106,4.5,0
58.86,8,566,0.32,1,11.81,0,0,37,0,1,1,0,0.07,0.0,0
5.39,11,492,32.65,0,39.2,0,1,47,0,1,1,1,0.175,7.32,0
450.7,19,808,1.77,3,9.34,0,1,50,0,1,0,0,0.156,44.66,1
28.11,8,657,0.73,3,39.31,0,0,19,0,1,1,0,0.085,16.15,0
12.46,2,283,3.63,0,64.05,0,0,14,0,1,1,0,0.311,0.0,0
7.34,0,855,10.47,0,23.32,1,0,73,0,1,1,0,0.181,6.28,0
24.05,21,588,5.98,0,20.92,0,1,57,0,1,1,0,0.247,15.47,0
26.38,14,64,8.7,1,13.38,0,0,5,0,1,0,1,0.176,16.14,0
33.2,9,388,1.32,1,63.02,0,0,18,0,1,1,1,0.045,11.89,0
22.25,13,652,3.98,1,31.19,0,0,11,0,1,1,1,0.105,7.76,0
56.44,6,403,1.54,1,19.86,0,0,12,0,1,1,1,0.077,17.85,0
20.34,3,1488,3.91,0,84.99,0,1,29,1,1,1,0,0.203,0.0,0
4.33,4,54,18.23,2,71.53,1,0,4,0,1,1,1,0.163,30.8,0
25.81,19,641,12.85,2,27.06,0,0,27,0,1,1,1,0.338,3.46,0
2.81,15,870,6.1,4,28.9,0,0,64,0,1,1,1,0.082,37.56,0
42.68,2,606,4.54,2,63.02,0,0,30,0,1,1,1,0.305,27.87,0
11.25,16,244,90.04,1,26.92,0,1,9,0,1,1,0,0.364,14.69,1
35.28,12,243,21.91,2,8.67,0,0,14,0,1,1,0,0.667,0.42,0
111.51,5,442,25.89,2,31.26,0,0,25,0,0,1,1,0.239,10.55,0
11.6,4,253,0.4,1,46.96,0,0,21,0,1,1,0,0.278,16.97,0
86.6,15,1074,0.92,1,73.08,0,0,80,0,1,1,0,0.127,0.0,0
19.43,10,58,18.7,2,104.89,0,0,2,0,1,1,1,0.235,9.18,0
172.98,16,510,3.19,2,133.28,0,0,42,0,1,1,1,0.191,0.0,0
20.8,4,72,8.32,0,21.14,0,0,4,0,1,1,0,0.208,4.38,0
12.93,5,388,3.05,2,27.85,0,0,17,0,1,1,0,0.112,19.61,0
59.58,9,629,2.92,1,6.97,1,0,52,0,1,1,1,0.322,3.6,0
19.38,20,90,1.73,3,15.52,0,1,4,0,1,1,1,0.153,28.81,0
12.92,0,609,13.53,0,6.95,0,0,12,0,1,1,1,0.046,3.84,0
18.58,20,75,20.17,1,89.88,1,0,6,0,1,1,1,0.158,36.94,0
28.66,9,485,0.88,0,26.98,0,0,26,0,1,1,0,0.45,0.0,0
114.68,16,352,4.84,3,30.95,0,0,15,0,1,1,1,0.165,28.71,0
4.33,2,177,16.11,1,50.96,0,0,16,0,1,1,0,0.044,6.79,0
30.66,1,59,7.47,1,27.58,0,0,2,0,1,1,1,0.095,6.2,0
55.97,16,666,18.29,2,30.76,0,0,64,0,1,1,0,0.223,29.35,0
36.36,3,240,21.36,3,20.4,0,0,4,0,1,1,1,0.471,46.42,0
111.04,1,45,0.49,4,34.51,0,0,3,0,1,1,0,0.215,38.08,0
27.82,4,741,7.19,1,75.29,0,0,16,0,1,1,1,0.16,22.44,0
24.91,9,133,19.59,1,122.93,0,0,3,0,1,1,0,0.038,4.09,0
54.18,0,667,7.13,0,15.54,0,0,64,0,1,0,1,0.069,1.29,0
33.09,0,416,0.09,0,62.61,0,0,38,0,1,1,0,0.17,0.0,0
20.28,3,108,6.15,1,9.39,0,0,9,0,1,1,1,0.262,0.0,0
50.21,6,40,30.91,1,9.38,0,0,2,0,1,1,1,0.215,0.0,0
15.6,13,450,45.53,3,18.69,1,0,25,0,1,1,0,0.149,38.37,0
16.26,13,13,12.33,1,17.78,0,0,0,0,1,1,1,0.279,9.31,0
17.67,17,34,5.49,0,19.61,2,0,2,1,1,0,0,0.107,29.34,0
115.94,1,606,9.41,2,20.56,0,0,53,0,0,1,1,0.066,15.69,0
1.2,0,387,4.04,0,42.11,0,0,30,0,1,1,0,0.303,0.0,0
44.5,20,197,2.76,4,80.32,0,0,14,0,0,1,0,0.104,35.05,0
31.01,21,387,10.2,1,117.49,0,0,12,0,1,1,0,0.061,12.54,0
5.58,15,448,20.02,0,48.2,0,0,32,0,1,1,1,0.224,0.0,0
40.84,21,417,3.77,1,75.03,0,0,23,0,1,1,0,0.263,3.82,0
48.22,17,514,36.04,3,13.65,0,0,41,1,1,1,1,0.17,32.44,0
54.04,15,1409,2.76,0,51.88,0,0,76,0,1,1,1,0.114,4.77,0
2.11,22,246,12.26,4,17.07,0,1,14,0,1,1,1,0.048,36.68,0
117.49,21,179,22.47,0,68.64,0,0,9,1,1,1,1,0.155,5.9,0
14.33,23,20,3.6,2,37.85,0,0,1,0,1,1,0,0.23,15.11,0
59.54,5,80,5.27,1,34.36,0,0,5,0,1,1,0,0.338,0.1,0
62.87,9,56,0.79,0,15.49,0,1,5,0,1,0,0,0.34,0.0,0
12.47,1,204,43.22,2,16.72,1,0,18,0,1,1,1,0.167,18.87,0
58.0,6,471,10.01,0,8.14,1,0,37,1,1,1,1,0.149,0.04,0
20.38,20,24,1.0,3,16.74,0,0,1,0,1,0,1,0.232,17.39,0
3.78,16,650,26.59,3,14.83,0,0,39,0,1,1,1,0.156,40.12,0
96.33,2,253,12.64,3,14.41,0,0,23,0,1,1,0,0.172,12.55,0
13.8,19,1655,0.85,1,19.81,0,0,59,0,1,1,1,0.415,8.2,0
12.75,11,420,8.99,3,153.14,0,0,34,0,1,1,0,0.305,25.02,0
20.02,1,738,8.55,1,96.02,0,1,30,0,1,1,0,0.435,14.72,0
39.34,6,987,2.37,0,86.93,1,0,21,0,1,1,1,0.4,1.18,0
28.3,16,1098,8.18,0,17.88,1,0,54,0,1,1,1,0.045,29.97,0
51.84,18,365,4.99,2,27.84,1,0,21,0,1,1,1,0.357,31.21,0
7.85,11,253,18.06,3,19.55,0,0,6,0,1,1,0,0.122,27.64,0
14.26,8,411,0.08,0,10.4,0,0,32,0,1,1,0,0.072,0.0,0
26.68,13,257,1.69,7,27.09,0,0,20,0,1,1,1,0.346,57.01,0
199.91,1,138,37.63,4,33.35,0,0,10,0,1,1,1,0.11,24.42,0
26.74,20,196,8.52,0,65.52,1,1,8,0,1,1,0,0.192,10.69,0
88.7,3,132,2.91,2,29.82,0,0,7,0,1,1,0,0.025,6.73,0
31.14,18,157,23.64,1,3.99,1,0,4,0,1,1,1,0.048,2.61,0
18.47,20,49,28.62,1,13.72,0,0,2,0,1,1,0,0.17,18.48,0
23.41,15,278,3.56,5,17.49,0,0,26,0,1,1,1,0.256,26.46,0
25.32,21,134,18.76,0,7.16,0,0,5,0,1,1,1,0.252,0.0,0
54.8,16,297,14.32,0,17.28,0,0,6,0,1,1,0,0.225,0.0,0
118.46,1,786,20.5,2,56.3,0,0,33,0,1,1,1,0.298,17.49,0
42.93,16,297,23.26,1,17.58,0,0,25,0,1,1,1,0.106,10.71,0
98.21,18,1546,16.22,1,49.25,0,0,142,0,1,0,1,0.267,16.25,0
11.42,7,80,46.93,2,28.93,0,0,1,0,1,0,1,0.38,9.96,1
19.79,23,949,29.95,1,55.95,0,1,53,0,1,0,1,0.108,27.16,0
14.52,19,143,3.9,3,8.57,0,0,13,0,1,1,0,0.312,18.65,0
41.04,5,1359,36.73,0,39.42,0,0,36,0,1,1,1,0.199,0.0,0
20.93,11,129,6.68,2,15.51,0,2,2,0,0,1,0,0.121,11.36,0
62.16,22,687,19.45,1,76.47,0,0,54,0,1,1,0,0.499,0.0,0
11.81,17,32,28.26,0,9.73,0,0,2,0,1,1,0,0.219,0.0,0
31.28,1,497,8.6,2,65.09,1,0,38,0,1,1,1,0.173,18.9,0
59.55,18,123,0.79,3,27.19,0,0,4,0,1,1,1,0.22,13.84,0
3.8,23,555,44.83,0,35.35,1,0,27,0,1,1,1,0.125,11.31,0
250.04,9,505,1.13,1,30.05,0,0,32,0,1,1,1,0.169,2.26,0
22.58,2,1287,6.42,5,6.58,0,0,103,0,1,1,1,0.132,38.82,0
3.95,11,493,13.61,2,45.4,0,1,21,0,1,1,1,0.142,14.13,0
35.1,15,262,1.88,4,23.29,0,0,13,0,1,1,1,0.332,38.63,0
30.98,11,108,27.32,1,78.53,0,0,6,0,1,1,1,0.065,6.77,0
27.61,7,536,3.41,1,42.99,0,0,9,0,1,1,0,0.132,5.83,0
80.74,4,62,64.03,0,55.67,0,1,5,0,1,1,1,0.349,0.0,0
63.27,10,882,37.23,0,23.63,0,0,60,0,1,0,1,0.183,0.0,0
40.36,9,142,13.92,2,42.38,1,1,3,0,1,0,1,0.07,22.13,0
47.0,2,371,16.18,2,49.54,0,0,17,0,1,1,0,0.016,8.93,0
26.99,22,453,11.44,1,62.97,0,1,14,0,1,1,0,0.101,7.54,0
176.88,8,225,7.44,0,54.32,0,0,4,0,1,1,0,0.146,11.58,0
6.83,11,545,6.5,0,71.3,0,1,23,0,1,0,1,0.475,3.68,0
34.45,5,144,33.34,4,14.9,0,0,12,0,1,1,1,0.295,36.78,0
31.98,18,18,12.89,5,25.55,0,0,0,0,1,1,1,0.127,34.92,0
67.58,15,1600,26.0,4,19.98,0,0,143,0,1,1,1,0.246,29.81,0
12.89,20,193,10.83,1,37.37,0,0,6,0,1,1,1,0.152,12.86,0
5.24,22,625,5.5,2,22.83,0,0,60,0,1,1,1,0.153,28.77,0
35.05,23,354,1.44,1,15.26,0,0,12,0,1,1,1,0.221,15.28,0
39.7,13,553,5.87,1,17.87,0,1,48,1,1,1,1,0.327,7.29,0
132.9,3,59,31.82,1,24.61,1,0,5,0,1,1,0,0.047,45.22,0
8.41,17,366,18.67,1,22.2,0,0,34,0,1,1,0,0.204,2.78,0
95.08,9,249,23.11,1,12.84,0,0,6,0,1,1,0,0.294,7.18,0
319.71,17,301,22.27,4,26.8,0,1,21,0,0,1,1,0.065,33.99,1
20.54,11,1694,1.92,0,29.79,1,0,144,0,1,1,0,0.298,18.33,0
8.24,18,73,2.59,0,16.01,0,0,5,0,1,1,1,0.476,4.04,0
19.95,7,703,5.72,1,17.84,0,0,39,0,1,1,1,0.058,3.14,0
30.39,0,200,5.37,1,82.81,1,3,19,0,1,1,0,0.147,26.81,0
52.66,13,171,1.03,3,7.17,0,0,5,0,1,1,1,0.08,19.71,0
16.59,22,158,2.5,2,29.69,0,0,14,0,1,1,1,0.268,6.77,0
141.91,5,214,29.09,1,104.76,0,0,7,0,1,1,0,0.171,15.51,0
9.83,13,221,13.34,1,21.48,1,0,11,1,1,1,1,0.124,31.98,0
5.26,1,158,6.28,0,53.86,0,0,8,0,1,1,1,0.273,5.95,0
90.62,8,551,11.21,0,7.56,1,0,22,0,1,1,0,0.053,0.0,0
3.08,11,24,4.54,0,6.46,0,1,0,1,1,1,1,0.147,0.0,0
24.43,4,202,13.15,1,26.7,1,0,9,0,0,0,0,0.156,8.15,0
677.01,1,164,1.16,0,13.39,0,0,2,0,1,0,1,0.311,0.0,1
29.61,18,696,34.94,1,44.54,1,0,25,0,1,1,0,0.134,23.59,0
9.77,6,79,4.13,2,36.21,2,1,7,0,1,1,0,0.035,29.1,0
28.29,6,1412,25.65,1,114.83,0,0,108,0,1,1,1,0.131,4.43,0
28.48,9,93,16.18,0,47.53,0,0,4,0,1,1,0,0.075,3.36,0
35.19,16,231,11.1,1,23.77,0,0,3,0,1,1,1,0.196,5.08,0
58.11,13,111,39.85,1,41.11,0,0,8,0,1,0,0,0.158,7.01,0
10.6,10,169,2.56,0,24.85,0,2,9,0,1,1,1,0.363,0.0,0
161.99,19,716,1.91,4,9.47,0,2,51,0,1,1,0,0.119,24.9,0
38.29,5,324,5.83,0,49.81,0,0,16,0,1,1,0,0.095,12.01,0
61.98,7,89,26.6,1,41.84,0,0,1,1,1,1,0,0.049,15.7,0
15.99,18,24,0.54,1,15.4,0,0,1,0,1,1,1,0.173,4.28,0
108.46,18,131,4.1,0,94.01,1,0,10,0,1,1,1,0.16,7.43,0
23.17,23,1456,8.29,5,15.69,0,0,50,0,1,1,1,0.174,49.91,0
39.55,23,933,18.72,2,116.5,0,0,67,0,1,1,1,0.034,0.0,0
11.79,23,290,5.34,2,24.82,0,0,13,0,0,1,1,0.049,22.01,0
11.06,16,329,8.92,2,7.2,0,0,28,0,1,1,0,0.117,17.54,0
59.63,23,1148,6.16,2,122.06,0,0,61,0,1,0,1,0.5,6.59,0
19.23,23,447,1.45,2,63.12,0,0,9,0,1,1,0,0.247,5.71,0
12.76,17,1063,20.13,2,58.74,1,0,64,0,1,1,1,0.199,24.99,0
15.75,11,338,9.28,1,3.31,0,0,22,0,1,1,1,0.118,2.86,0
60.28,8,112,25.11,0,4.96,0,0,4,0,1,1,1,0.125,7.1,0
15.97,22,647,17.8,0,61.7,0,0,14,0,1,1,0,0.289,0.0,0
26.64,23,374,0.89,1,64.01,0,1,29,0,1,1,0,0.012,10.71,0
30.42,15,552,10.4,5,8.62,0,0,34,0,1,1,1,0.198,44.21,0
4.4,17,86,70.42,1,38.65,0,0,2,0,1,1,1,0.138,2.8,0
6.88,15,521,5.52,3,25.96,0,0,16,0,1,1,1,0.341,21.01,0
41.94,15,241,10.19,0,10.38,0,0,14,0,1,1,1,0.179,5.58,0
14.34,3,202,15.83,2,18.32,0,0,8,1,1,1,1,0.349,17.0,0
86.2,22,557,3.39,1,120.58,1,0,41,0,1,1,1,0.122,8.35,0
78.79,21,449,18.19,0,13.5,0,0,20,0,1,1,1,0.333,11.11,0
61.51,6,524,16.17,2,6.75,1,0,29,0,1,1,1,0.191,26.23,0
184.89,0,1681,7.05,1,18.58,0,0,36,0,1,1,1,0.02,0.0,0
27.58,23,604,5.02,0,2.5,0,0,33,0,1,1,0,0.222,7.54,0
57.33,22,512,37.72,2,21.88,0,0,8,0,1,1,1,0.295,22.92,0
16.7,19,475,2.04,1,7.31,0,0,22,0,1,1,1,0.158,12.14,0
348.06,0,254,8.49,0,11.4,0,0,10,0,1,1,1,0.143,0.0,1
217.81,7,914,21.85,0,33.14,0,0,72,0,1,1,0,0.122,0.0,0
30.32,22,240,2.4,0,8.16,0,0,19,0,1,1,0,0.228,4.98,0
44.11,7,602,40.53,1,11.91,0,0,31,0,1,1,1,0.073,0.0,0
116.66,9,173,11.21,0,93.19,0,1,16,0,1,1,1,0.13,2.02,0
25.86,0,80,10.54,1,30.69,2,1,3,0,1,1,1,0.281,16.38,0
15.54,20,69,8.28,2,33.62,0,0,2,0,1,1,0,0.15,22.59,0
71.81,20,503,30.31,3,45.13,0,0,42,0,1,1,0,0.137,29.09,0
32.41,13,199,44.48,2,27.54,0,0,11,0,1,1,0,0.314,18.25,0
35.98,13,161,7.17,2,59.24,1,0,5,0,1,1,1,0.221,12.1,0
13.01,9,448,11.73,1,43.62,0,0,19,0,1,1,0,0.048,10.9,0
5.38,18,13,5.68,0,11.64,0,0,0,0,1,1,1,0.305,17.74,0
37.95,15,141,6.88,3,37.46,0,0,10,0,1,1,1,0.048,19.51,0
74.07,8,208,0.43,2,7.82,0,0,12,0,1,1,1,0.228,5.46,0
23.91,19,616,23.12,3,2.97,0,0,39,0,1,1,1,0.205,10.81,0
126.02,15,394,52.27,2,77.08,0,0,9,0,1,1,0,0.391,20.09,0
14.82,19,969,22.01,1,24.06,0,1,72,0,1,1,1,0.409,13.97,0
10.44,7,204,10.95,4,65.5,1,0,8,0,1,0,0,0.235,54.91,0
28.02,6,176,26.36,0,26.44,0,0,5,0,1,1,0,0.123,0.0,0
27.59,10,17,29.27,0,45.31,0,0,0,0,1,1,1,0.217,0.0,0
64.71,20,1515,11.8,2,72.7,1,0,133,0,1,1,0,0.269,22.97,0
13.81,5,348,41.51,0,8.38,0,0,16,0,1,1,0,0.191,7.43,0
117.69,14,349,0.46,4,38.16,0,0,8,0,1,0,0,0.122,42.61,0
214.2,18,1285,0.15,1,46.95,2,0,122,0,0,1,0,0.315,30.92,0
28.81,13,171,1.27,1,43.97,0,0,11,0,1,1,0,0.134,8.47,0
104.55,14,202,0.89,2,8.02,0,0,8,0,1,1,0,0.082,13.07,0
10.42,5,534,8.29,1,25.89,1,1,34,0,1,0,1,0.168,17.96,0
87.81,23,769,42.28,0,48.44,0,0,18,0,1,1,0,0.163,0.61,0
85.39,9,601,16.87,0,44.83,0,0,38,0,1,1,1,0.147,8.58,0
71.05,13,777,16.16,2,111.88,0,0,66,0,1,1,1,0.076,28.21,0
29.5,15,428,7.29,2,43.93,1,0,12,0,1,1,1,0.007,22.27,0
1.56,12,993,11.45,0,14.99,1,0,85,0,1,1,1,0.242,9.77,0
15.77,10,399,5.44,1,59.05,0,0,25,0,1,1,1,0.215,19.23,0
16.02,2,130,10.94,1,59.66,1,1,4,0,1,1,0,0.192,8.77,0
11.27,7,390,20.6,3,11.89,0,0,13,0,1,1,0,0.213,26.4,0
33.86,2,624,12.27,2,213.65,0,0,56,0,1,1,1,0.207,13.62,0
19.71,1,530,8.14,4,216.84,1,0,29,0,1,1,0,0.029,42.58,0
13.14,20,139,27.96,4,17.09,0,0,5,0,0,1,1,0.107,23.9,0
10.39,13,21,5.08,3,8.14,0,0,0,0,1,1,1,0.123,21.23,0
14.65,19,145,9.85,1,10.87,0,0,7,0,1,1,1,0.025,0.84,0
91.97,20,2069,57.35,2,9.77,0,1,168,0,1,1,0,0.164,17.74,0
15.47,21,102,51.32,1,8.49,0,0,1,0,1,1,1,0.142,10.01,0
17.9,14,312,0.09,4,15.97,0,0,7,0,1,1,1,0.285,21.43,0
18.98,2,509,11.4,3,10.27,0,1,27,0,1,1,1,0.062,23.4,0
42.06,0,1058,6.16,1,100.76,0,0,97,0,1,1,1,0.111,7.79,0
47.29,14,714,5.16,0,6.81,2,0,64,0,1,1,1,0.238,26.39,0
1.43,19,1198,13.6,3,35.05,1,0,97,0,1,1,1,0.161,36.7,0
83.23,21,464,8.87,1,20.73,0,1,45,1,1,1,1,0.051,3.51,0
126.01,1,1002,19.8,0,37.69,0,0,25,0,1,1,1,0.381,0.0,0
10.48,17,153,0.41,0,24.52,1,0,13,0,1,1,1,0.209,17.05,0
11.33,0,282,39.24,2,30.51,0,0,5,0,1,1,0,0.081,13.43,0
19.1,8,928,12.58,3,74.45,0,2,47,0,1,1,0,0.352,29.99,0
14.07,2,197,17.28,2,16.95,0,0,6,0,0,1,1,0.154,25.42,0
37.48,1,1025,13.92,1,7.52,0,0,48,0,1,1,1,0.266,16.04,0
4.28,3,226,67.83,3,26.16,0,0,22,0,1,1,0,0.532,14.1,0
9.8,15,226,64.35,2,13.93,0,0,9,1,1,1,0,0.171,10.68,0
139.66,21,185,14.12,1,36.32,0,1,12,0,1,1,0,0.086,17.73,0
11.84,0,396,17.28,2,15.51,1,0,29,0,0,0,1,0.152,24.87,0
103.9,8,69,14.46,1,14.1,0,0,4,0,1,1,1,0.18,3.41,0
42.75,7,19,5.58,0,79.05,0,0,0,0,1,1,0,0.241,0.0,0
4.91,5,1139,3.21,3,152.93,0,0,100,0,1,1,1,0.103,33.51,0
56.56,19,1322,7.73,1,12.91,0,0,108,0,1,1,1,0.149,9.94,0
26.64,17,40,17.22,1,28.11,0,0,3,0,1,1,0,0.172,8.03,0
19.0,15,399,0.86,3,19.01,0,0,36,0,1,1,1,0.156,14.41,0
38.28,7,388,10.83,2,35.51,1,0,17,0,1,1,0,0.087,31.78,0
48.17,22,233,7.87,0,20.27,1,0,15,0,1,1,1,0.585,7.65,0
60.8,3,421,11.25,1,46.84,0,0,34,0,1,0,0,0.128,15.75,0
97.34,2,306,29.52,3,11.84,1,1,16,0,1,1,1,0.135,38.46,0
45.07,14,336,0.73,1,73.15,1,0,32,0,1,0,1,0.096,17.24,0
7.57,5,704,21.63,2,23.96,0,1,61,0,1,0,1,0.224,24.83,0
18.66,0,373,16.49,1,114.57,1,0,22,0,1,1,0,0.065,17.42,0
568.53,17,196,3.42,3,115.17,0,0,5,0,1,1,0,0.081,21.35,1
61.84,22,435,19.87,1,32.43,0,1,25,0,1,1,0,0.178,11.55,0
320.31,10,512,10.29,2,19.65,1,0,17,0,1,1,1,0.069,41.81,0
120.96,2,543,9.84,1,16.36,0,2,27,0,1,1,0,0.123,18.78,0
38.16,12,482,9.9,3,38.32,0,0,18,0,1,1,1,0.218,30.45,0
40.5,16,546,44.71,1,40.72,0,0,46,0,1,1,1,0.314,11.94,0
28.89,17,186,43.33,1,19.59,0,0,7,0,1,0,1,0.305,5.16,0
5.27,13,295,36.73,2,13.27,0,0,19,0,1,1,1,0.251,15.63,0
30.51,6,552,32.67,3,11.31,0,0,11,0,1,1,0,0.445,15.17,0
100.55,6,702,0.57,0,67.79,0,0,55,0,1,1,0,0.302,9.79,0
16.45,13,285,7.68,3,10.45,0,2,15,0,1,1,1,0.04,20.76,0
45.24,23,227,33.79,3,15.82,0,1,11,0,0,1,0,0.252,23.12,0
70.22,14,629,21.11,1,29.4,0,0,33,0,1,1,1,0.018,8.64,0
12.07,11,126,9.15,0,54.48,0,0,9,0,1,1,1,0.375,0.0,0
19.08,11,5,22.26,4,33.93,0,0,0,0,1,1,1,0.206,34.99,0
10.83,7,319,3.5,1,10.71,0,0,24,0,1,1,1,0.368,8.21,0
13.17,15,95,13.74,4,18.23,0,0,3,0,1,1,0,0.232,29.84,0
8.27,8,238,11.42,0,14.99,1,0,23,0,1,1,1,0.272,5.98,0
12.18,1,172,12.78,1,62.72,0,1,10,0,1,1,0,0.208,9.71,0
123.9,13,751,19.19,2,51.26,0,1,49,0,1,0,1,0.013,25.46,0
12.0,23,201,44.88,3,10.22,0,0,14,0,0,1,1,0.064,42.53,0
34.0,23,512,4.6,0,22.28,0,0,33,0,1,1,0,0.089,0.0,0
18.12,15,560,21.29,1,31.82,0,0,35,0,1,0,1,0.102,2.46,0
97.4,4,305,15.54,0,8.45,0,0,5,0,1,1,1,0.343,0.0,0
111.18,4,42,17.82,0,61.43,0,0,2,0,1,1,0,0.199,7.4,0
71.1,19,603,8.4,3,33.03,0,0,53,0,1,1,1,0.201,19.62,0
40.7,20,39,43.39,2,47.79,0,1,3,0,1,1,1,0.091,25.67,0
23.78,17,52,9.8,0,8.38,0,0,2,0,1,1,0,0.062,3.5,0
9.1,17,109,1.94,2,26.96,0,0,8,0,1,1,1,0.027,2.15,0
209.25,4,165,17.12,1,24.62,0,0,14,0,1,0,0,0.098,7.72,0
14.02,10,937,2.07,1,12.72,0,0,49,1,1,1,0,0.201,3.37,0
58.19,12,562,5.84,0,22.13,0,0,37,0,1,1,0,0.192,8.05,0
86.45,2,245,3.88,0,55.98,0,0,17,0,1,1,1,0.271,0.0,0
17.2,16,1923,11.61,1,13.11,0,0,184,0,1,1,1,0.12,0.0,0
84.61,17,140,6.4,1,27.07,1,0,7,0,1,1,0,0.188,21.24,0
64.34,13,471,2.61,1,91.37,0,2,38,0,1,1,1,0.411,3.25,0
168.67,11,939,23.47,0,7.06,1,0,30,0,1,1,0,0.22,1.38,0
18.74,13,810,9.48,1,26.41,0,0,53,0,1,0,0,0.139,0.0,0
8.28,17,47,9.09,0,16.03,0,1,2,0,1,1,1,0.041,0.36,0
18.07,19,597,32.62,0,41.32,0,0,21,0,1,1,1,0.114,0.0,0
36.92,1,149,11.61,0,22.24,2,0,2,0,1,0,1,0.09,15.94,0
31.76,6,220,18.56,1,59.5,0,0,14,0,1,1,1,0.327,19.03,0
20.22,14,336,5.96,2,39.39,0,0,28,0,1,0,0,0.121,12.07,0
4.44,9,782,12.36,2,31.98,0,0,65,0,1,0,1,0.341,16.66,0
47.97,14,91,19.44,1,51.52,0,0,4,0,1,1,0,0.122,1.17,0
215.37,16,57,5.27,0,22.77,0,1,1,0,1,1,0,0.352,0.0,1
47.67,10,83,17.5,0,17.45,0,0,7,0,1,1,1,0.03,0.0,0
55.1,1,123,12.62,0,31.34,0,1,5,0,1,0,0,0.217,0.0,0
53.11,20,31,8.54,2,19.75,2,0,1,0,1,1,0,0.133,37.01,0
44.57,17,1304,18.72,1,10.94,0,0,88,0,1,0,1,0.225,7.44,0
76.07,3,192,5.72,1,11.58,0,0,10,0,1,1,0,0.107,3.75,0
44.49,8,97,18.8,3,9.92,0,0,4,0,1,1,1,0.208,19.48,0
21.92,16,508,12.01,1,26.36,0,0,22,0,1,1,1,0.383,0.0,0
13.52,16,773,4.23,4,27.52,0,0,38,0,1,1,0,0.258,23.95,0
23.36,16,700,16.55,3,7.36,0,0,51,0,1,1,1,0.091,15.35,0
41.02,15,634,32.41,2,63.1,0,0,11,0,1,1,1,0.272,0.0,0
21.84,19,26,5.57,0,66.05,0,0,0,0,1,1,1,0.401,10.67,0
41.03,7,762,25.1,2,23.03,1,0,28,0,1,1,1,0.219,19.91,0
46.49,22,348,6.15,0,54.63,1,1,34,0,1,1,1,0.232,3.87,0
68.94,14,524,25.82,2,18.98,1,0,47,0,1,1,1,0.18,31.59,0
108.07,0,1567,0.79,1,7.76,1,1,81,0,1,1,1,0.264,13.71,0
32.4,18,832,0.11,2,24.39,1,0,62,0,1,1,1,0.195,28.16,0
8.1,14,873,1.8,0,20.01,1,0,31,1,1,1,1,0.071,14.19,0
21.22,8,100,31.07,0,33.34,0,0,9,0,1,1,0,0.217,2.74,0
31.31,4,324,11.44,3,47.62,0,0,30,0,1,1,1,0.232,23.19,0
4.78,15,1491,13.52,3,65.5,0,0,44,0,1,1,0,0.383,15.52,0
120.14,12,437,27.7,0,12.28,1,0,41,0,1,1,1,0.089,7.13,0
34.55,15,54,0.78,2,132.15,0,0,2,0,1,1,1,0.159,17.61,0
43.88,21,658,7.34,1,12.71,1,0,37,0,0,0,0,0.445,5.54,0
117.39,10,22,15.45,1,27.19,0,0,1,0,1,1,0,0.443,19.86,0
15.96,12,678,7.78,3,37.66,0,0,38,0,0,1,1,0.124,25.2,0
53.2,5,1059,0.49,2,22.58,0,0,68,0,1,1,0,0.189,15.6,0
26.85,19,277,15.79,0,5.08,0,1,14,0,1,1,0,0.579,0.0,0
24.93,16,267,7.45,2,9.97,0,0,5,0,0,1,0,0.222,18.79,0
13.84,4,181,0.29,0,20.69,0,0,11,0,1,1,1,0.499,0.0,0
158.48,16,1048,2.8,1,32.07,0,0,21,0,1,0,0,0.353,0.0,0
20.58,0,397,3.68,2,12.34,0,0,9,1,0,1,0,0.369,12.85,0
60.31,4,433,10.72,2,38.6,0,0,32,0,1,1,0,0.474,16.42,0
4.6,4,542,3.09,2,37.08,1,0,30,1,1,1,1,0.096,17.92,0
97.51,6,179,6.73,0,44.87,0,0,11,0,1,1,1,0.102,13.91,0
85.82,15,284,20.83,1,25.79,0,0,8,0,1,1,0,0.033,27.83,0
33.03,17,677,24.73,1,20.04,0,0,49,0,1,0,0,0.086,9.43,0
23.88,5,2116,23.8,2,38.91,0,0,47,1,1,1,1,0.096,4.87,0
44.7,1,17,17.82,0,24.28,0,1,0,0,1,1,1,0.275,0.0,0
295.54,12,22,11.71,3,74.89,0,0,2,0,1,0,0,0.11,26.24,1
5.14,9,279,12.0,1,11.29,0,0,5,0,1,1,1,0.093,11.87,0
65.5,20,539,45.99,3,93.25,0,0,42,0,1,1,0,0.352,31.54,0
12.04,19,244,31.54,3,43.25,0,0,7,0,1,1,0,0.025,39.46,0
29.37,10,3650,15.74,1,27.54,0,1,314,0,1,1,0,0.172,13.75,0
23.39,20,109,9.48,0,31.27,1,0,7,0,0,1,1,0.129,0.0,0
19.52,1,4,19.59,0,28.46,0,1,0,1,1,1,1,0.127,0.0,0
29.65,7,105,0.97,1,25.94,0,0,1,0,1,1,0,0.329,4.47,0
9.64,23,1089,43.4,2,74.16,0,0,70,0,1,1,1,0.103,28.79,0
83.86,21,78,11.9,2,89.67,0,0,6,0,1,1,1,0.27,30.47,0
4.98,18,326,10.48,1,35.52,0,0,24,0,1,1,1,0.03,13.96,0
51.41,19,272,5.16,1,42.48,0,1,11,0,1,1,1,0.179,3.43,0
21.62,16,548,0.05,1,11.19,0,0,42,0,1,1,0,0.081,2.17,0
9.29,15,28,0.95,3,17.21,0,0,1,0,1,1,0,0.188,13.9,0
36.69,9,538,4.58,2,36.71,0,1,31,0,1,1,1,0.248,14.54,0
6.32,4,219,11.7,3,25.17,1,0,7,0,1,1,1,0.433,36.01,0
31.18,13,1302,1.31,1,36.63,0,0,34,0,1,1,0,0.451,1.65,0
7.22,23,945,53.66,3,9.79,1,0,91,0,1,1,1,0.365,31.72,0
47.53,18,255,7.94,1,33.68,0,0,18,0,1,1,0,0.093,8.85,0
11.89,3,2473,5.7,1,141.07,0,0,87,0,1,1,0,0.084,15.73,0
19.09,19,27,11.17,2,13.49,0,0,0,0,1,1,1,0.044,5.27,0
40.2,15,777,1.01,3,34.36,0,0,29,0,1,1,0,0.364,13.78,0
13.84,23,284,28.5,1,19.81,0,0,13,0,1,1,1,0.357,7.22,0
28.28,14,284,9.25,2,55.13,0,0,25,0,1,0,1,0.053,11.41,0
6.59,8,93,2.95,2,31.21,0,1,6,0,1,1,0,0.219,21.39,0
56.31,2,362,2.65,2,18.91,0,0,16,0,1,1,0,0.002,35.25,0
175.02,22,44,6.72,1,15.0,0,0,1,0,1,1,0,0.229,2.83,0
488.92,8,479,12.78,1,39.18,1,0,17,0,1,1,0,0.168,32.89,1
32.82,17,138,8.09,2,19.78,0,0,3,0,1,1,0,0.105,18.13,0
65.9,3,645,13.62,0,192.69,0,0,57,0,1,0,1,0.179,1.14,0
5.05,18,467,18.34,2,31.4,0,1,26,0,1,1,0,0.169,21.17,0
134.66,23,686,20.7,2,40.0,1,0,65,0,1,1,0,0.228,17.5,0
65.12,3,693,7.69,1,6.33,0,1,56,0,1,1,0,0.139,12.98,0
18.47,8,110,18.93,0,31.09,1,0,8,0,1,1,1,0.093,17.85,0
103.25,0,1,2.29,0,7.42,0,1,0,0,1,1,0,0.318,3.02,0
23.23,0,228,10.8,6,22.29,0,0,12,0,1,1,1,0.154,50.45,0
18.95,19,1257,1.13,4,55.21,0,0,45,0,1,1,1,0.052,30.63,0
48.2,18,431,4.2,2,104.43,0,0,35,1,1,1,0,0.107,9.06,0
10.35,2,650,13.13,1,68.55,0,0,36,0,1,0,1,0.344,8.94,0
83.23,9,1058,20.23,0,30.69,0,0,87,0,0,1,0,0.161,0.0,0
10.42,11,1183,1.5,2,75.69,0,0,27,0,1,1,0,0.123,33.78,0
10.48,17,376,3.48,1,113.28,0,0,16,0,1,1,0,0.106,19.83,0
12.07,13,389,72.24,1,12.3,0,1,9,0,1,1,1,0.47,6.55,0
64.04,9,952,6.18,2,65.77,1,0,62,1,1,1,1,0.248,25.98,0
16.17,9,824,5.01,3,14.86,0,0,63,0,1,1,0,0.141,23.55,0
7.78,17,600,1.34,0,23.11,0,0,49,0,1,1,0,0.114,0.0,0
16.35,23,464,17.8,2,38.12,0,0,22,0,1,1,1,0.474,2.34,0
29.02,0,480,10.65,0,70.78,0,0,13,0,1,1,0,0.037,26.92,0
9.2,14,225,2.57,0,22.71,0,0,21,0,1,1,0,0.312,6.27,0
9.47,7,919,15.03,0,11.38,0,1,29,0,1,0,1,0.323,0.76,0
247.47,2,481,11.19,3,6.67,0,1,20,0,1,1,1,0.235,32.78,1
12.67,17,126,12.48,1,21.23,0,0,5,0,1,1,1,0.321,10.58,0
21.69,8,137,79.05,2,84.41,1,0,11,0,1,1,0,0.025,33.95,0
20.75,15,989,0.44,1,17.92,0,0,85,0,1,1,0,0.388,19.92,0
19.66,20,491,36.97,3,66.52,1,0,19,0,1,1,1,0.135,35.87,0
55.78,14,254,27.67,4,14.56,0,0,10,0,1,1,0,0.424,22.27,0
77.33,4,104,8.05,0,29.2,1,0,7,0,1,1,0,0.095,2.51,0
22.07,12,471,31.92,2,34.09,0,0,41,0,1,1,1,0.264,12.9,0
8.7,21,102,15.69,1,50.54,0,0,2,0,1,1,1,0.154,0.0,0
107.17,19,318,33.02,1,11.53,0,0,31,0,1,1,0,0.184,15.01,0
27.24,6,566,13.55,1,21.14,0,0,41,0,1,1,1,0.245,4.85,0
169.07,15,417,3.65,1,66.11,0,0,17,0,1,1,1,0.204,12.14,0
3.17,6,1276,12.88,1,8.97,0,0,102,0,1,1,0,0.187,8.64,0
36.43,21,20,2.96,2,46.79,0,0,0,0,1,1,0,0.084,15.23,0
204.1,15,164,2.28,2,10.02,0,0,15,0,1,0,1,0.152,11.4,0
21.05,12,29,15.92,1,23.68,0,0,1,0,1,1,0,0.336,5.0,0
23.92,16,108,44.2,0,28.27,0,0,3,1,1,1,0,0.201,0.7,0
40.27,8,66,13.32,1,15.77,0,0,4,0,1,1,0,0.164,8.47,0
17.14,11,660,23.83,1,50.74,0,1,16,0,1,1,1,0.128,18.15,0
21.93,12,231,2.77,0,30.68,0,0,12,0,1,1,1,0.336,2.57,0
21.37,8,1295,15.93,2,44.59,2,0,122,1,1,1,0,0.156,37.29,0
16.0,4,12,19.81,0,15.94,0,0,0,0,1,1,1,0.249,15.14,0
102.4,6,529,0.64,1,76.87,0,0,12,1,1,0,1,0.165,4.26,0
47.52,0,1762,1.53,1,50.46,0,0,158,0,1,1,0,0.165,0.0,0
38.5,3,97,22.82,1,23.35,0,0,8,0,1,1,1,0.359,21.32,0
67.26,3,292,8.7,2,10.42,1,0,22,0,1,1,1,0.302,24.49,0
23.0,15,605,7.8,1,80.87,0,1,18,0,1,1,1,0.209,19.78,0
13.82,4,501,37.96,6,12.33,0,0,34,1,1,1,1,0.186,41.78,0
16.4,21,417,72.36,0,38.17,0,0,34,0,1,0,0,0.033,0.0,0
30.02,3,198,21.68,5,29.03,0,0,15,0,1,1,1,0.11,42.8,0
10.39,5,651,23.6,0,25.37,0,0,28,0,1,1,1,0.3,0.0,0
18.17,22,530,3.5,3,10.96,0,0,50,0,1,1,0,0.278,19.3,0
17.88,2,89,3.2,3,12.41,0,0,2,1,1,1,0,0.11,19.95,0
250.78,7,1663,59.2,2,85.99,0,0,88,0,1,1,1,0.103,7.01,0
1.87,16,406,17.82,2,33.97,0,0,20,0,1,1,0,0.407,7.25,0
25.04,17,373,17.41,1,58.63,0,0,34,0,1,1,0,0.129,9.26,0
168.29,17,943,5.06,1,4.53,1,0,32,0,1,1,1,0.256,22.56,0
33.85,11,511,32.64,2,18.47,0,0,41,0,1,1,1,0.442,18.8,0
63.65,0,39,0.68,2,51.87,0,0,2,1,1,1,0,0.142,8.15,0
33.11,22,353,4.82,4,16.32,0,0,23,0,1,1,0,0.123,33.88,0
15.37,11,758,2.98,1,6.46,1,0,13,0,1,1,0,0.21,14.94,0
3.18,10,602,18.62,1,46.98,0,0,43,0,1,1,1,0.257,3.98,0
36.8,12,1766,18.85,2,5.68,1,1,62,0,1,1,0,0.469,22.46,0
13.8,2,13,11.48,1,38.69,0,0,0,0,1,1,1,0.48,17.57,0
13.46,7,151,0.08,1,32.68,0,2,8,0,1,1,0,0.482,8.89,0
18.19,2,398,31.04,1,21.17,1,0,38,0,1,1,1,0.246,18.29,0
171.55,16,483,46.71,2,27.99,1,0,26,0,1,1,0,0.21,23.77,0
331.9,12,160,3.39,0,26.82,1,0,8,0,0,1,0,0.294,6.73,1
37.23,9,877,27.7,2,52.22,0,0,70,0,1,1,1,0.256,5.93,0
18.83,16,90,54.34,1,40.36,0,0,4,0,1,1,0,0.084,9.41,0
9.23,2,1,5.94,2,61.8,1,0,0,1,1,1,1,0.033,28.54,0
47.87,12,1522,3.07,3,137.85,1,0,92,0,1,1,0,0.211,36.13,0
178.2,21,248,56.94,3,14.23,0,0,22,0,0,1,0,0.204,27.72,1
23.4,5,1579,0.92,2,24.26,1,0,113,0,1,1,1,0.164,24.46,0
2.78,13,163,4.84,2,13.9,1,0,11,0,1,1,0,0.252,6.81,0
58.56,9,33,20.32,1,72.98,0,1,2,0,1,1,1,0.641,8.81,1
80.27,19,740,14.41,2,22.8,1,0,42,0,1,1,1,0.108,22.64,0
6.14,15,903,17.3,1,23.66,0,0,42,0,1,0,0,0.131,5.23,0
35.75,17,339,18.47,3,26.1,0,0,28,0,1,1,1,0.153,29.07,0
47.05,12,38,17.38,1,14.07,0,0,2,1,1,1,0,0.269,6.88,0
27.85,9,531,6.28,1,4.11,0,0,13,0,1,0,1,0.331,21.18,0
13.59,5,101,5.6,2,34.13,0,1,7,0,1,1,0,0.06,9.84,0
82.76,9,947,8.39,0,15.64,1,1,19,0,1,1,0,0.503,11.88,0
20.02,4,160,24.73,0,28.49,0,0,15,1,1,1,0,0.066,13.04,0
6.79,5,941,41.78,1,180.86,0,1,40,1,1,1,0,0.042,9.68,0
3.86,6,278,9.11,4,102.97,0,0,7,0,1,1,0,0.094,33.24,0
105.73,10,454,1.35,2,21.75,0,0,16,1,1,1,1,0.314,17.18,0
55.52,15,779,41.78,1,35.56,0,0,74,0,1,1,1,0.054,16.44,0
32.72,11,21,1.26,3,43.13,0,0,1,0,1,1,1,0.291,25.33,0
19.29,11,861,2.6,1,48.48,0,0,84,0,1,1,0,0.132,3.78,0
17.65,22,75,30.34,1,15.7,0,1,3,0,1,1,0,0.042,10.99,0
10.22,19,222,12.03,0,18.5,0,1,4,0,1,1,0,0.357,10.02,0
19.46,4,320,6.52,0,50.31,0,0,29,0,1,1,1,0.072,1.42,0
3.6,15,1129,40.09,0,18.18,0,2,105,0,1,0,0,0.288,14.92,0
14.35,5,11,48.47,1,58.0,0,0,0,1,1,1,1,0.014,6.87,0
21.96,8,410,6.02,0,17.37,0,0,29,1,1,1,0,0.38,0.63,0
55.14,4,514,30.42,0,71.03,0,1,19,1,1,1,0,0.136,5.41,0
28.79,20,190,17.02,1,17.96,0,0,13,0,1,0,0,0.217,23.13,0
66.35,22,172,4.81,2,39.0,0,0,3,0,1,1,1,0.083,7.38,0
115.48,15,337,42.56,2,55.12,0,0,15,0,1,1,0,0.513,29.14,0
86.33,17,104,0.98,1,16.24,0,1,5,0,1,0,1,0.408,18.28,0
47.97,18,316,5.74,0,117.53,0,0,13,0,1,0,0,0.275,10.87,0
30.32,11,724,7.57,1,96.5,0,0,41,0,1,1,1,0.283,4.27,0
11.24,1,933,17.6,1,26.09,0,0,66,0,1,1,1,0.336,0.45,0
62.8,9,243,0.59,3,45.54,0,0,14,0,1,1,0,0.106,14.42,0
160.73,11,480,33.08,0,39.84,0,1,25,0,0,1,0,0.138,3.19,0
42.19,13,1,16.14,2,24.24,0,0,0,1,1,1,0,0.038,31.79,0
203.82,17,400,4.82,4,6.9,0,0,34,0,1,1,0,0.253,30.47,0
6.52,18,1849,16.11,1,20.96,0,1,99,0,1,0,1,0.094,0.0,0
9.45,5,187,11.55,1,8.76,0,0,10,0,1,1,1,0.465,0.53,0
70.47,4,452,6.15,1,24.65,0,0,40,0,1,1,1,0.052,6.86,0
39.03,15,718,0.44,2,156.41,0,0,12,0,0,1,1,0.359,28.28,0
111.47,13,469,12.01,1,16.35,0,0,23,0,0,1,1,0.212,9.61,0
29.5,12,271,1.29,1,8.79,0,1,5,0,1,1,1,0.136,11.46,0
12.58,20,83,24.92,1,54.51,0,0,3,1,1,1,0,0.16,6.06,0
24.2,1,312,1.39,1,32.01,0,0,11,0,1,1,0,0.134,13.27,0
6.47,1,175,8.4,1,109.07,0,0,11,0,1,1,0,0.202,13.32,0
9.69,11,595,8.55,0,6.56,0,0,32,0,1,1,1,0.376,0.0,0
79.24,0,292,12.19,4,18.28,0,2,7,0,1,1,0,0.143,43.19,1
71.72,18,948,0.6,1,11.06,1,0,57,0,1,1,0,0.082,10.94,0
43.08,15,107,3.42,1,46.95,0,0,7,0,1,1,1,0.335,4.7,0
5.36,6,270,3.34,3,53.85,0,0,5,0,1,1,1,0.266,19.97,0
20.94,20,408,13.71,1,16.81,0,0,7,0,1,1,0,0.154,7.21,0
8.8,6,67,4.59,3,39.45,0,1,6,0,1,1,1,0.088,27.1,0
97.18,15,443,2.34,2,121.95,0,0,28,1,1,1,0,0.246,15.71,0
16.71,5,172,0.28,3,19.94,0,2,4,0,1,1,1,0.356,24.54,0
10.12,17,130,27.54,2,81.4,1,1,9,0,1,1,1,0.158,18.6,0
30.87,0,77,53.39,3,5.45,0,0,6,0,0,1,1,0.299,23.78,0
15.8,0,215,18.22,1,27.61,0,0,20,0,1,1,0,0.283,17.88,0
132.12,13,1322,7.98,1,98.98,0,0,113,0,1,1,1,0.314,7.68,0
14.37,5,16,1.95,0,7.53,0,1,1,0,1,1,0,0.663,2.67,1
7.39,5,956,9.67,1,66.73,0,0,85,0,1,1,1,0.253,2.92,0
3.48,3,253,9.17,1,10.9,0,0,14,0,1,1,0,0.27,9.21,0
29.06,11,412,8.17,1,18.29,0,1,23,0,1,0,1,0.098,7.42,0
17.08,17,360,7.13,2,18.76,0,0,26,0,1,1,1,0.073,18.73,0
7.18,9,1300,10.3,0,19.39,0,1,116,1,1,1,1,0.343,7.32,0
98.42,2,735,1.14,4,49.54,0,0,25,1,1,1,1,0.106,39.06,0
58.4,2,2094,0.59,2,12.79,1,0,110,0,1,1,1,0.174,29.67,0
29.13,7,791,0.99,1,364.93,0,0,62,0,1,1,1,0.125,12.62,0
117.25,21,175,3.35,0,24.86,0,1,7,0,1,1,1,0.156,0.0,0
58.12,22,1647,4.89,2,64.36,1,1,35,0,1,1,1,0.125,32.16,0
13.16,0,2054,2.79,2,56.84,1,1,104,0,1,1,0,0.263,39.03,0
10.6,17,66,4.35,7,21.73,0,0,6,0,1,1,1,0.342,54.38,0
67.9,14,1157,3.08,0,30.88,1,2,81,0,1,1,1,0.2,0.9,0
44.54,20,546,2.45,6,20.08,0,0,44,0,1,1,1,0.218,40.49,0
35.51,19,1275,5.2,0,36.83,0,0,32,0,1,1,0,0.297,4.37,0
12.85,16,1237,7.6,2,9.91,0,0,75,0,1,1,0,0.155,0.0,0
55.03,10,1110,20.45,0,44.46,0,0,99,0,1,1,1,0.146,1.48,0
14.08,12,1083,46.7,0,41.28,1,0,97,0,1,1,0,0.575,5.72,0
27.06,19,63,37.69,2,45.48,0,0,6,0,1,1,1,0.178,25.05,0
127.35,9,77,9.69,0,31.77,0,0,6,0,1,0,0,0.297,0.9,0
15.47,12,63,9.28,2,9.73,1,0,5,0,1,1,1,0.264,25.8,0
6.22,16,48,2.01,3,14.38,0,0,1,0,1,1,0,0.319,18.35,0
10.46,20,218,53.49,1,41.48,0,0,4,0,1,1,0,0.204,6.58,0
80.99,0,576,21.41,1,20.39,0,0,41,0,1,1,0,0.265,0.0,0
38.66,19,219,28.22,0,12.06,0,1,16,0,1,1,0,0.343,13.01,0
26.34,15,637,4.0,3,67.48,0,1,59,0,1,1,0,0.099,29.63,0
18.01,15,858,7.69,0,17.81,0,0,54,0,1,1,0,0.238,7.18,0
48.68,20,549,1.62,1,18.79,1,0,28,0,1,1,1,0.113,31.1,0
12.82,2,313,42.41,4,23.85,1,0,29,0,1,1,1,0.127,52.35,0
40.68,1,175,5.05,1,37.93,0,0,5,0,1,1,0,0.144,18.44,0
14.42,5,66,13.6,0,29.88,0,0,3,0,1,1,1,0.335,4.29,0
12.21,10,340,2.48,2,75.21,1,1,6,0,1,1,1,0.446,25.92,0
15.84,2,636,24.35,1,35.11,0,0,52,0,1,1,1,0.266,9.56,0
20.59,0,397,3.09,2,39.27,0,0,27,0,1,1,1,0.259,15.63,0
28.54,10,639,24.86,0,14.14,0,0,26,0,1,1,1,0.213,0.0,0
37.92,12,204,7.71,1,8.53,0,0,12,0,1,1,1,0.057,24.25,0
1.0,4,35,12.93,0,36.27,0,0,2,0,1,1,1,0.06,0.0,0
13.36,17,737,4.71,3,109.5,0,0,60,0,1,1,0,0.304,25.89,0
20.26,14,124,32.16,0,53.18,0,0,3,1,1,1,1,0.117,0.0,0
134.97,17,479,21.4,1,69.64,0,0,15,0,1,1,1,0.468,1.12,0
10.18,14,816,6.56,1,30.27,0,0,49,0,1,1,0,0.05,12.91,0
35.26,19,75,13.21,1,58.32,0,1,5,0,1,1,1,0.101,10.93,0
133.62,19,456,2.07,2,55.44,0,0,41,0,1,1,1,0.159,11.34,0
8.06,19,585,2.62,4,20.8,0,1,36,0,1,1,1,0.188,21.75,0
44.43,6,686,11.44,1,20.37,0,0,28,0,1,1,0,0.256,19.31,0
13.43,16,80,15.35,1,17.98,0,0,7,0,1,1,1,0.228,1.94,0
18.09,7,872,12.23,1,17.26,0,1,84,0,1,1,0,0.065,10.38,0
13.42,12,49,12.29,1,6.74,1,0,1,0,1,1,1,0.08,19.22,0
14.41,15,367,20.34,0,14.61,0,0,24,0,1,1,1,0.164,0.0,0
455.74,9,293,34.9,3,15.01,0,0,12,0,1,1,0,0.198,20.31,1
69.72,13,125,7.36,1,23.67,0,0,11,1,1,1,1,0.056,2.4,0
90.17,5,180,11.55,1,94.18,1,0,9,0,1,1,0,0.234,20.63,0
49.01,19,90,33.53,1,36.23,0,0,8,1,1,1,0,0.454,2.1,0
6.01,21,277,9.36,3,65.94,0,0,15,0,1,1,0,0.181,17.77,0
44.48,6,18,8.84,0,5.88,0,0,1,0,1,1,1,0.134,2.0,0
87.61,5,1099,21.82,1,65.88,0,0,49,0,0,1,1,0.11,0.0,0
12.76,16,89,31.47,1,44.71,0,0,5,0,1,1,0,0.393,12.09,0
78.68,20,1086,20.07,0,47.82,1,0,80,0,1,1,1,0.063,14.16,0
60.6,23,996,1.58,4,23.55,1,0,32,0,1,1,0,0.287,29.0,0
190.96,7,300,9.38,1,147.71,0,0,9,0,1,1,0,0.185,6.59,0
19.73,11,344,3.57,2,43.26,0,0,8,0,1,1,1,0.143,23.91,0
10.0,3,180,5.73,2,11.02,0,0,8,0,1,1,1,0.456,19.09,0
20.87,9,2884,9.49,0,20.29,0,0,189,0,1,1,0,0.274,0.0,0
125.91,5,556,3.76,0,60.5,0,0,14,0,1,1,1,0.181,0.0,0
4.81,6,1516,10.88,5,34.19,0,0,44,0,0,1,1,0.407,45.41,0
3.79,20,268,15.46,2,32.39,0,0,22,0,1,1,1,0.205,26.29,0
32.77,7,1073,31.18,2,61.24,0,1,56,0,1,0,0,0.115,19.32,0
19.25,2,297,3.56,0,31.4,0,0,7,0,1,1,0,0.234,6.52,0
30.2,7,1008,5.58,0,92.55,1,1,43,0,1,1,1,0.13,13.45,0
77.12,14,70,7.81,1,113.55,2,0,3,0,1,1,0,0.258,31.22,0
17.24,20,506,3.81,0,18.72,0,0,18,1,1,1,0,0.31,0.0,0
4.6,0,568,6.05,1,83.21,0,0,41,0,1,1,1,0.053,10.54,0
231.48,12,534,32.23,1,9.99,0,0,44,0,1,1,1,0.246,2.1,0
11.05,21,296,2.24,2,26.39,0,0,24,0,1,0,1,0.227,11.6,0
10.39,17,576,8.8,4,26.41,0,0,36,0,1,0,1,0.074,29.05,0
90.35,14,137,5.59,3,47.46,0,0,7,0,1,1,1,0.083,23.38,0
20.4,6,453,1.2,0,20.61,0,0,42,0,1,1,0,0.288,0.0,0
28.12,14,404,1.52,1,26.54,0,0,10,0,1,0,1,0.168,17.73,0
48.56,2,192,23.05,1,70.37,0,0,11,0,1,1,0,0.14,5.95,0
88.55,13,754,28.69,2,114.92,0,0,32,0,1,1,1,0.195,13.46,0
21.47,19,42,20.29,2,71.34,0,0,2,0,1,1,0,0.346,14.98,0
137.0,3,94,11.62,3,87.07,0,0,6,0,1,0,1,0.112,19.07,0
3.54,3,319,22.22,1,13.0,0,0,20,0,1,0,1,0.162,8.13,0
64.06,2,1112,2.47,1,7.44,0,0,84,0,1,1,1,0.334,23.16,0
12.94,4,428,22.73,0,70.84,0,1,7,0,1,1,0,0.369,0.0,0
118.19,10,923,8.26,5,13.98,0,0,52,0,1,1,1,0.136,34.82,0
34.54,7,364,20.81,1,17.49,1,0,27,0,1,1,1,0.574,22.3,0
15.29,1,770,3.88,0,37.63,0,0,63,0,1,1,0,0.157,0.0,0
58.14,15,197,26.81,3,38.58,0,0,5,0,1,1,1,0.125,22.0,0
73.2,9,844,12.59,2,43.6,0,0,36,0,1,1,1,0.105,10.94,0
56.93,17,257,0.11,1,18.99,0,2,16,0,1,1,1,0.461,2.79,0
10.7,6,409,10.99,2,22.04,1,0,19,0,1,1,1,0.126,36.27,0
18.47,4,97,5.57,2,45.01,0,0,4,0,1,1,0,0.213,12.41,0
29.84,6,1266,0.89,3,14.03,1,0,38,0,1,1,0,0.018,38.43,0
28.75,20,604,8.89,1,19.97,0,0,21,0,1,1,1,0.172,19.1,0
63.42,5,979,5.6,2,94.34,0,0,39,0,0,1,1,0.292,31.75,0
4.0,23,117,3.43,0,55.28,0,0,8,1,1,1,0,0.233,7.4,0
41.86,0,35,6.44,1,19.74,1,0,1,0,1,1,0,0.038,29.78,0
22.42,10,206,2.97,2,7.03,0,0,7,0,1,1,0,0.168,16.82,0
12.96,12,364,5.35,1,17.86,1,0,7,0,1,1,1,0.157,17.21,0
14.26,11,811,1.84,2,44.26,0,0,51,0,0,1,0,0.113,7.78,0
24.18,0,254,1.32,2,30.09,0,1,8,0,1,1,0,0.144,11.34,0
1.0,20,157,36.12,0,29.44,0,1,10,0,1,0,1,0.271,4.23,0
14.86,14,233,34.96,3,261.62,1,1,14,0,1,1,1,0.063,35.83,0
12.48,0,608,26.4,2,56.43,0,0,27,0,1,1,1,0.074,18.5,0
51.05,2,205,3.93,0,72.46,0,0,7,0,0,0,0,0.212,0.0,0
13.39,14,1936,19.41,1,39.52,0,0,102,0,1,1,0,0.028,0.0,0
24.16,8,96,13.36,3,75.11,0,0,4,0,1,1,1,0.085,37.34,0
140.09,13,699,0.79,1,52.72,0,0,31,0,1,1,0,0.123,16.84,0
80.99,22,445,34.48,0,140.31,0,0,42,0,1,1,0,0.073,7.67,0
73.87,21,133,93.09,1,9.01,2,0,8,0,1,1,1,0.217,29.3,1
18.18,23,700,18.5,2,15.39,0,1,50,0,1,1,0,0.262,10.34,0
51.57,7,297,3.95,1,9.52,0,1,9,0,1,1,1,0.037,7.3,0
23.71,21,573,12.13,1,19.49,0,0,28,0,1,1,0,0.313,1.34,0
24.63,3,543,1.74,3,29.8,0,0,20,0,1,1,1,0.161,20.08,0
45.14,19,59,5.32,3,83.33,1,0,5,0,1,1,0,0.159,34.65,0
16.49,19,916,18.95,1,154.56,0,2,50,1,1,1,1,0.238,7.32,0
133.35,5,572,5.37,1,29.81,0,3,53,0,1,1,1,0.306,1.06,1
25.53,0,758,2.39,2,29.98,0,0,44,0,1,1,1,0.165,21.8,0
55.61,17,297,0.11,1,35.09,1,0,29,0,1,1,0,0.085,14.95,0
128.46,5,108,12.75,1,25.63,0,0,8,0,0,1,0,0.081,0.0,0
84.07,13,197,51.95,0,15.89,0,0,12,0,1,1,1,0.202,0.0,0
7.32,10,1159,9.93,2,26.45,0,1,82,0,1,1,1,0.152,9.73,0
46.75,16,1390,3.59,1,16.68,0,0,34,0,1,1,0,0.227,0.85,0
70.16,8,329,9.33,1,23.07,0,0,22,0,1,1,1,0.33,5.28,0
73.1,21,177,13.82,1,29.79,0,0,7,0,1,1,1,0.078,3.72,0
9.84,6,655,24.24,0,29.69,0,0,53,0,0,1,0,0.094,0.0,0
15.53,13,726,9.04,2,28.67,0,0,36,1,1,1,0,0.157,10.82,0
81.01,16,845,2.85,0,18.6,0,1,75,0,1,1,1,0.441,9.11,0
13.99,7,16,3.12,0,48.49,0,0,0,0,1,1,0,0.198,0.0,0
22.2,15,5,34.5,2,62.27,0,0,0,0,1,1,0,0.219,12.04,0
144.88,11,221,4.04,1,11.64,1,0,12,0,1,1,1,0.167,6.24,0
28.57,11,83,19.53,1,27.15,0,0,4,0,1,1,1,0.04,0.0,0
14.49,4,817,4.7,1,36.13,0,1,17,0,1,1,1,0.088,15.8,0
12.46,4,381,19.12,2,33.17,0,0,30,0,1,1,0,0.181,17.68,0
41.79,13,872,1.22,2,34.27,0,0,42,0,1,1,1,0.355,28.42,0
7.9,5,97,3.49,3,6.89,0,0,5,0,1,1,1,0.149,21.4,0
23.4,6,493,7.88,1,109.46,0,0,37,0,1,1,0,0.127,10.42,0
41.81,22,434,10.86,1,25.6,1,0,8,0,1,1,1,0.195,18.17,0
109.85,20,208,6.53,5,25.31,0,0,7,0,1,1,1,0.271,29.77,0
58.41,16,364,12.78,1,50.61,1,0,12,0,1,1,1,0.59,16.24,0
14.67,8,445,5.9,2,8.0,2,0,26,0,1,1,1,0.125,28.54,0
97.36,21,1101,17.02,0,22.94,1,0,96,0,1,1,1,0.17,0.0,0
22.21,12,29,10.74,1,20.07,0,0,1,0,1,0,1,0.162,20.83,0
8.71,8,867,18.32,2,72.08,0,0,36,0,1,1,0,0.211,19.44,0
25.23,15,1960,8.46,1,29.2,0,0,49,0,1,1,0,0.273,4.03,0
126.24,3,658,31.37,1,14.62,0,0,11,0,1,1,0,0.155,5.17,0
35.35,1,668,7.22,1,28.58,1,0,26,0,1,1,0,0.218,34.1,0
30.34,12,123,5.53,2,26.62,0,0,6,0,1,1,1,0.074,15.36,0
154.04,12,370,12.22,0,12.85,0,0,17,0,1,1,1,0.142,0.0,0
7.16,18,612,10.67,1,24.58,0,0,33,0,1,1,0,0.381,24.69,0
8.28,11,461,10.95,2,70.25,0,0,24,0,1,1,0,0.389,13.74,0
5.95,3,243,23.85,0,42.46,1,0,13,0,1,1,1,0.318,15.77,0
43.5,9,1408,13.32,0,85.16,0,0,102,1,1,1,1,0.246,4.75,0
35.39,15,361,32.48,1,38.04,0,0,17,0,1,1,0,0.05,0.24,0
140.15,23,1751,14.48,0,34.28,0,0,148,0,1,1,0,0.16,4.53,0
38.22,18,415,0.33,0,6.04,1,0,34,0,1,1,1,0.459,0.0,0
20.0,7,788,30.65,1,48.54,1,0,28,0,1,1,1,0.065,31.24,0
30.02,5,677,27.47,1,8.99,1,0,17,0,1,1,0,0.094,14.73,0
33.71,3,541,0.75,0,95.28,0,0,49,0,1,1,0,0.389,2.27,0
5.63,6,7,2.01,1,27.89,0,0,0,0,1,1,0,0.083,7.6,0
450.49,13,40,12.19,0,35.65,0,0,2,0,1,1,0,0.295,3.88,1
50.39,12,436,0.66,1,21.04,1,0,38,0,0,0,0,0.104,27.16,0
36.97,20,1214,7.94,1,10.03,0,0,20,0,1,0,1,0.385,12.23,0
55.43,4,460,55.55,0,40.34,0,0,17,0,1,1,1,0.298,0.0,0
60.91,8,135,2.85,1,7.13,0,0,5,0,1,1,0,0.229,16.12,0
26.04,2,193,3.46,0,19.65,0,1,14,0,1,1,1,0.417,4.1,0
15.94,9,488,16.92,0,17.34,0,0,34,0,1,0,0,0.061,8.3,0
54.57,14,454,0.67,2,15.51,0,0,28,0,1,1,0,0.193,29.89,0
44.07,19,1558,25.78,1,69.65,0,0,144,0,1,1,1,0.189,26.46,0
13.33,20,377,3.33,1,26.38,0,1,37,0,1,1,0,0.318,12.04,0
123.85,16,219,11.38,1,17.45,0,1,4,0,1,0,0,0.291,5.15,0
40.18,22,372,4.29,0,10.23,0,0,33,0,1,1,1,0.302,9.68,0
62.17,23,771,16.13,1,43.88,2,0,26,0,1,1,1,0.094,22.11,0
120.53,5,389,13.27,3,64.75,2,0,11,0,1,1,1,0.287,46.58,0
30.63,2,197,43.9,1,30.43,0,0,16,0,1,1,1,0.213,2.36,0
41.14,17,207,8.85,0,41.54,1,0,14,0,1,1,0,0.384,8.82,0
67.36,4,707,31.18,1,66.77,0,1,15,0,1,1,1,0.06,14.24,0
14.51,12,34,12.86,0,30.1,2,0,1,0,1,1,1,0.612,20.99,1
31.63,0,161,36.88,1,93.43,0,0,12,0,1,1,1,0.277,9.1,0
33.97,16,83,5.18,1,116.38,0,0,1,0,1,0,0,0.208,9.89,0
11.52,2,1447,11.97,1,40.37,0,0,58,0,1,1,1,0.152,2.77,0
304.19,18,47,7.42,1,10.12,0,0,2,0,1,1,0,0.158,0.0,0
7.34,20,710,1.02,0,50.65,0,0,65,1,1,1,0,0.204,0.0,0
8.18,19,498,12.81,0,35.71,0,0,43,0,1,1,1,0.208,1.81,0
111.52,21,501,23.71,0,9.12,0,0,17,0,1,0,0,0.018,0.0,0
61.15,11,721,12.19,1,20.6,1,0,30,0,1,1,1,0.211,7.62,0
10.74,7,256,4.91,2,38.05,0,0,15,0,1,1,0,0.304,22.28,0
55.0,7,256,4.59,0,28.49,0,0,13,0,1,1,1,0.374,0.0,0
130.04,14,170,4.07,2,15.72,0,0,13,0,1,0,0,0.26,12.53,0
29.07,10,455,58.41,1,15.63,0,0,43,0,1,1,0,0.361,0.0,0
402.95,19,1328,7.64,3,14.34,0,0,90,0,1,1,0,0.299,28.3,1
5.34,0,1288,5.72,0,25.47,1,1,33,0,1,1,1,0.075,18.39,0
59.97,15,607,8.13,2,26.08,0,0,32,0,1,1,1,0.102,23.09,0
96.21,13,1183,1.85,2,154.5,0,0,73,0,1,1,1,0.099,7.99,0
73.06,6,1655,3.27,1,20.95,0,1,159,0,1,0,1,0.122,10.24,0
24.43,5,793,10.67,0,3.19,0,0,36,0,1,1,1,0.163,0.0,0
22.41,20,262,24.06,3,13.48,1,0,18,0,1,1,1,0.346,23.14,0
46.72,3,330,31.36,1,15.54,0,0,5,0,1,1,1,0.184,13.74,0
67.75,21,1339,30.15,1,31.38,2,0,71,0,1,1,1,0.329,27.06,0
54.73,7,554,43.44,2,16.41,0,1,11,0,1,0,1,0.114,4.23,0
84.78,21,859,2.02,4,119.7,0,0,31,0,1,1,0,0.073,28.78,0
10.82,18,62,0.63,1,26.01,0,0,3,0,1,1,0,0.077,10.5,0
23.86,2,108,1.68,1,16.75,0,0,7,0,1,1,0,0.126,13.77,0
11.7,3,211,13.77,1,18.26,1,0,18,0,1,1,0,0.282,16.09,0
20.37,12,104,12.18,3,23.31,0,0,3,0,1,1,0,0.381,6.64,0
82.7,20,1185,16.69,5,51.07,0,0,50,1,1,1,0,0.294,39.68,0
33.38,1,122,6.96,4,20.45,0,0,7,0,1,1,1,0.246,37.75,0
406.21,10,407,7.45,1,34.28,0,0,13,0,1,1,1,0.16,0.0,1
36.36,15,45,11.83,2,32.32,1,0,4,0,1,1,1,0.266,10.59,0
31.81,9,84,1.24,1,9.94,0,0,7,0,1,1,0,0.103,6.59,0
33.32,14,142,24.13,3,36.85,0,0,12,0,1,1,0,0.229,34.71,0
15.83,9,2034,38.43,1,39.08,0,0,155,0,0,1,1,0.173,7.72,0
28.28,1,797,7.35,0,41.27,1,0,79,0,1,1,0,0.284,18.27,0
92.55,5,560,20.18,3,20.64,0,0,47,0,0,1,0,0.078,23.49,0
33.58,13,1240,11.94,1,23.02,0,0,71,0,1,1,0,0.121,7.43,0
13.55,1,1564,4.04,2,17.84,0,0,122,0,1,1,1,0.166,8.13,0
11.88,9,302,1.05,1,52.56,0,1,7,0,1,1,1,0.197,6.74,0
19.1,16,199,4.23,1,9.91,0,0,18,0,1,1,1,0.068,6.19,0
32.26,7,189,13.93,1,30.07,0,0,18,0,1,1,1,0.126,4.95,0
98.85,15,18,0.62,4,176.36,0,0,1,0,1,1,1,0.283,26.09,0
7.84,13,164,27.14,1,29.4,0,0,3,0,0,1,1,0.153,2.57,0
21.76,9,219,52.75,3,93.07,1,0,6,0,1,1,0,0.142,44.67,0
34.62,12,19,1.31,4,19.85,0,0,0,0,1,1,0,0.264,25.85,0
4.79,0,1071,4.25,0,32.69,0,0,55,0,1,1,0,0.069,4.67,0
13.02,9,941,16.89,3,14.79,0,0,18,0,1,1,0,0.338,28.11,0
15.18,21,145,24.6,2,7.91,0,0,13,0,1,1,1,0.255,16.8,0
13.52,11,811,6.37,0,16.26,0,0,53,0,1,1,1,0.303,0.0,0
36.3,16,795,10.86,0,15.5,1,0,50,0,1,0,1,0.122,17.74,0
25.52,23,204,33.35,1,16.01,0,0,10,0,1,1,1,0.186,18.9,0
17.2,13,597,7.28,3,41.37,0,0,26,0,1,1,1,0.125,17.39,0
45.97,4,171,1.28,2,20.75,1,1,9,0,1,1,1,0.189,25.66,0
167.85,18,36,79.16,1,16.91,0,0,2,0,1,0,0,0.091,4.43,0
154.36,4,351,2.98,2,19.36,0,0,26,0,1,1,1,0.263,22.55,0
4.38,14,288,0.75,3,18.44,1,1,8,0,1,1,0,0.226,30.56,0
53.36,12,74,7.93,1,21.3,1,0,4,0,1,0,0,0.176,21.28,0
25.08,16,337,1.94,4,86.45,0,0,21,0,1,1,0,0.211,30.32,0
34.99,0,1492,57.76,1,59.77,0,0,70,0,1,1,0,0.102,4.25,0
20.12,13,657,7.19,0,3.33,1,0,63,0,1,1,0,0.039,16.38,0
33.7,3,671,26.21,2,18.58,0,0,52,0,1,1,0,0.148,14.91,0
34.86,8,708,2.91,2,51.07,0,0,53,0,1,0,1,0.185,11.35,0
16.79,16,683,2.24,0,30.58,0,0,61,0,1,1,1,0.212,13.42,0
12.23,2,10,15.72,2,17.2,0,0,0,0,1,1,1,0.063,13.79,0
19.13,12,1293,36.0,5,7.12,0,1,44,0,1,1,1,0.215,50.79,0
37.87,11,886,1.82,0,51.82,1,1,47,0,1,1,1,0.145,14.19,0
54.54,15,161,13.35,0,35.57,0,0,10,0,0,1,1,0.242,2.08,0
70.34,3,402,1.33,1,5.06,0,0,25,0,1,1,0,0.214,8.74,0
18.28,17,477,25.08,0,2.8,0,0,16,0,0,1,0,0.049,0.0,0
39.8,22,71,36.0,0,38.62,0,1,2,0,1,1,1,0.194,0.0,0
78.45,2,146,14.86,2,54.9,0,0,13,0,1,1,1,0.148,10.86,0
96.12,16,12,17.49,6,25.59,0,0,0,0,1,1,0,0.405,41.75,0
28.25,0,997,0.86,1,120.76,0,0,58,0,1,1,1,0.363,18.34,0
24.02,18,13,1.14,2,38.09,1,0,0,0,1,1,0,0.266,32.25,0
36.27,21,192,2.97,3,22.07,0,1,9,0,1,1,1,0.175,22.88,0
9.49,3,41,4.8,0,41.68,1,0,3,0,1,1,0,0.063,0.0,0
24.69,16,760,21.4,2,10.07,0,1,71,0,1,0,0,0.291,20.12,0
63.09,6,1295,8.58,0,16.25,0,0,129,0,1,1,0,0.241,0.0,0
56.94,1,414,1.22,2,9.9,1,0,11,0,1,1,1,0.41,28.1,0
22.87,11,75,28.72,1,50.47,1,0,1,0,1,1,1,0.141,28.08,0
37.25,4,408,76.31,1,56.81,1,0,16,0,1,1,1,0.111,21.31,0
13.14,15,736,9.11,1,43.13,0,0,54,0,1,1,1,0.196,13.58,0
60.55,7,634,10.75,4,32.68,1,0,31,0,1,1,0,0.183,39.55,0
27.72,22,677,1.23,0,5.15,0,0,37,0,1,1,1,0.227,0.0,0
22.74,7,164,7.24,3,91.06,0,0,16,0,0,1,0,0.158,25.55,0
20.87,12,38,6.97,2,2.74,0,0,2,0,1,1,1,0.241,21.44,0
28.14,13,81,50.63,0,28.78,0,0,7,0,1,1,1,0.44,8.01,0
19.15,10,1556,16.2,2,16.72,0,0,79,0,1,1,0,0.076,4.81,0
57.87,5,475,22.86,0,20.27,1,0,25,0,1,1,0,0.141,3.07,0
20.18,15,651,2.06,0,17.05,1,0,52,0,1,1,1,0.184,9.01,0
147.37,22,1147,8.09,1,27.59,0,0,105,0,1,1,1,0.205,4.49,0
129.7,21,958,3.19,3,83.78,0,0,80,0,1,1,1,0.058,25.19,0
12.29,14,123,29.51,1,27.65,0,0,6,0,1,1,0,0.43,0.0,0
32.13,15,30,2.48,2,27.43,1,0,2,0,1,1,1,0.139,35.59,0
15.63,12,1296,8.67,2,17.68,0,0,50,0,1,1,1,0.23,5.63,0
21.61,11,2000,0.83,0,15.11,1,0,46,0,1,1,0,0.138,2.23,0
221.94,17,419,15.09,2,43.19,0,0,12,0,1,1,1,0.242,15.46,1
22.03,17,1096,9.86,1,29.67,0,1,20,0,0,0,0,0.08,0.0,0
42.96,13,132,10.34,1,44.27,0,0,7,0,0,0,1,0.164,15.84,0
51.49,1,59,1.61,0,72.45,0,0,4,0,0,0,1,0.181,0.47,0
11.02,21,346,10.82,4,15.61,1,0,6,0,1,1,1,0.16,43.65,0
12.74,1,833,12.44,0,117.62,0,0,17,0,1,0,0,0.03,0.0,0
8.97,2,532,49.39,1,31.06,0,0,31,0,1,1,0,0.317,9.72,0
12.35,23,507,0.51,0,26.39,0,0,48,0,1,1,0,0.241,0.0,0
1.73,7,9,38.4,5,37.82,0,0,0,0,1,0,0,0.342,29.87,0
51.65,10,191,9.8,0,42.72,0,0,13,0,1,1,1,0.396,0.0,0
233.74,11,1403,3.54,1,40.94,1,0,99,0,1,1,1,0.071,33.57,0
34.74,3,72,16.43,2,104.52,0,0,3,0,1,1,0,0.25,4.38,0
7.27,8,648,10.92,2,15.1,0,0,14,0,1,1,0,0.225,31.3,0
15.76,23,712,3.86,2,6.11,0,1,48,0,0,0,1,0.117,27.59,0
18.94,16,660,14.79,2,13.22,1,0,35,0,1,1,1,0.174,15.28,0
10.83,23,2268,9.62,0,21.84,0,1,96,0,1,1,0,0.342,7.39,0
70.82,15,263,17.52,0,9.37,0,0,21,0,1,1,0,0.136,3.7,0
67.37,16,573,17.52,1,18.58,0,1,28,0,1,1,0,0.075,16.91,0
9.44,14,108,9.6,4,10.17,2,1,7,0,1,1,0,0.285,54.61,0
61.87,19,255,7.43,1,8.03,0,0,9,0,1,1,1,0.13,0.0,0
137.94,21,338,0.98,2,45.33,0,0,7,0,1,1,1,0.038,14.87,0
200.85,6,121,10.21,2,61.24,0,1,3,0,1,1,0,0.266,14.7,0
525.95,9,1187,4.18,2,18.4,0,0,56,0,1,1,0,0.48,20.07,1
12.16,3,630,0.82,1,66.94,0,0,49,0,1,0,1,0.138,10.45,0
504.83,23,167,6.02,3,58.56,0,0,10,0,1,1,0,0.15,17.8,0
21.03,23,72,1.37,1,12.38,0,0,3,0,1,1,0,0.177,13.04,0
16.57,13,170,13.0,1,27.84,0,1,9,0,1,1,0,0.13,0.0,0
41.56,13,488,10.51,0,15.54,1,0,31,0,1,1,0,0.057,5.41,0
16.74,13,876,23.58,0,34.24,1,0,26,0,1,1,0,0.084,8.27,0
44.66,13,350,4.67,0,21.31,0,0,13,0,1,1,0,0.353,2.75,0
8.0,21,54,6.97,1,111.55,0,0,2,1,1,1,1,0.139,13.87,0
23.6,19,143,17.52,0,8.48,0,0,3,0,1,1,1,0.165,0.0,0
108.37,17,212,74.31,2,13.16,0,1,7,0,1,1,1,0.271,21.84,0
28.3,14,505,35.18,1,31.5,0,1,31,0,1,1,1,0.235,3.6,0
34.52,22,142,11.04,0,30.83,0,0,5,0,1,1,1,0.258,5.63,0
48.2,18,133,17.0,2,13.23,0,0,8,0,1,1,0,0.218,7.66,0
96.61,12,169,11.39,1,15.5,0,0,3,1,1,0,1,0.182,16.55,0
5.72,11,449,8.56,1,20.77,1,0,13,0,1,1,0,0.217,27.14,0
53.76,18,339,13.83,0,12.54,1,0,22,0,1,1,1,0.098,15.46,0
22.92,18,921,7.33,1,16.88,0,0,60,0,1,1,1,0.161,14.53,0
35.4,19,599,4.93,1,24.78,0,2,23,0,1,1,0,0.271,0.96,0
86.48,1,550,18.35,1,19.2,0,0,37,0,1,1,1,0.167,0.0,0
9.08,20,84,30.83,2,15.24,0,0,2,0,1,1,1,0.218,13.09,0
10.88,2,28,5.1,2,35.49,1,0,2,0,1,1,1,0.045,28.81,0
4.33,9,357,18.41,0,11.07,1,0,13,0,1,1,0,0.203,1.89,0
17.3,4,37,8.54,0,33.75,1,0,2,0,1,1,1,0.281,18.68,0
113.34,11,226,5.39,0,23.62,0,1,21,0,1,1,1,0.149,0.0,0
26.56,6,13,14.56,0,8.46,0,0,0,0,1,1,0,0.095,3.88,0
7.84,8,97,42.06,2,10.92,0,0,7,0,1,1,0,0.159,32.71,0
18.44,1,58,6.5,0,3.18,0,1,4,0,1,1,0,0.216,4.86,0
6.77,9,807,21.37,1,55.63,0,0,39,0,1,1,0,0.136,10.16,0
9.73,5,212,5.67,2,21.44,0,0,5,0,1,0,1,0.11,15.83,0
44.2,11,41,24.43,1,35.2,2,0,1,0,1,1,0,0.052,36.97,0
9.26,5,154,21.41,0,51.21,3,0,3,0,1,1,1,0.089,28.82,0
91.16,2,574,21.76,5,12.21,1,1,22,0,1,1,1,0.092,35.71,0
27.91,9,684,91.18,0,17.36,0,0,13,0,1,0,0,0.098,0.0,0
32.64,8,64,2.27,1,17.64,0,0,3,0,1,1,1,0.232,2.79,0
22.68,19,754,7.39,1,60.19,0,0,13,0,1,1,0,0.402,12.95,0
64.9,4,231,14.95,2,40.49,1,0,18,1,1,0,0,0.205,20.46,0
65.57,2,569,13.39,2,18.37,0,1,55,0,1,1,1,0.15,14.01,0
41.89,4,557,22.76,2,91.82,0,0,10,0,1,1,1,0.067,20.86,0
52.71,7,789,0.72,0,6.66,0,0,51,0,1,1,1,0.23,7.68,0
24.24,7,597,18.31,3,45.04,0,0,23,1,1,1,0,0.322,23.07,0
51.53,13,20,20.08,2,15.28,0,0,1,0,1,1,1,0.107,10.2,0
21.37,23,366,0.95,2,12.56,1,1,34,1,1,1,1,0.336,26.98,0
30.03,21,91,11.61,2,110.98,0,0,7,0,1,1,1,0.15,33.6,0
22.77,16,1753,4.22,1,165.68,0,0,138,0,1,1,1,0.262,1.61,0
18.97,10,148,24.26,2,135.91,0,0,6,0,1,1,0,0.071,23.37,0
15.04,15,272,0.76,0,18.84,0,0,22,0,1,1,0,0.077,0.38,0
47.83,5,110,2.37,1,20.7,0,1,2,0,1,1,1,0.129,11.38,1
111.12,10,72,1.65,1,43.46,0,1,5,0,1,1,1,0.018,4.32,0
96.65,9,459,1.01,1,58.53,0,1,23,0,1,1,0,0.018,13.39,0
8.53,22,340,13.75,0,8.51,0,1,18,0,1,1,1,0.349,0.0,0
108.77,8,235,30.44,0,51.15,0,1,13,0,1,1,0,0.447,12.77,0
21.8,23,45,10.73,2,11.46,0,0,3,0,1,1,1,0.078,10.88,0
54.64,23,666,3.55,0,21.35,0,0,28,0,1,1,0,0.202,0.0,0
12.11,14,3,6.32,0,27.24,0,0,0,0,1,1,0,0.263,4.06,0
34.54,6,306,6.7,6,24.25,0,0,18,0,1,1,1,0.041,45.61,0
41.01,17,501,9.01,0,12.99,0,0,19,0,1,1,1,0.246,0.0,0
6.79,0,282,8.18,1,19.65,2,0,15,0,1,1,1,0.106,25.23,0
55.05,14,67,16.68,1,34.38,0,0,4,0,1,1,1,0.164,13.23,0
115.12,1,753,6.23,3,30.65,0,0,74,0,1,1,1,0.091,7.3,0
25.16,21,196,16.31,2,48.31,0,0,7,0,1,1,1,0.132,10.57,0
116.77,1,72,11.87,3,7.89,0,0,2,0,1,1,1,0.245,34.8,0
24.79,9,400,0.75,1,46.32,0,0,19,0,1,1,1,0.125,8.34,0
70.08,19,10,37.82,0,84.14,1,0,0,0,1,1,1,0.081,7.45,0
3.26,14,196,2.94,2,60.23,0,0,18,0,1,1,1,0.37,10.56,0
336.56,9,694,9.01,0,5.06,0,0,66,0,1,1,1,0.023,13.16,1
133.68,18,1219,44.23,3,30.37,0,0,54,0,1,1,1,0.087,27.49,0
22.54,21,448,4.26,5,28.72,2,0,23,0,1,1,0,0.574,56.73,0
4.17,12,123,0.34,2,15.16,1,1,6,0,1,0,1,0.143,19.37,0
39.97,23,124,10.1,3,63.8,0,0,5,0,1,1,1,0.133,30.44,0
7.07,10,463,3.8,1,43.75,0,1,19,0,1,1,1,0.206,11.81,0
46.75,21,261,13.09,2,33.03,1,0,5,0,1,1,1,0.176,21.03,0
45.22,1,98,25.48,0,13.01,0,1,6,0,1,1,1,0.398,0.0,0
11.69,20,774,10.74,1,28.06,0,0,55,0,1,1,0,0.25,10.28,0
91.92,12,112,15.54,4,71.93,1,0,11,0,1,1,1,0.228,32.13,0
67.06,21,194,16.46,2,100.71,0,0,13,0,1,1,0,0.102,15.25,0
79.51,21,32,25.77,1,19.99,0,0,2,0,1,1,0,0.097,0.0,0
30.23,20,604,17.47,2,17.67,1,0,28,0,1,1,0,0.401,32.58,0
7.28,0,161,56.05,0,37.37,0,0,3,0,0,1,1,0.101,0.0,0
79.67,4,133,9.14,1,10.83,0,0,9,0,1,1,0,0.043,20.7,0
22.87,20,181,0.77,3,5.08,1,0,4,1,1,1,1,0.177,35.12,0
7.46,21,1036,7.51,3,20.63,0,0,81,0,0,1,0,0.216,11.3,0
115.82,6,365,27.48,2,40.7,0,0,29,0,1,1,0,0.333,20.76,0
244.55,12,86,2.14,0,13.97,0,0,2,0,1,1,1,0.207,0.0,0
28.75,12,745,19.97,0,43.44,0,1,29,0,0,1,1,0.176,2.7,0
259.59,19,117,11.51,1,19.42,0,0,9,0,1,1,1,0.296,14.57,0
32.83,22,266,34.64,2,39.65,0,0,25,0,1,0,1,0.109,18.74,0
20.48,20,420,19.71,1,41.47,0,1,32,0,1,1,0,0.249,14.04,0
15.95,5,439,16.21,2,60.51,2,0,21,0,1,1,1,0.029,31.57,0
154.02,19,36,32.69,3,14.33,0,0,3,0,1,1,1,0.139,25.39,0
13.73,11,906,35.83,3,13.43,0,1,37,0,1,0,0,0.531,22.29,0
62.51,7,326,7.29,0,11.25,0,0,28,0,1,1,1,0.023,0.0,0
17.13,8,2267,39.43,1,35.4,0,1,45,0,0,1,1,0.341,4.05,0
18.91,17,632,0.84,0,73.95,0,0,62,0,1,1,0,0.06,0.0,0
83.95,10,2451,21.57,1,64.03,0,1,63,0,1,1,1,0.386,12.23,0
20.49,19,302,6.15,3,11.53,0,0,28,0,1,1,0,0.257,14.56,0
19.99,10,76,10.02,1,31.33,0,0,6,0,1,1,0,0.057,4.07,0
93.02,23,650,27.1,3,66.48,0,0,26,0,0,1,1,0.152,16.32,0
148.03,23,752,15.2,2,37.32,0,0,41,0,1,1,0,0.069,12.01,0
57.09,14,958,9.17,2,8.78,0,0,33,0,1,1,1,0.134,28.9,0
15.57,8,179,2.69,0,114.86,0,0,10,0,1,0,0,0.394,1.15,0
17.98,2,357,42.02,3,69.68,1,0,11,0,1,1,1,0.145,34.85,0
32.46,16,974,6.06,2,25.18,0,0,39,0,1,1,1,0.076,12.38,0
41.3,16,1000,1.6,1,24.7,0,1,19,0,1,1,1,0.434,4.52,0
11.16,2,13,12.46,2,29.94,0,0,0,0,1,1,1,0.342,10.6,1
61.75,18,556,7.82,2,79.7,0,0,42,0,1,1,0,0.026,4.38,0
32.64,8,460,13.39,2,17.83,2,0,15,1,1,1,1,0.181,36.92,0
5.39,16,44,3.99,1,92.36,1,0,2,0,1,1,1,0.122,7.21,0
11.84,22,1331,7.14,1,21.79,0,1,27,0,1,1,0,0.075,0.0,0
18.1,17,295,53.91,0,69.3,0,0,6,0,1,1,1,0.552,0.0,0
27.86,22,561,41.36,0,24.29,0,0,34,0,1,1,1,0.104,0.98,0
198.2,14,1072,29.97,0,42.53,0,1,23,0,1,1,0,0.425,10.45,0
38.02,0,70,22.65,0,17.54,0,0,3,0,1,1,1,0.229,5.77,0
12.93,9,968,2.55,2,21.35,1,0,21,0,1,1,1,0.172,29.83,0
37.36,7,644,9.44,1,33.46,0,1,29,0,0,1,1,0.176,10.18,0
21.07,9,915,19.52,3,37.3,0,0,82,0,1,1,1,0.108,28.04,0
41.46,1,341,4.55,1,6.49,0,0,26,0,1,1,1,0.182,6.3,0
53.55,18,17,0.5,0,16.37,0,2,0,0,1,1,0,0.128,0.0,0
100.41,13,555,8.12,1,58.7,0,0,25,0,1,1,0,0.214,6.71,0
29.25,7,235,8.3,2,14.28,0,0,11,1,1,1,0,0.161,13.45,0
154.31,18,257,1.01,1,68.29,0,2,7,0,1,1,1,0.124,15.74,0
74.29,0,291,5.8,4,16.4,0,0,14,0,1,1,0,0.072,37.03,0
14.77,15,340,37.39,2,30.77,0,0,22,0,1,1,0,0.058,10.24,0
273.1,23,542,4.32,1,20.24,0,0,47,0,1,1,0,0.119,12.74,0
41.55,14,649,12.63,1,82.38,0,1,47,1,1,0,1,0.189,4.38,0
13.0,19,750,10.04,2,134.66,0,1,52,0,1,1,1,0.068,22.79,0
156.48,23,557,29.72,0,15.31,0,0,12,0,1,1,1,0.172,1.69,0
239.31,4,813,15.9,1,30.21,0,1,23,0,1,1,1,0.152,4.79,1
28.99,2,65,2.59,2,12.0,0,0,1,0,1,1,0,0.098,16.49,0
18.11,16,906,2.31,0,13.11,0,0,29,0,1,1,0,0.386,0.0,0
25.22,9,245,12.23,0,62.72,0,1,19,0,1,1,0,0.163,0.0,0
61.24,4,376,0.71,1,25.88,0,0,25,0,1,1,1,0.103,5.62,0
107.54,10,284,7.5,2,28.9,1,0,15,1,1,1,0,0.246,25.02,0
53.01,5,323,7.64,2,35.49,0,0,5,0,1,1,0,0.323,26.12,0
33.17,3,168,3.28,1,16.13,0,0,12,0,1,1,0,0.227,16.08,0
134.02,6,93,5.37,2,9.0,1,0,5,0,1,1,1,0.425,5.11,0
21.91,18,55,6.01,0,11.66,0,0,1,0,1,1,0,0.262,0.0,0
84.01,6,300,0.18,0,16.48,0,0,22,0,0,1,0,0.26,0.0,0
22.46,13,67,24.59,1,81.01,0,0,2,0,1,1,1,0.224,15.73,0
46.11,16,141,47.35,2,34.58,0,1,8,0,1,1,1,0.109,2.81,0
26.75,22,72,5.12,2,26.84,2,0,3,0,1,1,0,0.052,44.13,0
28.34,16,58,1.78,1,8.89,0,1,2,0,1,1,1,0.299,6.52,0
20.54,12,1070,46.04,3,8.85,0,0,23,0,1,1,0,0.099,21.28,0
114.99,0,560,20.24,0,16.17,0,0,11,1,1,1,1,0.422,0.66,0
14.4,1,1287,33.27,1,22.19,0,0,104,0,1,1,0,0.073,0.0,0
14.29,17,516,6.71,1,14.88,0,0,8,0,1,1,1,0.358,8.35,0
249.88,3,929,9.93,0,14.16,0,0,37,0,1,0,0,0.115,0.0,1
79.67,12,405,39.94,3,17.59,0,0,38,0,1,1,0,0.031,35.89,0
2.76,0,311,9.23,1,15.61,0,1,25,0,1,0,1,0.063,4.15,0
17.03,3,376,16.73,2,22.78,0,0,22,0,1,1,1,0.021,24.36,0
4.89,1,193,18.3,1,31.34,0,0,15,0,1,1,1,0.178,7.9,0
11.58,3,536,27.22,0,49.93,0,0,51,0,1,0,1,0.031,0.0,0
1.3,15,1137,55.44,0,11.32,0,0,108,0,0,0,1,0.12,17.87,0
26.13,3,762,6.12,1,25.82,0,0,41,0,1,1,1,0.096,13.41,0
9.56,8,310,4.26,0,136.97,0,0,13,0,0,0,0,0.027,0.0,0
31.81,16,1539,1.21,0,20.62,0,1,121,0,0,1,1,0.429,0.0,0
5.9,20,2114,29.13,4,26.58,0,2,107,0,1,1,0,0.133,21.64,0
32.55,22,340,5.19,2,13.37,0,0,10,0,1,1,0,0.159,18.14,0
19.79,19,1000,0.76,5,46.54,0,1,32,0,1,1,0,0.095,30.74,0
134.55,20,2,30.07,1,15.62,1,0,0,0,1,1,1,0.191,11.64,0
122.9,1,34,10.7,2,135.76,1,0,2,0,1,1,1,0.275,32.59,0
65.72,2,11,27.33,2,18.06,0,1,0,1,1,1,0,0.33,25.08,1
21.61,22,742,12.13,1,20.86,2,0,35,0,1,1,1,0.352,25.81,0
218.19,14,42,5.65,0,34.3,0,0,1,0,1,1,1,0.284,0.0,0
6.34,6,9,2.09,0,201.21,0,0,0,0,1,1,1,0.121,1.5,0
7.36,3,80,8.62,1,9.9,0,0,5,0,1,1,0,0.22,20.12,0
27.56,11,183,0.4,1,63.27,0,0,10,0,1,0,1,0.245,17.8,0
285.44,0,312,13.84,2,35.88,0,0,14,0,1,1,1,0.545,30.2,0
24.48,16,34,8.37,1,5.56,0,0,2,1,1,1,0,0.176,13.55,0
24.95,3,346,2.29,0,22.09,1,1,24,0,1,0,0,0.481,7.57,0
7.09,3,143,11.33,0,28.74,0,0,11,0,1,1,1,0.234,2.51,0
77.16,21,160,24.21,1,28.35,0,0,11,0,1,1,0,0.351,17.76,0
77.72,22,863,55.21,3,79.48,0,0,59,0,1,1,1,0.131,19.51,0
65.96,8,2168,11.24,3,13.85,0,0,110,0,1,1,0,0.397,21.19,0
15.97,20,312,2.08,1,9.55,1,0,12,0,1,1,0,0.106,18.78,0
14.78,9,194,24.97,0,6.79,1,1,6,0,1,1,0,0.495,16.94,0
8.22,18,1340,17.85,0,62.2,0,0,122,0,1,1,1,0.109,0.0,0
32.59,18,347,46.18,2,59.3,0,0,11,0,1,1,1,0.087,9.1,0
10.17,14,655,11.49,0,27.39,0,0,47,0,1,0,1,0.16,0.0,0
9.23,21,267,6.63,1,14.4,0,0,8,0,1,1,1,0.33,0.0,0
19.62,16,113,49.39,1,25.66,0,0,10,1,1,1,0,0.243,11.21,0
18.37,6,532,11.6,3,279.21,2,0,17,1,1,1,1,0.408,45.24,0
17.5,2,547,0.24,0,26.37,0,1,48,0,1,1,0,0.13,3.78,0
47.77,4,308,9.63,0,37.09,0,0,29,0,1,1,0,0.162,0.0,0
32.43,15,157,0.04,2,5.99,1,0,5,0,1,1,0,0.049,27.78,0
22.46,22,891,20.07,1,38.86,1,0,80,0,1,1,0,0.26,6.41,0
35.98,6,161,12.52,0,48.61,0,0,4,0,1,1,0,0.191,6.47,0
11.12,15,538,1.74,3,17.23,0,0,40,0,1,0,1,0.187,26.15,0
33.29,8,242,25.15,1,22.89,0,1,14,0,1,1,1,0.227,10.15,0
34.83,0,320,11.53,2,40.7,0,0,30,0,1,1,1,0.123,10.53,0
6.67,2,119,1.82,1,22.1,1,1,6,0,1,1,0,0.27,21.86,0
81.1,7,524,2.62,1,67.23,0,0,11,0,1,1,1,0.305,2.6,0
12.41,17,128,25.9,1,9.44,0,0,3,0,0,1,0,0.232,21.76,0
32.8,23,332,6.59,2,29.38,0,1,14,0,1,1,0,0.19,15.41,0
96.01,23,199,25.81,1,42.58,0,1,11,0,1,1,0,0.242,6.29,0
75.62,17,1657,1.08,2,29.49,0,1,159,0,1,1,1,0.048,18.36,0
31.01,23,2015,4.19,1,11.37,0,0,114,0,1,1,0,0.225,0.0,0
20.85,18,700,21.7,1,56.29,0,1,65,0,1,1,1,0.162,0.0,0
77.29,6,2065,15.4,1,8.72,0,0,191,0,1,1,0,0.439,8.63,0
58.83,19,60,5.5,2,13.28,1,0,1,0,1,1,0,0.046,39.85,0
16.15,5,2435,41.24,1,26.81,0,0,227,0,1,1,0,0.353,2.48,0
13.53,10,55,3.56,1,41.0,0,0,2,0,1,1,1,0.335,11.08,0
3.77,4,268,28.43,1,13.7,1,0,23,0,1,0,0,0.285,18.81,0
34.95,11,137,17.85,1,7.34,0,1,13,0,1,1,0,0.134,18.85,0
27.59,0,1538,1.94,1,38.1,0,0,34,0,1,1,1,0.364,5.44,0
93.33,18,505,12.15,1,6.55,0,1,37,0,1,1,1,0.193,12.31,0
42.91,10,455,39.87,3,34.54,1,0,23,0,1,1,1,0.094,40.29,0
113.78,14,2984,14.47,1,37.05,0,0,162,0,1,1,0,0.287,0.0,0
14.92,15,474,11.29,2,99.6,1,0,29,0,1,1,1,0.199,37.53,0
93.52,2,519,6.84,3,42.88,0,0,49,0,1,1,0,0.451,24.02,0
17.66,10,23,23.32,0,17.94,0,0,1,0,1,0,1,0.386,0.0,0
65.21,10,980,36.64,1,31.64,0,0,97,0,1,1,1,0.364,0.0,0
6.97,9,1755,20.99,0,56.13,0,1,170,0,1,1,0,0.12,0.0,0
37.91,1,1613,19.38,0,35.28,1,0,141,0,1,1,1,0.319,0.0,0
4.12,19,125,3.21,0,24.71,0,1,9,0,1,1,1,0.444,0.29,0
22.94,4,128,26.94,5,75.33,2,1,4,0,1,1,0,0.303,84.5,1
46.54,22,228,0.62,1,11.59,0,0,14,0,1,1,1,0.098,9.94,0
17.8,22,186,21.24,0,8.08,0,0,6,0,1,0,0,0.014,7.33,0
10.48,7,182,3.55,0,5.57,2,0,17,0,1,1,0,0.093,0.0,0
69.83,12,465,10.02,4,85.84,0,0,44,0,1,1,1,0.121,35.87,0
27.02,14,819,17.82,1,14.0,0,0,36,0,1,1,0,0.069,11.01,0
18.36,1,1380,21.35,2,20.85,0,0,28,0,1,1,1,0.107,6.76,0
31.25,11,35,32.85,3,29.82,0,0,2,0,1,0,0,0.26,16.6,0
418.5,23,163,4.98,2,14.86,0,0,7,0,0,1,0,0.157,23.96,1
94.96,7,147,3.81,0,70.28,0,2,6,0,1,1,1,0.363,18.54,0
95.83,20,221,83.77,2,68.19,0,0,14,0,1,1,1,0.257,18.14,0
46.32,18,276,3.49,1,44.28,1,0,4,0,1,1,1,0.23,20.71,0
35.39,22,246,16.43,2,25.9,0,0,11,0,1,1,1,0.231,26.78,0
2.73,0,1520,45.78,0,16.89,0,0,78,0,1,1,0,0.185,0.0,0
15.2,7,287,34.03,0,11.25,0,0,28,0,1,1,1,0.368,0.0,0
18.53,9,401,8.78,0,32.58,0,0,11,0,1,1,1,0.333,3.56,0
4.6,12,690,15.22,2,17.3,0,0,20,0,1,1,0,0.068,6.53,0
9.42,4,646,11.3,3,42.17,0,1,44,0,1,1,0,0.045,33.64,0
4.13,21,437,6.38,2,12.31,0,0,10,0,0,1,0,0.096,17.03,0
28.84,8,986,2.34,1,8.64,0,0,67,0,1,1,0,0.117,0.0,0
67.95,9,489,24.4,0,57.36,0,0,24,0,1,1,1,0.329,11.36,0
90.63,13,1039,1.42,4,23.83,1,0,17,0,0,1,1,0.442,34.3,0
45.37,23,180,14.11,1,44.57,0,0,9,0,1,1,1,0.046,8.51,0
11.43,10,71,13.53,2,58.76,0,0,5,0,1,1,1,0.134,19.15,0
4.34,13,856,6.12,1,18.92,0,1,23,0,1,1,1,0.076,2.53,0
5.17,2,241,2.18,3,6.29,1,1,7,0,1,1,1,0.328,37.71,0
8.42,20,526,24.11,1,128.23,0,0,19,0,1,1,1,0.13,10.74,0
12.32,15,668,9.3,0,111.49,1,0,32,0,1,1,0,0.138,1.01,0
25.54,19,198,19.38,0,36.3,0,0,18,0,1,1,0,0.07,0.0,0
10.87,16,352,0.25,0,22.3,0,0,7,0,1,1,1,0.02,8.1,0
42.05,4,1127,1.16,2,16.62,0,0,95,0,1,1,1,0.176,11.82,0
23.75,6,1059,2.9,2,38.07,0,0,88,0,1,1,0,0.327,14.05,0
30.28,16,692,1.81,0,45.89,0,0,38,0,1,1,1,0.268,15.02,0
93.71,19,719,3.19,2,25.57,0,0,20,0,1,1,1,0.116,24.16,0
9.21,21,1140,17.4,0,14.47,1,0,77,0,1,1,1,0.472,11.57,0
45.55,10,667,0.72,2,60.24,0,0,51,0,1,1,0,0.233,11.32,0
29.55,11,207,0.58,0,16.06,0,0,6,0,1,1,1,0.217,1.91,0
21.47,23,64,0.48,3,60.53,0,0,4,1,1,1,0,0.085,18.51,0
72.62,1,274,17.94,4,21.26,0,0,25,0,1,1,0,0.404,21.57,0
72.17,18,46,11.52,3,102.57,0,0,1,0,1,1,0,0.384,19.0,0
11.63,4,62,6.94,0,11.42,1,0,1,0,1,1,0,0.107,7.24,0
24.97,10,1500,16.89,1,105.08,0,0,108,0,1,1,0,0.155,6.04,0
39.69,22,563,12.1,1,25.18,0,0,31,0,1,1,0,0.066,9.1,0
22.81,18,954,0.11,3,28.8,0,1,83,0,1,1,0,0.282,11.92,0
53.79,6,515,27.35,2,15.8,1,0,30,0,1,1,1,0.22,25.63,0
39.69,20,271,6.47,1,14.92,1,0,23,0,1,1,0,0.1,24.75,0
187.27,21,13,7.65,0,11.83,0,0,0,0,1,1,1,0.209,24.31,0
6.49,5,1560,22.87,3,13.88,0,0,51,0,1,1,0,0.183,26.56,0
26.51,10,37,3.11,0,38.9,1,0,1,0,1,1,0,0.224,6.92,0
12.08,13,471,0.15,2,102.45,0,0,21,0,1,1,0,0.398,8.35,0
54.82,3,54,35.93,2,58.26,0,0,2,0,1,1,0,0.051,10.28,0
5.95,7,167,10.56,3,25.88,0,0,6,0,1,1,0,0.077,13.87,0
42.36,8,103,6.45,0,22.58,1,0,5,0,1,0,1,0.045,13.19,0
15.96,1,403,25.64,1,122.82,0,0,39,1,1,1,1,0.1,12.58,0
14.38,10,1091,0.4,2,34.55,0,1,62,0,1,1,1,0.043,11.96,0
7.05,19,505,3.39,3,18.43,0,0,14,0,1,1,0,0.343,21.74,0
18.82,21,546,2.53,1,50.56,0,0,19,0,1,1,0,0.119,16.19,0
88.63,6,1198,20.08,1,33.75,0,1,55,0,1,1,0,0.156,6.47,0
29.22,3,692,5.61,0,45.51,0,0,22,0,1,1,0,0.181,7.35,0
56.13,23,1005,22.24,1,102.49,0,0,78,0,1,1,0,0.164,4.58,0
158.32,13,269,0.64,2,11.78,0,2,22,0,1,1,1,0.556,18.78,0
39.01,23,1003,14.05,3,10.98,0,0,83,1,1,1,0,0.094,32.5,0
17.14,0,519,5.75,0,45.07,0,0,48,0,1,1,1,0.339,0.0,0
47.81,23,73,3.1,0,40.2,1,0,6,0,1,1,0,0.208,12.65,0
17.39,11,20,25.45,1,12.07,1,0,1,0,1,1,0,0.194,8.65,0
18.09,18,140,7.97,2,104.06,0,0,8,0,1,1,1,0.488,1.56,0
6.55,4,238,12.72,3,39.95,0,1,19,0,1,1,1,0.309,12.05,0
75.66,7,909,0.5,3,15.62,1,2,88,0,1,1,1,0.229,31.45,0
20.37,10,676,23.53,1,23.65,0,0,12,0,1,1,1,0.045,14.02,0
35.95,21,1555,5.07,2,5.59,0,0,72,0,1,1,0,0.137,15.8,0
10.63,3,410,17.73,1,34.81,0,0,29,0,1,0,0,0.552,4.22,0
46.34,14,689,21.44,2,10.4,1,0,32,0,1,1,1,0.068,43.19,0
13.99,19,161,1.87,2,20.63,1,2,12,0,1,1,0,0.152,31.37,0
26.01,11,569,5.26,0,25.57,0,0,47,0,1,0,1,0.149,0.0,0
72.08,19,612,19.28,3,124.8,0,0,45,0,1,1,0,0.105,29.02,0
66.07,21,943,3.96,0,81.47,0,0,28,0,1,0,1,0.149,5.19,0
29.31,22,384,28.28,5,4.76,0,0,36,0,1,1,0,0.142,43.54,0
5.11,20,523,5.61,3,13.6,0,0,23,0,1,1,0,0.122,5.3,0
597.53,9,113,7.72,4,35.86,0,0,11,0,1,1,1,0.11,21.75,1
171.72,23,667,1.58,1,27.29,0,0,30,0,1,1,1,0.097,12.35,0
61.72,15,911,2.4,0,71.83,0,1,27,0,1,1,1,0.305,0.0,0
14.11,22,450,4.83,0,12.09,1,0,18,0,1,1,0,0.131,23.31,0
26.75,7,61,0.75,0,23.59,0,2,5,0,1,1,0,0.355,7.85,0
17.4,19,188,3.22,0,14.06,0,0,7,0,0,0,1,0.353,0.0,0
106.04,7,323,7.89,1,31.02,0,0,21,0,1,1,0,0.152,8.16,0
38.96,5,565,7.17,0,19.57,0,0,42,0,1,1,0,0.079,7.57,0
13.68,2,193,3.32,0,49.59,0,0,8,0,1,1,1,0.052,11.39,0
18.71,7,917,1.26,2,17.67,0,0,66,0,1,1,0,0.081,27.56,0
91.94,22,232,5.74,1,15.44,0,0,6,0,1,1,0,0.332,12.76,0
148.43,9,22,20.52,1,195.18,1,1,1,0,1,1,1,0.196,23.56,1
138.15,4,790,10.7,0,80.78,0,0,56,0,1,1,0,0.242,0.0,0
63.88,10,517,44.01,0,66.55,1,0,10,0,1,1,1,0.183,12.51,0
23.27,3,810,2.26,2,16.39,0,2,33,0,1,1,1,0.164,16.71,0
1.17,16,215,3.48,2,11.83,0,0,3,1,1,1,1,0.17,20.86,0
40.33,2,9,4.93,1,5.37,0,0,0,0,1,1,0,0.11,0.0,0
29.91,17,38,0.2,0,34.4,1,0,2,0,1,1,1,0.022,10.21,0
34.47,7,59,43.07,1,45.39,0,0,3,0,1,1,0,0.206,3.49,0
31.62,23,818,8.84,3,13.41,1,0,44,0,0,0,0,0.337,26.36,0
7.95,11,179,9.86,3,38.16,1,1,9,0,1,1,0,0.057,45.52,0
52.32,20,3083,2.58,2,6.56,0,0,93,0,1,1,1,0.129,25.01,0
56.39,15,710,30.92,6,309.09,1,0,51,0,1,1,0,0.05,56.3,0
59.28,13,460,17.7,0,12.13,0,0,42,0,1,1,1,0.235,0.0,0
77.21,20,2056,8.47,2,12.9,1,0,203,0,1,1,0,0.144,33.13,0
54.82,15,190,31.55,2,14.49,1,0,15,0,1,0,1,0.328,22.72,0
19.89,3,91,35.38,1,61.21,0,0,4,0,1,1,1,0.041,2.14,0
27.91,0,668,0.76,2,49.85,0,0,42,0,1,1,0,0.011,17.21,0
32.82,0,163,1.91,1,31.01,0,0,2,0,1,1,0,0.142,7.39,0
33.37,21,1623,0.42,1,196.73,0,1,75,1,1,1,0,0.328,7.65,0
81.31,14,2214,13.07,1,35.33,0,1,160,0,1,1,1,0.071,0.0,0
57.04,19,1305,3.69,1,36.67,0,0,119,0,1,1,0,0.053,19.53,0
239.21,19,1448,27.96,3,45.26,0,0,37,0,1,1,0,0.186,23.37,0
272.18,2,478,9.41,2,18.28,0,1,11,0,1,1,1,0.183,12.73,0
32.45,13,589,27.28,1,7.33,0,0,17,0,1,1,1,0.505,13.63,0
1.0,8,49,12.17,0,21.29,0,0,1,0,1,1,1,0.066,3.87,0
103.22,18,720,23.86,2,6.68,0,0,59,0,1,1,0,0.17,21.03,0
17.45,7,113,6.97,2,57.1,0,0,8,0,1,1,1,0.092,15.6,0
13.44,1,917,43.61,2,35.17,0,0,84,0,1,1,1,0.224,12.65,0
20.12,3,1629,16.5,2,13.3,0,0,67,1,1,1,0,0.123,12.47,0
19.17,0,119,13.58,2,19.96,1,0,8,0,1,1,1,0.523,39.26,0
55.27,10,41,6.52,2,40.19,1,0,1,0,1,0,0,0.235,27.93,0
6.3,4,331,41.51,0,43.92,1,1,9,0,1,1,0,0.298,8.72,0
10.2,1,784,6.18,1,32.58,0,0,64,0,1,1,1,0.105,9.6,0
42.23,12,736,27.11,2,7.73,0,0,50,0,1,1,0,0.098,21.32,0
55.87,16,597,7.77,1,6.62,0,0,44,0,1,1,1,0.309,14.27,0
56.91,16,859,21.86,1,19.86,0,0,25,0,1,1,1,0.136,5.48,0
13.64,17,96,36.44,2,46.62,1,0,6,1,1,1,0,0.296,28.52,0
11.27,20,528,9.4,4,20.17,0,0,22,0,1,1,0,0.176,46.36,0
18.05,8,465,11.2,1,59.42,0,1,17,0,1,1,1,0.052,0.0,0
38.09,5,83,6.01,0,103.0,1,0,5,0,1,1,1,0.241,19.3,0
132.35,19,268,0.84,0,16.48,0,0,5,0,1,1,1,0.284,0.0,0
3.87,2,957,15.85,3,7.89,2,0,88,0,1,1,0,0.101,40.83,0
24.03,7,1784,1.91,1,60.11,0,1,53,0,1,1,1,0.177,0.0,0
7.9,2,547,6.56,2,238.74,1,0,28,0,1,1,0,0.276,24.47,0
5.74,0,1275,6.45,1,26.69,1,0,79,0,1,1,1,0.018,23.75,0
78.8,19,71,2.46,2,15.92,1,0,6,0,1,1,1,0.129,40.33,0
51.66,12,1846,16.48,3,76.64,0,1,65,0,1,1,1,0.046,14.57,0
46.97,20,17,2.88,2,40.42,0,0,1,0,1,1,1,0.435,12.1,0
75.27,4,375,22.6,1,30.66,1,0,15,0,1,1,1,0.215,26.08,0
18.55,15,172,4.3,2,23.56,0,1,10,0,1,1,0,0.306,31.62,0
19.44,20,841,5.08,0,27.08,0,1,25,0,1,1,1,0.216,0.0,0
266.59,23,123,6.32,3,13.12,0,0,8,0,1,1,1,0.223,27.15,0
23.42,15,6,2.49,2,163.92,0,0,0,0,1,1,0,0.052,28.49,0
62.5,23,268,8.54,1,15.79,0,1,6,0,0,1,1,0.069,6.7,0
30.16,11,33,1.26,0,2.1,0,0,1,0,1,1,1,0.432,8.03,0
4.72,12,171,8.36,0,25.2,1,0,12,0,1,1,0,0.363,15.13,0
3.88,3,516,6.23,0,39.9,0,0,16,0,1,1,0,0.161,8.94,0
16.79,8,175,6.19,0,101.74,0,0,3,0,1,1,1,0.104,11.04,0
86.15,15,141,16.21,0,19.03,0,0,2,0,1,1,0,0.178,0.0,0
65.91,0,85,21.98,3,9.53,0,0,1,0,1,1,1,0.421,20.58,0
74.74,4,73,6.6,0,71.69,1,0,2,0,1,1,1,0.257,21.71,0
11.17,20,373,4.56,2,14.88,1,0,33,0,1,1,0,0.235,16.8,0
150.79,4,572,10.23,2,42.85,0,0,31,0,1,1,0,0.064,12.42,0
11.42,23,301,23.25,3,11.7,0,0,28,0,1,1,0,0.649,14.71,0
37.07,18,66,15.52,1,12.83,1,0,2,0,1,1,0,0.182,28.06,0
29.66,8,522,0.58,1,19.2,0,0,51,0,1,1,0,0.046,1.77,0
25.18,7,407,9.81,0,9.94,0,0,34,0,1,1,1,0.028,0.0,0
114.27,18,240,70.6,0,7.34,0,0,19,0,1,1,1,0.04,0.0,0
14.8,17,200,6.53,1,16.74,0,0,13,0,1,1,1,0.233,0.16,0
7.77,14,101,8.72,2,28.21,0,0,3,0,1,1,0,0.22,8.04,0
30.57,3,79,5.08,1,197.33,0,0,7,0,1,1,0,0.081,12.95,0
20.09,14,207,10.33,0,33.24,0,0,17,0,1,1,0,0.007,0.0,0
877.77,12,21,2.63,1,28.99,0,0,1,0,1,1,1,0.131,9.1,1
58.94,17,287,4.26,0,30.93,1,0,25,0,1,1,0,0.137,11.87,0
19.9,19,460,18.66,1,38.48,0,1,17,0,1,1,1,0.086,16.43,0
10.42,4,1421,2.23,1,26.63,0,0,126,0,1,1,1,0.144,6.11,0
4.57,17,492,39.08,2,65.64,0,0,28,0,1,1,1,0.365,20.3,0
10.75,7,489,5.52,1,35.16,0,0,34,0,1,1,1,0.081,20.05,0
33.61,0,235,12.84,0,24.1,0,0,22,0,1,1,1,0.217,0.0,0
124.88,18,72,5.83,2,12.91,0,0,6,0,1,1,0,0.356,8.25,0
91.99,22,296,9.75,3,39.28,0,0,11,0,1,1,0,0.236,19.19,0
37.68,16,456,35.12,1,69.72,0,0,35,0,1,1,1,0.138,4.79,0
21.69,1,644,1.07,1,50.28,0,0,55,0,1,1,1,0.21,5.5,0
39.21,18,875,29.1,3,18.29,0,0,46,0,1,1,0,0.168,15.76,0
17.84,15,148,12.23,4,27.39,0,0,3,0,1,1,0,0.189,25.7,0
167.06,17,138,16.41,1,108.81,0,1,5,0,1,0,0,0.288,0.0,1
24.8,1,417,0.86,1,61.57,0,0,32,0,1,1,1,0.071,0.0,0
27.49,5,417,21.49,1,42.2,0,1,27,0,1,1,1,0.124,15.89,0
3.27,6,123,2.05,2,16.3,0,1,9,0,1,1,0,0.144,1.39,0
24.64,5,443,50.21,1,39.35,0,0,40,0,1,0,0,0.036,15.81,0
69.16,5,212,24.09,1,111.75,0,0,9,0,1,1,0,0.347,14.3,0
10.3,8,510,10.18,2,29.89,2,0,37,0,1,1,0,0.359,33.68,0
14.14,7,172,38.69,4,3.3,2,0,4,0,0,1,0,0.129,53.47,0
66.2,23,449,2.78,1,129.24,0,0,32,0,1,1,0,0.164,1.51,0
6.84,21,731,71.81,1,57.92,0,0,14,0,1,0,0,0.146,11.57,0
86.3,20,1960,18.93,2,14.68,0,0,73,0,1,1,1,0.239,16.03,0
17.6,8,1210,1.55,1,24.01,0,1,65,0,1,1,1,0.182,18.36,0
20.32,11,350,11.54,1,22.52,0,0,30,0,1,1,1,0.25,13.35,0
9.74,17,335,18.61,0,19.62,0,1,9,0,1,1,1,0.156,9.97,0
43.73,22,288,14.24,0,25.44,0,0,23,0,1,1,1,0.041,0.0,0
350.68,5,14,8.27,1,50.57,0,0,0,0,1,1,1,0.609,7.54,1
65.46,22,91,4.28,2,100.43,0,1,4,0,1,1,1,0.164,8.61,0
12.63,3,31,4.08,2,16.01,1,0,2,0,1,0,0,0.059,28.87,0
93.28,6,596,39.25,2,55.32,0,1,27,0,1,1,1,0.053,27.91,0
21.83,17,267,4.01,2,13.93,0,0,26,0,1,0,0,0.174,7.36,0
118.45,19,33,49.21,1,70.06,1,0,0,0,1,1,0,0.261,15.15,0
67.13,4,587,3.54,1,36.29,0,0,16,0,1,1,1,0.406,3.6,0
1.58,17,517,7.27,1,26.19,0,0,46,0,1,1,1,0.147,18.63,0
10.98,9,636,0.19,3,21.89,1,0,22,0,1,1,0,0.201,23.4,0
77.04,7,458,35.02,1,67.39,1,0,9,0,1,1,0,0.21,20.87,0
34.87,0,88,1.65,0,9.16,0,0,8,0,1,1,1,0.343,8.31,0
10.76,14,32,6.63,2,67.26,0,0,0,0,1,1,1,0.269,12.88,0
15.9,2,850,27.73,2,17.3,0,1,75,0,1,0,1,0.242,6.25,0
4.45,14,122,23.55,2,51.19,0,1,7,0,1,1,0,0.315,5.93,0
27.43,13,391,27.63,3,30.85,0,1,23,0,1,1,1,0.034,19.68,0
273.33,0,332,36.82,0,11.0,0,0,9,0,1,1,1,0.242,0.0,0
67.02,20,1269,36.3,1,20.6,0,0,87,0,1,1,0,0.105,6.39,0
267.85,7,402,22.08,0,13.27,0,0,19,0,1,1,0,0.545,10.06,0
72.41,6,434,13.1,1,9.1,0,0,20,0,1,1,1,0.159,11.1,0
83.72,8,192,12.37,0,36.52,0,0,14,0,1,1,1,0.328,0.0,0
215.74,17,1593,0.2,1,6.97,0,0,141,0,1,0,0,0.347,2.61,0
43.7,11,474,19.23,1,14.73,0,0,36,0,1,1,0,0.202,0.0,0
24.85,7,2,3.86,2,37.19,0,0,0,0,1,1,1,0.054,15.38,0
84.15,7,406,26.46,4,11.98,0,0,36,0,1,1,1,0.069,26.04,0
128.23,5,226,12.1,0,72.28,0,0,20,0,1,1,0,0.125,0.0,0
18.54,2,16,65.43,1,143.32,0,0,1,0,1,1,1,0.305,15.51,0
14.56,1,282,3.54,1,97.21,0,0,23,0,1,0,1,0.138,20.15,0
34.43,13,743,19.28,0,39.93,0,0,27,1,1,1,0,0.023,4.9,0
68.82,7,350,11.9,0,23.95,1,0,25,0,0,1,1,0.317,15.96,0
66.56,5,510,40.28,1,29.87,0,0,29,0,1,1,0,0.117,15.81,0
7.21,3,510,4.64,2,102.95,0,1,44,0,1,1,1,0.131,9.72,0
202.68,4,556,0.92,1,9.71,0,0,53,1,1,1,0,0.078,8.58,0
15.78,20,245,11.77,3,6.48,1,0,9,1,1,1,1,0.246,35.78,0
22.99,12,231,11.06,2,22.69,0,0,16,0,1,0,1,0.153,0.0,0
12.15,8,2,5.6,1,32.94,2,0,0,0,1,1,1,0.239,30.77,1
445.11,12,84,64.62,1,61.8,0,0,6,0,1,1,1,0.535,0.0,1
38.17,8,1506,1.08,0,57.81,0,0,111,0,1,1,0,0.198,8.6,0
12.79,23,924,12.64,3,92.17,0,0,78,0,1,1,1,0.351,24.36,0
71.09,23,161,4.52,3,27.7,0,0,12,0,1,1,1,0.304,35.49,0
64.66,15,256,0.03,2,25.74,0,1,21,0,1,1,1,0.133,10.58,0
24.84,11,1406,66.16,0,30.54,1,1,139,0,1,1,0,0.038,13.01,0
69.45,1,144,9.86,1,11.0,2,0,8,0,1,1,1,0.121,12.38,0
13.13,18,380,29.19,1,82.34,0,1,27,0,1,1,0,0.476,19.32,0
18.3,15,11,27.5,2,20.99,0,1,0,0,1,1,0,0.055,20.59,0
4.01,23,483,25.09,0,21.15,0,0,19,0,1,1,1,0.087,2.26,0
7.97,12,1330,9.22,0,32.93,0,0,114,0,1,1,0,0.167,6.77,0
182.66,4,1080,33.94,1,14.36,0,0,52,0,0,1,1,0.135,4.33,0
154.69,22,349,6.87,2,22.53,1,0,33,0,1,1,0,0.268,30.94,0
32.0,23,524,7.87,1,40.77,1,0,44,1,1,1,0,0.196,24.15,0
158.05,5,422,4.43,1,85.23,0,0,12,1,1,1,1,0.009,5.29,0
25.53,20,35,8.92,2,33.66,0,0,0,0,1,1,1,0.28,8.01,0
23.49,23,86,64.58,1,115.2,1,0,2,0,1,1,1,0.1,22.88,0
31.71,16,1660,12.77,1,22.39,1,0,135,0,0,1,1,0.081,11.63,0
26.45,16,148,26.68,1,6.79,0,0,11,0,1,0,1,0.222,5.99,0
24.16,16,243,4.58,1,8.4,0,0,16,0,1,1,0,0.381,0.0,0
94.01,2,356,46.83,1,39.74,0,0,11,0,1,0,0,0.135,16.56,0
34.82,12,1935,0.2,1,21.81,0,0,104,1,1,1,0,0.195,7.25,0
61.1,11,586,39.94,2,64.77,0,0,35,1,1,1,1,0.178,13.04,0
84.05,5,497,34.24,2,31.97,0,0,48,1,1,1,1,0.117,16.95,0
44.18,21,372,1.05,1,29.37,0,0,12,0,1,1,0,0.117,11.04,0
11.36,20,603,13.93,0,11.43,0,0,27,0,0,1,0,0.33,0.0,0
7.75,12,545,23.07,2,4.11,0,0,38,0,1,1,1,0.187,15.83,0
34.77,13,1166,7.76,2,18.87,0,0,39,0,1,1,0,0.316,15.01,0
25.25,6,390,1.45,2,10.74,0,0,12,0,1,1,1,0.15,11.62,0
32.7,4,274,26.53,0,7.84,1,0,14,0,1,1,0,0.319,9.38,0
29.49,13,823,9.42,0,30.99,0,1,49,0,1,1,1,0.283,5.6,0
396.86,17,804,4.58,2,52.75,0,0,59,1,1,0,0,0.153,14.84,1
7.92,3,93,1.1,3,38.06,0,0,7,0,1,1,1,0.169,20.23,0
4.1,0,135,15.33,1,36.83,0,0,12,0,1,1,1,0.068,0.0,0
41.78,6,1593,0.65,0,14.04,0,0,71,0,1,1,1,0.254,5.44,0
20.56,19,294,23.49,2,9.75,0,0,17,0,1,1,0,0.141,17.18,0
41.1,12,367,22.09,3,11.92,0,0,32,0,1,1,0,0.096,23.84,0
53.73,3,186,5.85,0,62.65,0,1,10,0,1,1,0,0.277,0.0,0
108.21,12,328,9.59,2,23.29,0,1,9,0,1,1,1,0.313,2.97,0
6.64,3,680,16.59,1,118.29,1,1,36,0,1,1,0,0.23,19.81,0
17.17,2,329,47.96,2,63.07,0,0,26,0,1,0,0,0.311,18.98,0
46.01,7,189,11.01,1,116.32,2,0,10,0,1,1,1,0.44,42.72,1
64.75,19,50,85.62,0,27.54,0,0,1,1,0,1,1,0.131,0.0,0
268.66,7,1317,5.9,0,32.22,0,0,125,0,1,1,1,0.265,4.18,0
77.92,16,1027,11.21,1,9.03,0,1,43,0,1,1,1,0.106,10.4,0
28.31,14,784,1.84,1,27.69,0,0,46,0,1,1,0,0.182,7.21,0
12.3,3,592,12.19,1,53.68,1,0,27,0,1,1,0,0.265,11.92,0
17.04,5,362,11.53,3,212.88,0,1,18,0,1,1,0,0.192,18.4,0
16.57,23,1138,28.34,1,17.01,0,0,79,0,1,1,1,0.042,2.29,0
57.7,21,784,85.05,0,11.2,1,1,44,0,1,1,0,0.203,26.28,1
38.74,5,846,64.22,2,64.05,2,2,21,0,1,1,1,0.481,47.85,1
7.98,9,185,4.04,1,12.8,0,0,10,0,1,0,1,0.32,15.52,0
19.38,3,275,6.2,0,18.89,0,0,11,1,1,1,0,0.183,2.73,0
72.06,8,613,4.82,1,127.57,0,0,42,0,1,1,1,0.398,4.34,0
42.59,15,232,3.34,1,19.47,0,0,7,0,1,1,1,0.224,1.49,0
52.91,6,341,2.44,1,54.23,0,0,22,0,1,1,0,0.62,3.06,0
43.94,13,520,10.75,3,86.21,1,0,28,0,1,1,1,0.118,5.82,0
152.39,5,288,30.89,3,16.84,2,0,24,0,1,1,0,0.051,45.53,0
37.94,0,788,13.37,2,22.65,0,0,35,0,1,1,0,0.369,21.52,0
20.37,17,62,30.91,1,24.27,0,3,1,0,1,1,0,0.228,1.58,0
11.99,11,633,48.09,1,31.97,1,0,15,0,1,1,0,0.209,22.52,0
38.46,21,78,7.25,0,12.28,0,1,4,0,1,1,1,0.1,0.0,0
2.61,14,1389,27.09,2,19.64,1,0,83,0,1,1,1,0.33,27.71,0
24.92,0,188,0.81,1,2.79,1,0,9,0,1,1,1,0.085,7.5,0
24.39,14,793,9.84,3,11.42,0,0,65,0,1,1,0,0.199,28.42,0
7.66,14,368,6.89,3,40.58,0,0,26,1,1,1,1,0.315,18.37,0
11.84,15,48,3.44,3,54.19,0,1,3,0,1,1,1,0.261,33.79,0
67.33,20,437,8.65,0,49.7,0,0,29,1,1,1,1,0.163,0.0,0
37.74,0,1216,8.8,2,102.02,0,0,97,0,1,1,1,0.463,28.56,0
33.17,2,86,24.8,3,62.07,0,2,5,0,1,1,1,0.206,17.35,0
40.7,11,194,30.48,2,19.13,0,0,6,0,1,1,1,0.291,24.77,0
32.87,6,289,16.05,2,50.74,0,0,14,0,1,1,0,0.147,29.13,0
103.84,4,161,15.05,1,10.66,0,0,4,0,1,1,0,0.365,7.88,0
33.9,0,1439,1.75,5,13.15,0,0,128,0,1,1,0,0.139,40.15,0
6.97,0,237,12.84,1,32.9,0,0,8,0,1,1,1,0.113,11.51,0
152.95,14,537,4.81,1,12.5,2,1,35,0,1,1,0,0.102,35.91,0
43.39,7,127,5.24,0,6.84,0,0,2,0,1,1,1,0.089,14.54,0
16.62,10,124,1.49,0,36.29,0,2,5,0,1,1,0,0.272,0.0,0
8.56,13,97,15.15,2,59.79,0,0,8,0,1,1,1,0.079,37.21,0
44.52,22,285,13.15,4,64.45,0,0,23,0,1,1,1,0.068,39.66,0
26.65,12,381,3.73,2,84.5,1,0,9,0,1,1,1,0.059,32.62,0
144.63,18,5,4.58,1,58.05,0,0,0,0,1,0,0,0.233,4.09,0
21.2,11,895,22.24,2,18.02,2,0,43,1,1,1,1,0.127,25.86,0
12.97,21,359,23.62,3,25.1,0,1,10,0,1,1,1,0.073,21.36,1
73.39,18,86,10.19,0,20.68,0,0,7,1,1,1,0,0.376,0.0,0
75.59,3,35,2.42,2,24.49,0,0,3,0,1,1,1,0.06,33.23,0
35.47,3,33,0.86,0,39.7,0,1,1,0,1,0,0,0.155,0.0,0
58.93,2,149,4.75,1,19.28,0,0,4,0,1,1,0,0.094,1.82,0
28.86,5,346,19.71,2,14.59,0,0,17,0,1,1,0,0.205,27.15,0
37.86,4,984,13.78,1,28.21,0,0,19,0,1,1,1,0.26,16.19,0
96.06,10,1166,18.99,4,124.25,0,1,87,0,1,1,0,0.271,24.7,0
56.0,8,893,9.57,0,61.48,0,0,82,0,1,0,1,0.203,14.53,0
25.3,2,199,21.08,0,11.32,0,0,3,0,1,1,1,0.106,0.0,0
115.86,8,183,9.83,1,15.24,0,0,13,0,1,1,0,0.091,4.45,0
2.82,11,2189,1.32,1,57.43,0,0,52,0,1,1,1,0.095,18.72,0
233.24,2,572,1.25,5,30.49,0,0,20,0,1,1,0,0.149,39.68,0
5.44,19,182,26.71,3,14.1,0,1,11,0,1,1,1,0.264,14.31,0
16.01,16,200,14.9,0,58.12,2,2,8,1,1,1,0,0.02,18.28,0
28.76,20,285,4.91,5,22.0,0,0,4,0,1,1,0,0.2,33.7,0
25.88,11,486,21.23,0,30.09,1,0,47,0,1,1,0,0.141,17.08,0
81.97,17,1141,2.19,1,19.23,2,1,35,0,1,1,1,0.222,42.16,0
10.4,3,111,15.54,0,9.73,0,0,6,0,1,1,0,0.148,3.07,0
38.89,9,44,68.33,1,16.52,0,0,2,0,1,0,0,0.236,8.36,0
16.81,17,260,2.44,3,38.43,1,1,24,0,1,1,0,0.245,33.81,0
40.25,7,141,2.3,2,18.13,2,0,11,0,1,1,1,0.059,42.39,0
28.08,8,429,9.46,2,16.19,0,0,27,0,1,1,0,0.399,9.56,0
32.88,18,601,15.44,2,9.77,0,0,46,0,1,1,1,0.083,13.22,0
17.29,12,186,0.4,3,28.78,0,0,16,0,1,1,0,0.222,42.44,0
17.99,5,578,10.39,2,29.52,1,1,25,0,1,1,0,0.113,31.72,0
39.94,21,210,1.3,3,13.13,0,0,5,0,1,1,0,0.152,22.66,0
76.99,6,504,4.14,0,28.3,1,0,42,0,1,1,1,0.281,2.79,0
16.47,20,501,18.69,0,29.54,0,1,16,0,1,1,0,0.328,0.0,0
12.57,5,163,20.14,2,32.55,0,0,7,0,1,1,1,0.348,4.91,0
55.34,10,505,19.63,2,30.98,0,0,45,0,1,1,0,0.237,25.3,0
29.01,16,240,1.01,1,15.58,0,0,17,0,1,1,1,0.282,0.09,0
68.75,18,205,23.18,1,32.87,0,0,4,0,1,1,1,0.055,8.22,0
12.11,11,171,8.49,0,25.98,0,0,6,0,1,1,0,0.042,2.21,0
5.06,20,212,9.67,0,31.08,1,0,6,1,1,1,0,0.313,6.97,0
17.58,20,773,8.16,1,48.62,0,0,14,1,1,0,1,0.118,0.0,0
13.92,23,141,29.18,0,55.29,1,0,4,0,1,0,0,0.053,27.49,0
27.69,12,573,17.09,2,42.34,0,0,40,0,1,1,0,0.136,12.97,0
15.85,17,1154,10.4,2,36.56,0,1,20,1,1,1,0,0.149,23.41,1
62.87,6,216,26.96,2,71.25,0,1,20,0,1,1,1,0.039,17.13,0
22.46,22,15,24.55,2,13.96,0,0,0,0,1,1,0,0.227,14.37,0
34.83,4,12,0.08,3,11.24,0,0,0,0,1,1,0,0.382,15.07,0
35.08,15,75,9.78,3,73.54,0,1,1,0,1,1,1,0.327,28.01,0
36.41,21,58,0.65,0,65.36,0,1,1,0,1,0,1,0.41,0.0,0
29.25,3,689,5.5,1,53.66,0,0,68,0,1,1,1,0.036,0.0,0
49.93,22,175,24.43,1,21.62,0,0,7,0,1,1,1,0.092,14.24,0
13.52,0,529,43.25,2,98.19,1,0,38,0,1,1,1,0.071,30.95,0
121.44,3,22,4.16,1,14.18,0,0,1,1,1,0,1,0.146,9.41,0
23.65,2,175,0.32,1,16.9,0,0,10,0,1,1,0,0.15,10.72,0
8.07,3,133,7.72,1,10.64,0,0,7,0,1,0,0,0.081,5.12,0
36.16,0,162,6.12,1,17.62,0,1,7,0,1,1,0,0.07,8.04,0
12.79,11,106,16.95,0,28.3,0,0,7,0,1,1,1,0.131,0.0,0
58.28,12,481,10.25,1,18.25,0,0,29,0,1,0,1,0.328,17.48,0
273.04,1,543,7.63,0,42.85,0,0,28,0,1,1,1,0.491,0.0,0
13.65,8,80,3.91,3,35.65,0,0,2,0,1,1,1,0.416,30.91,0
41.78,6,676,26.45,1,44.22,0,0,48,0,1,1,0,0.272,10.35,0
5.18,12,144,4.28,2,65.68,1,1,7,0,1,1,1,0.059,12.46,0
47.18,21,166,0.84,2,70.81,1,0,4,0,1,1,1,0.057,34.64,0
12.36,1,882,12.47,3,28.35,1,0,39,0,1,1,1,0.348,52.7,0
16.04,0,1157,5.73,4,31.78,0,1,23,0,1,1,0,0.486,27.16,0
9.96,17,871,18.69,2,16.22,0,0,23,0,1,1,0,0.288,20.05,0
62.31,6,80,1.26,1,140.7,0,0,7,0,1,1,0,0.1,4.65,0
82.05,17,3610,50.86,2,9.66,0,1,298,0,1,1,1,0.248,12.58,0
30.67,18,558,3.1,4,12.76,0,0,55,0,1,1,0,0.078,30.45,0
12.62,7,357,6.63,1,18.41,0,0,33,0,1,1,0,0.197,0.0,0
146.87,22,1549,9.84,1,3.79,0,0,149,0,1,1,1,0.124,7.56,0
14.15,11,850,33.13,1,22.49,0,0,48,0,1,1,0,0.388,16.9,0
3.45,10,588,19.23,4,28.31,0,0,42,0,1,1,1,0.298,31.26,0
47.39,8,911,2.35,2,15.0,0,1,16,1,1,1,1,0.226,14.35,0
9.93,3,243,8.66,1,29.26,0,0,11,0,1,0,1,0.259,14.02,0
80.53,6,577,11.74,1,8.92,0,0,42,0,1,1,1,0.101,0.0,0
20.47,16,106,18.17,2,12.21,0,0,3,0,1,1,0,0.081,21.08,0
54.8,10,2211,12.72,1,42.28,0,0,201,0,1,1,1,0.143,3.83,0
121.69,1,445,9.17,0,40.17,0,0,11,0,1,1,0,0.185,3.27,0
8.95,22,842,21.76,3,31.72,0,1,72,0,1,1,1,0.177,25.13,0
17.01,17,262,7.12,2,47.9,1,0,17,0,1,1,1,0.273,19.01,0
27.78,21,711,65.34,0,26.02,0,0,62,0,1,1,0,0.259,0.0,0
139.43,11,245,44.29,1,42.36,0,0,8,0,1,1,0,0.432,9.59,1
15.51,8,446,18.43,0,18.34,0,0,31,0,0,1,1,0.136,0.0,0
16.54,10,753,32.13,0,10.68,0,0,26,0,1,1,1,0.18,0.0,0
48.33,4,62,7.49,3,28.77,1,0,2,0,1,1,0,0.26,36.01,0
16.82,6,221,13.07,1,59.24,0,0,5,0,1,1,0,0.154,3.42,0
34.9,0,394,4.78,5,23.85,0,0,34,0,1,1,1,0.16,34.8,0
6.35,23,203,32.53,0,15.65,1,0,16,1,1,1,0,0.089,12.25,0
274.33,4,185,9.55,1,38.71,0,0,7,0,1,1,1,0.124,19.9,0
7.79,5,165,11.52,2,8.05,0,0,5,0,1,1,1,0.261,19.85,0
21.72,12,129,29.99,0,42.54,0,0,10,1,1,1,0,0.148,0.0,0
29.01,10,945,23.94,0,10.19,1,0,52,0,1,1,0,0.366,5.79,0
202.89,7,1286,5.82,2,35.56,0,0,56,0,1,1,1,0.216,15.52,0
7.97,19,602,1.37,3,69.18,0,0,44,0,1,1,0,0.117,30.26,0
217.83,1,15,2.65,4,12.01,1,0,0,0,1,1,1,0.223,51.21,1
63.89,14,771,6.21,1,109.61,0,0,59,0,1,1,1,0.034,31.11,0
45.47,9,380,5.46,1,57.97,2,0,12,0,1,1,0,0.096,40.37,0
11.19,7,710,0.59,1,45.46,1,0,45,0,1,1,1,0.2,29.36,0
53.05,1,288,8.49,1,19.52,0,0,25,0,1,1,1,0.177,16.46,0
14.53,20,21,1.68,1,61.52,0,0,1,0,1,1,0,0.318,11.46,0
106.34,14,572,3.74,4,28.98,0,1,54,0,1,1,0,0.278,53.51,0
11.35,5,294,23.23,2,33.79,0,0,5,0,1,1,1,0.049,4.91,0
26.76,4,1036,10.24,3,102.28,0,0,97,0,1,1,1,0.034,11.16,0
17.2,21,670,7.0,1,34.72,0,1,24,0,0,1,0,0.269,3.17,0
11.16,21,223,3.08,3,31.18,0,0,21,0,1,1,0,0.074,26.92,0
62.89,2,644,30.18,1,27.73,0,0,24,0,1,1,1,0.061,14.16,0
51.19,10,342,35.1,1,15.71,0,1,11,0,1,1,1,0.183,8.9,0
100.38,10,111,10.97,0,39.33,0,0,7,0,1,1,0,0.319,0.38,0
5.05,15,272,38.13,0,23.31,1,0,21,0,1,1,0,0.283,0.0,0
86.85,2,126,9.38,0,80.27,0,0,12,0,1,1,0,0.089,3.89,0
367.03,8,2,1.7,0,73.65,0,0,0,0,1,1,1,0.323,0.0,0
19.07,2,142,0.26,2,20.53,1,0,7,0,1,1,1,0.05,16.41,0
199.37,18,118,2.06,0,24.65,2,0,7,0,1,0,1,0.267,30.88,0
23.03,10,2,14.62,1,10.8,1,0,0,0,1,1,1,0.09,10.78,0
7.6,13,766,5.8,0,4.46,0,0,62,0,1,1,0,0.343,0.0,0
22.07,1,40,15.68,0,39.07,1,0,3,0,1,1,1,0.156,12.67,0
85.47,6,298,10.64,2,17.93,0,0,18,0,1,1,1,0.148,9.3,0
12.96,9,271,6.07,0,45.93,0,0,23,0,1,1,0,0.145,0.0,0
16.44,9,100,3.7,2,13.46,0,0,8,0,1,1,1,0.234,20.34,0
54.25,19,1704,1.27,1,22.03,1,0,57,0,1,1,0,0.178,23.74,0
30.06,0,463,22.88,2,25.01,0,0,21,0,1,1,0,0.026,14.21,0
53.77,5,840,25.64,3,24.31,2,0,27,0,1,1,1,0.198,27.39,1
38.01,20,343,11.7,0,6.14,0,0,6,0,1,1,1,0.354,1.1,0
48.41,13,642,2.56,1,51.78,1,0,56,0,1,1,0,0.24,20.94,0
19.45,1,1750,4.59,1,24.68,0,0,160,0,1,1,0,0.069,10.49,0
37.78,5,214,46.56,2,9.99,0,1,11,1,1,1,0,0.017,24.2,0
11.85,0,351,3.84,0,70.85,0,2,16,0,1,1,1,0.387,0.0,0
108.68,2,361,0.88,6,73.24,0,1,20,0,1,1,0,0.243,53.42,1
15.89,3,2414,11.98,1,31.0,0,0,166,0,1,1,1,0.185,0.0,0
92.65,12,133,4.56,0,24.98,0,0,13,0,1,1,0,0.073,0.0,0
23.72,2,562,47.35,4,21.55,1,0,50,0,1,1,1,0.085,61.53,0
36.67,14,74,12.83,7,11.87,0,0,2,0,1,1,0,0.247,69.77,0
18.27,12,1309,50.64,2,25.21,0,0,117,0,1,1,0,0.179,1.03,0
10.85,21,446,23.1,1,5.58,0,0,25,0,1,1,1,0.086,0.0,0
5.23,10,981,19.26,3,63.61,0,0,82,0,1,1,1,0.274,36.0,0
10.43,3,1128,26.61,3,15.09,0,0,98,0,1,1,0,0.177,30.7,0
21.67,16,407,13.93,4,7.89,1,0,19,0,1,1,0,0.249,54.67,0
37.04,4,573,0.17,0,10.26,1,0,10,0,1,1,1,0.118,12.33,0
82.3,20,600,7.48,0,25.45,0,0,28,0,0,1,0,0.202,0.0,0
19.19,23,309,3.71,2,36.9,0,0,5,0,1,1,0,0.074,15.62,0
12.4,7,285,8.55,0,19.83,1,1,16,0,1,1,0,0.014,6.72,0
7.08,20,103,9.54,2,16.47,0,0,9,0,0,1,1,0.218,16.23,0
48.43,23,242,2.05,2,12.66,2,0,21,0,1,1,1,0.203,34.58,0
119.49,9,2342,0.36,2,55.4,1,0,113,0,1,1,1,0.234,22.78,0
106.31,6,157,2.23,2,43.12,0,0,12,0,1,1,1,0.154,12.24,0
60.94,16,719,29.22,2,33.18,0,0,55,1,1,1,1,0.113,19.33,0
56.74,6,31,21.15,4,10.52,0,1,2,0,0,1,1,0.284,44.82,0
163.63,23,315,24.06,3,18.4,0,0,23,0,1,1,1,0.122,21.69,0
41.77,18,30,4.85,0,18.29,0,1,2,0,1,1,1,0.182,0.0,0
57.18,8,323,4.04,1,106.93,0,1,12,0,1,1,1,0.172,0.0,0
21.74,23,14,0.57,1,29.31,0,0,0,0,0,1,1,0.142,11.77,0
7.67,1,475,9.59,1,17.26,1,0,20,0,1,0,1,0.244,20.18,0
15.12,21,442,7.23,3,110.53,0,0,29,0,1,0,1,0.42,14.73,0
29.69,19,799,27.11,1,50.52,0,0,45,0,0,1,1,0.097,4.75,0
31.84,18,438,17.18,1,51.82,0,1,31,0,1,1,0,0.158,16.44,0
205.67,5,1302,2.34,0,77.21,0,0,70,0,1,1,0,0.117,5.29,0
32.5,9,764,65.32,0,59.3,0,0,54,0,1,1,1,0.245,1.17,0
97.4,12,71,22.09,1,18.59,0,1,1,0,0,1,1,0.347,15.3,0
19.39,1,154,19.11,0,23.57,0,0,8,1,1,1,1,0.116,13.42,0
21.94,9,13,3.66,2,36.89,0,0,0,0,1,1,1,0.305,24.59,0
7.93,9,244,35.33,1,29.57,0,0,9,0,1,1,1,0.151,5.77,0
14.26,4,356,9.63,2,6.34,1,0,15,0,1,1,0,0.291,29.72,0
50.75,21,1459,5.3,1,8.83,0,0,26,0,1,1,1,0.053,4.42,0
30.19,3,369,15.96,0,26.61,1,0,30,0,1,1,0,0.161,16.08,0
76.93,22,759,3.57,2,6.65,0,0,43,0,0,1,1,0.031,13.01,0
35.92,1,156,35.72,2,9.53,1,0,4,0,1,1,1,0.367,27.91,0
21.06,6,83,28.9,0,18.38,0,0,5,0,1,1,1,0.385,0.0,0
256.8,17,833,9.38,1,28.77,0,0,22,0,1,0,0,0.185,6.54,0
27.28,16,142,3.17,5,44.27,0,0,7,0,1,1,0,0.359,36.47,0
95.87,10,1025,10.29,2,55.69,1,0,28,0,1,1,1,0.178,20.81,0
20.06,20,93,2.42,2,34.34,0,0,6,0,1,1,1,0.144,15.2,0
60.92,17,954,4.72,1,59.58,0,0,30,0,1,1,1,0.178,15.83,0
75.79,7,741,9.89,0,14.79,2,1,71,0,1,1,0,0.379,22.39,0
36.91,11,472,0.32,0,12.21,1,0,31,0,1,1,1,0.132,14.83,0
2.84,23,949,21.77,2,23.38,0,0,17,0,1,1,1,0.074,6.46,0
30.52,0,201,3.29,2,45.94,0,1,10,0,1,1,1,0.159,8.19,0
102.56,19,91,30.22,2,52.07,0,0,2,0,1,1,0,0.096,19.47,0
50.78,20,85,0.34,2,73.08,0,0,5,0,1,1,0,0.253,19.03,0
46.8,11,158,11.39,1,41.99,0,0,12,0,1,1,1,0.222,14.97,0
5.35,5,296,22.49,1,129.14,0,0,12,0,1,1,1,0.059,4.8,0
14.58,2,1044,4.08,2,50.42,0,0,76,0,1,1,1,0.104,14.3,0
45.21,4,47,18.44,1,25.75,0,1,4,0,1,0,1,0.12,3.93,0
45.17,13,1234,19.14,3,59.91,1,0,113,0,1,1,1,0.412,22.52,0
100.95,11,1298,15.24,2,94.19,0,0,34,0,1,1,0,0.329,21.59,0
25.92,12,650,6.79,2,8.64,0,0,30,1,1,1,0,0.1,4.6,0
44.96,12,1153,23.06,0,19.3,0,0,45,0,1,1,0,0.198,7.29,0
30.46,16,735,14.85,2,12.18,1,1,47,0,1,1,0,0.545,23.72,0
11.17,23,376,13.39,1,24.12,0,0,31,0,1,1,1,0.115,7.28,0
3.14,14,459,25.65,2,17.63,0,1,32,0,1,1,1,0.162,11.29,0
46.11,5,495,4.21,1,40.97,0,1,48,0,0,1,1,0.162,5.16,0
35.66,11,68,3.97,1,75.02,0,0,1,0,0,1,0,0.127,18.2,0
16.15,1,107,7.33,0,74.6,0,0,3,0,1,1,1,0.209,0.0,0
5.93,3,371,1.14,1,54.46,1,0,32,0,1,1,1,0.297,20.29,0
56.25,19,61,6.17,2,35.02,0,0,3,0,1,1,1,0.135,13.52,0
22.97,20,1676,7.82,1,13.06,0,0,136,0,1,1,1,0.312,0.0,0
52.29,11,354,10.25,1,70.51,0,0,34,0,1,1,1,0.096,5.42,0
193.26,2,239,4.4,1,78.42,0,1,15,0,1,1,0,0.245,8.47,0
3.52,16,86,35.6,2,2.0,1,0,6,0,1,1,0,0.071,33.64,0
14.89,5,269,5.03,1,149.98,0,0,13,0,1,1,1,0.389,0.0,0
24.3,23,180,28.61,3,8.16,0,0,16,0,0,1,1,0.168,22.69,0
128.36,16,46,8.83,0,13.91,0,0,3,0,1,1,1,0.148,0.0,0
5.83,16,1706,19.0,2,44.86,0,0,114,1,1,1,1,0.349,23.4,0
207.65,10,154,1.76,1,11.39,0,0,2,0,1,1,1,0.072,13.59,0
34.32,22,586,11.8,1,26.79,1,0,33,0,1,1,0,0.115,29.35,0
27.22,6,48,48.6,1,11.15,0,0,4,0,1,1,0,0.146,15.09,0
24.58,1,1222,16.46,3,47.1,2,0,66,0,1,1,1,0.101,36.85,0
19.37,18,447,25.75,1,22.66,1,0,43,0,1,1,1,0.198,34.08,0
85.47,1,535,4.54,0,19.2,0,1,52,0,1,1,0,0.358,2.34,0
10.29,21,761,24.15,1,48.53,0,0,53,0,1,1,0,0.089,6.55,0
42.33,12,466,6.49,2,19.67,0,0,19,0,1,1,1,0.449,16.28,0
20.41,23,37,9.96,0,61.47,1,0,1,0,1,1,1,0.245,0.0,0
13.98,23,281,3.12,3,15.45,0,1,17,0,1,1,0,0.289,30.81,0
397.81,15,152,9.97,2,13.61,0,1,3,0,1,1,1,0.165,8.86,1
45.56,16,333,10.88,1,30.92,1,0,19,0,1,1,1,0.142,39.4,0
55.33,10,259,14.61,2,37.17,0,0,18,0,1,1,0,0.199,15.06,0
93.48,8,876,30.45,0,25.38,0,0,46,1,0,1,0,0.041,8.56,0
7.23,23,142,5.45,1,17.93,0,1,4,0,1,1,1,0.066,0.0,0
172.83,8,112,62.16,1,11.76,1,0,9,0,1,1,1,0.441,19.99,0
2.44,13,1586,28.23,1,31.14,0,0,97,0,1,1,1,0.208,2.08,0
13.89,12,1493,7.74,0,30.5,0,1,58,0,1,0,0,0.167,0.0,0
18.93,10,2515,3.86,1,22.4,0,0,45,0,1,1,0,0.056,15.65,0
53.61,11,420,1.11,3,106.33,0,0,26,0,1,0,1,0.157,11.67,0
37.29,21,60,4.01,2,15.68,1,0,4,0,1,1,1,0.141,33.71,0
25.36,2,1061,32.38,1,138.71,0,0,49,0,1,1,0,0.119,12.18,0
29.61,0,78,5.18,1,21.55,1,0,5,0,1,1,1,0.328,24.62,0
11.27,7,85,2.23,0,65.86,1,1,7,0,1,1,1,0.081,5.42,0
6.7,18,107,0.34,0,35.49,1,0,5,0,1,1,1,0.258,6.23,0
61.96,12,530,5.3,1,73.62,0,0,20,0,1,1,0,0.542,16.34,0
59.96,6,57,3.65,0,148.72,0,0,2,0,1,1,1,0.25,20.83,0
146.13,12,753,1.62,1,34.16,0,0,60,0,1,1,1,0.083,5.82,0
13.6,5,30,45.27,1,14.27,0,0,1,0,1,1,1,0.156,26.18,0
59.91,2,59,4.67,1,7.87,0,0,2,1,1,1,1,0.081,11.38,0
22.56,5,285,0.09,2,18.7,0,0,13,0,1,1,0,0.192,31.75,0
98.54,2,238,43.31,2,72.01,0,0,16,0,1,1,1,0.297,20.87,0
83.26,12,2288,12.96,1,77.02,0,0,84,0,1,1,1,0.273,0.57,0
37.01,12,1704,1.3,1,72.28,0,0,98,0,1,1,1,0.414,5.62,0
21.34,12,105,0.48,2,23.81,0,0,7,0,1,0,1,0.173,26.18,0
78.33,0,1466,1.71,2,63.58,0,0,88,0,1,1,0,0.121,8.81,0
57.22,7,589,13.43,0,41.45,2,0,10,0,0,1,0,0.436,31.99,0
15.11,4,263,0.96,3,14.13,0,0,15,0,1,1,0,0.351,34.45,0
7.94,19,673,12.59,1,19.53,0,0,31,0,0,1,0,0.175,14.28,0
22.45,16,1152,15.86,1,119.42,1,0,23,0,1,1,0,0.06,5.44,0
136.38,8,99,2.4,3,8.7,0,0,9,0,1,1,1,0.271,27.09,0
94.3,12,109,10.05,0,62.8,0,0,7,0,1,1,1,0.259,9.82,0
9.85,12,263,49.81,2,11.89,0,0,24,0,1,1,0,0.096,23.91,0
9.32,4,93,27.16,3,30.38,0,0,3,1,0,1,1,0.275,20.51,0
107.2,13,223,19.28,2,99.97,0,0,20,0,1,0,1,0.156,8.77,0
9.63,10,519,10.94,0,40.39,0,0,27,0,1,1,1,0.176,3.56,0
49.86,13,838,7.52,1,26.63,0,0,36,0,1,1,1,0.103,16.39,0
16.18,6,180,9.01,1,23.27,0,1,15,0,0,1,1,0.021,0.0,0
150.96,23,165,21.7,0,80.94,0,0,3,0,1,1,0,0.061,0.0,0
13.87,16,756,12.12,3,49.55,0,0,58,1,1,1,1,0.211,23.4,0
94.01,3,240,21.7,0,69.45,1,1,21,0,1,1,1,0.061,5.39,0
36.05,9,853,52.53,2,62.08,0,0,76,0,1,1,1,0.143,13.39,0
38.56,9,2509,15.35,0,56.2,0,0,48,0,1,1,1,0.163,0.0,0
4.18,14,1948,13.86,1,34.87,0,0,175,0,1,1,1,0.134,8.98,0
3.31,19,543,7.82,2,15.82,0,0,41,0,1,1,0,0.106,19.99,0
24.03,11,235,3.29,2,40.29,0,0,20,0,1,1,1,0.169,13.4,0
38.36,8,34,7.03,2,22.38,0,0,2,0,1,1,0,0.148,0.0,0
9.73,2,670,11.01,3,7.33,0,2,52,0,1,1,0,0.098,35.43,1
10.09,14,1908,0.53,2,100.3,1,0,129,0,1,1,0,0.152,25.04,0
52.53,11,35,9.69,1,11.66,0,0,1,0,1,1,1,0.203,18.86,0
52.61,14,3,29.72,4,20.2,0,0,0,0,1,1,1,0.035,33.05,0
26.11,0,891,56.34,1,13.02,0,0,23,0,1,1,1,0.219,6.24,0
65.38,14,54,29.02,2,14.21,0,0,1,0,1,1,0,0.201,14.09,0
9.26,10,43,2.83,2,12.12,0,0,3,0,1,1,0,0.062,3.64,0
20.99,4,1206,2.53,3,18.94,0,0,87,0,1,1,1,0.169,18.22,0
155.69,6,41,7.5,0,32.47,0,0,3,0,1,1,1,0.149,2.86,0
32.08,11,61,3.83,0,34.48,0,0,4,0,1,1,0,0.095,7.28,0
34.0,19,421,16.9,1,52.49,1,0,10,0,0,1,1,0.052,20.48,0
300.65,5,707,1.33,1,19.42,1,0,63,0,1,1,0,0.261,15.02,1
7.39,21,255,8.8,1,3.41,0,0,6,0,1,1,1,0.137,7.93,0
66.45,2,273,4.93,0,63.79,0,1,14,0,1,1,1,0.351,0.0,0
158.22,9,501,13.57,1,56.54,0,1,34,0,1,1,1,0.244,28.25,0
21.65,20,352,23.92,0,16.45,0,0,24,0,1,1,0,0.156,17.66,0
70.78,21,9,38.57,0,51.64,0,0,0,0,1,0,1,0.133,0.0,0
11.22,3,60,49.8,3,32.29,0,0,2,1,1,1,1,0.096,26.42,0
15.08,12,436,6.49,0,32.76,0,0,18,0,1,1,0,0.087,0.0,0
44.03,18,789,29.05,1,35.88,0,0,77,1,1,0,1,0.304,4.98,0
66.59,4,720,13.45,1,12.18,0,0,32,0,1,1,1,0.077,19.15,0
91.92,22,674,17.68,1,16.48,0,1,43,0,1,1,0,0.022,11.36,0
143.97,21,738,28.57,2,37.6,0,0,47,0,1,1,1,0.075,4.5,0
28.01,17,23,2.09,1,25.85,0,0,1,1,1,1,0,0.502,12.3,0
98.85,0,1127,44.18,3,26.51,0,0,77,0,1,1,0,0.047,21.05,0
21.28,20,1100,11.89,1,62.25,0,0,42,0,1,1,0,0.297,4.43,0
73.85,20,380,6.14,4,3.32,1,0,17,0,1,1,0,0.253,37.94,0
36.87,15,143,6.2,0,69.51,0,0,3,1,1,1,0,0.327,0.0,0
46.79,15,448,20.85,1,29.15,0,0,28,0,0,1,1,0.206,10.84,0
45.76,15,408,17.03,1,26.1,1,0,14,0,1,1,1,0.179,25.8,0
6.02,21,126,19.61,0,35.51,1,0,3,0,1,0,0,0.191,0.0,0
9.74,18,462,4.38,0,19.73,0,0,39,1,1,0,1,0.208,0.0,0
33.2,15,798,2.8,2,11.38,0,0,51,0,1,1,1,0.053,23.18,0
5.54,0,820,19.19,0,45.61,0,0,51,0,1,0,0,0.063,2.94,0
68.8,19,31,5.32,1,101.38,0,0,0,0,1,1,1,0.298,2.48,0
71.63,19,110,3.77,0,65.35,0,0,5,0,1,1,1,0.251,0.0,0
41.56,9,552,3.62,2,64.04,0,0,34,0,1,1,1,0.211,11.19,0
9.77,1,982,2.41,0,7.88,0,0,52,0,0,1,0,0.13,0.0,0
119.12,13,368,8.35,0,52.14,0,1,22,0,1,0,0,0.01,3.32,0
229.8,7,615,4.54,1,18.49,0,0,11,0,1,1,0,0.092,14.93,0
34.71,5,11,33.65,0,16.86,1,0,0,0,1,1,1,0.338,3.25,0
49.93,2,469,17.53,3,26.01,0,1,16,0,1,1,0,0.073,22.94,0
36.66,15,1634,20.43,2,82.58,1,0,78,0,1,1,1,0.342,32.26,0
50.93,16,541,7.75,0,13.12,1,0,51,0,1,1,0,0.068,13.21,0
26.59,11,1277,13.75,0,20.16,0,0,78,0,1,1,1,0.349,6.0,0
28.95,18,417,10.42,1,8.92,0,2,15,0,1,1,1,0.162,0.0,0
74.12,23,927,2.75,0,6.34,2,0,70,0,0,1,0,0.233,31.27,0
312.82,19,66,0.74,0,20.29,0,1,2,0,1,1,1,0.501,0.0,1
7.39,2,66,17.26,2,65.4,0,1,1,0,1,1,0,0.14,27.22,0
27.01,12,64,1.94,1,70.49,1,1,2,0,0,1,0,0.057,12.76,0
9.2,15,336,0.89,1,32.0,1,0,13,0,1,1,1,0.285,15.69,0
147.23,10,200,8.75,1,28.15,0,0,10,0,1,1,1,0.147,11.11,0
16.65,19,635,20.09,1,16.22,0,1,48,0,1,1,1,0.267,15.82,0
7.08,15,1165,21.97,3,7.29,1,0,75,0,1,1,1,0.358,18.37,0
56.72,19,483,31.01,2,8.86,0,1,27,0,1,0,0,0.051,0.0,0
171.45,1,120,3.33,2,76.08,0,0,11,0,1,1,1,0.026,8.63,0
58.18,3,1336,63.63,2,9.01,0,0,25,0,1,1,0,0.179,19.63,0
36.77,3,375,21.61,2,6.66,0,0,18,0,1,1,1,0.348,10.47,0
45.11,16,636,2.57,2,14.12,0,0,46,0,1,1,1,0.055,20.69,0
123.33,0,1106,27.56,1,5.55,0,1,47,0,1,1,0,0.242,12.92,0
12.5,0,2294,10.37,2,62.1,1,0,129,0,1,1,0,0.267,23.51,0
26.79,4,353,1.03,2,25.37,0,0,6,0,1,1,0,0.493,17.62,0
19.05,21,825,2.12,3,18.64,0,1,27,0,1,1,1,0.085,32.38,0
9.32,11,418,8.53,2,36.88,0,0,9,0,1,1,0,0.024,16.71,0
21.58,5,333,11.34,1,49.29,1,0,32,0,1,1,1,0.034,17.55,0
90.71,5,386,44.2,0,28.2,0,0,30,0,1,1,1,0.226,17.52,0
52.8,16,331,3.64,0,26.85,0,0,23,0,1,1,1,0.505,0.0,0
57.07,21,273,9.64,1,9.45,0,0,4,0,1,1,1,0.288,17.13,0
34.69,12,643,3.84,1,15.67,1,0,35,0,1,1,0,0.045,17.0,0
50.57,7,144,12.26,3,46.44,0,0,10,0,1,1,0,0.311,25.31,0
13.46,23,479,36.01,2,26.26,0,0,32,0,1,1,0,0.372,11.09,0
21.99,11,624,12.58,0,72.52,0,0,37,0,1,1,1,0.163,0.0,0
36.31,14,1113,10.7,1,54.58,0,0,95,1,1,1,1,0.165,5.7,0
39.55,18,202,20.8,2,5.43,1,0,9,0,1,1,0,0.085,23.9,0
41.27,20,985,2.4,0,38.54,0,0,85,0,0,1,0,0.442,0.0,0
26.09,19,1453,35.41,0,26.55,0,0,71,0,1,1,1,0.172,1.03,0
20.54,16,523,12.93,4,5.88,0,0,34,0,1,1,1,0.164,36.13,0
704.7,8,738,17.39,1,5.14,0,0,44,0,1,1,1,0.14,12.46,1
74.2,20,260,25.64,2,15.11,0,0,13,1,1,1,0,0.385,21.32,0
45.29,17,1520,15.12,2,19.43,1,0,59,0,1,1,0,0.424,36.51,0
23.73,1,556,15.38,1,49.32,0,0,30,0,1,1,1,0.093,18.09,0
19.08,10,186,19.62,1,11.18,0,0,4,0,1,1,0,0.094,15.3,0
26.29,22,259,0.8,0,103.05,0,0,11,0,1,1,1,0.079,0.0,0
40.16,19,481,7.22,2,45.57,0,1,31,0,0,1,0,0.108,17.53,0
4.57,16,133,49.43,4,23.72,0,0,2,1,1,1,1,0.268,34.45,1
6.24,20,701,4.47,4,36.24,0,0,55,0,1,1,1,0.522,32.86,0
15.85,17,127,11.72,0,121.4,0,0,8,0,1,1,1,0.137,0.0,0
36.86,14,448,2.89,1,22.36,0,0,43,0,0,1,0,0.105,7.1,0
23.59,6,597,5.86,1,22.8,0,0,14,0,0,0,0,0.053,0.0,0
131.38,15,982,18.94,5,40.14,0,1,34,0,1,1,1,0.075,33.17,1
6.8,0,662,15.45,0,10.51,0,0,40,0,1,0,0,0.079,4.41,0
14.14,17,802,8.02,2,25.95,1,0,45,0,1,1,1,0.078,37.02,0
137.02,21,1221,41.73,3,15.77,1,1,71,0,1,0,0,0.312,29.28,0
34.16,7,455,22.38,2,52.78,0,0,20,0,1,1,1,0.155,22.73,0
72.59,6,936,4.68,1,25.43,0,0,83,0,0,1,1,0.283,9.22,0
233.05,1,132,9.39,3,51.73,0,0,2,0,1,1,0,0.27,41.38,1
14.97,11,843,31.56,0,21.94,1,1,75,0,1,1,1,0.06,24.85,0
27.13,15,125,0.34,3,8.31,0,0,10,0,1,1,1,0.38,23.49,0
22.82,8,1364,13.06,2,93.51,0,0,112,0,1,1,1,0.365,11.91,0
4.24,19,200,3.96,0,13.12,1,0,18,0,1,0,0,0.175,8.79,0
21.97,10,94,0.99,5,28.43,1,0,6,1,1,1,1,0.328,51.67,0
72.32,14,80,36.6,0,34.0,0,1,7,0,1,1,1,0.153,0.0,0
51.45,2,104,25.42,1,53.0,1,1,5,0,1,1,1,0.336,10.87,0
55.65,22,297,3.07,0,87.79,1,0,21,0,1,0,0,0.132,10.87,0
20.58,20,369,27.21,4,20.61,1,0,15,0,1,1,1,0.243,51.02,0
15.55,12,1225,2.37,1,12.68,0,0,102,0,1,1,1,0.156,0.0,0
106.62,20,240,9.7,3,4.22,0,1,4,0,1,1,0,0.119,24.21,0
18.22,12,123,19.41,1,23.21,0,0,10,0,0,1,1,0.184,9.55,0
40.21,1,681,11.45,1,4.05,0,0,18,0,1,0,0,0.058,17.62,0
35.28,5,72,28.54,1,11.41,0,0,2,0,1,1,0,0.1,5.66,0
129.25,5,1114,14.39,1,24.48,0,0,88,0,1,1,1,0.162,19.99,0
79.16,11,263,8.48,0,84.9,0,0,9,0,1,0,0,0.122,0.0,0
8.2,3,476,38.89,3,22.53,0,1,27,0,1,1,0,0.285,24.43,0
9.14,4,103,0.55,0,48.82,0,0,5,0,1,1,0,0.246,4.49,0
53.46,22,79,10.05,0,27.14,0,0,3,0,1,1,1,0.242,5.18,0
28.1,7,802,16.22,1,25.77,2,0,75,0,1,1,1,0.241,27.97,0
19.01,5,281,27.12,0,57.81,0,1,17,0,1,1,0,0.327,0.0,0
82.73,20,2162,11.69,2,32.83,0,0,165,0,1,1,1,0.182,0.85,0
36.14,2,371,32.51,1,18.35,0,0,33,0,1,1,1,0.287,0.81,0
31.58,22,934,8.33,2,70.51,0,0,63,0,1,1,0,0.105,0.0,0
65.35,7,1955,5.72,3,16.77,0,0,145,0,1,1,0,0.284,25.53,0
20.59,18,165,54.64,2,11.36,0,0,8,0,1,1,0,0.18,19.7,0
143.81,20,807,16.5,0,10.16,0,0,80,0,1,1,1,0.122,13.25,0
13.63,10,11,8.32,2,19.18,0,1,0,0,1,1,1,0.109,15.78,0
57.8,17,569,31.58,1,27.96,0,0,55,0,1,1,1,0.1,5.49,0
125.69,9,684,17.24,1,33.83,1,0,18,0,1,1,1,0.16,19.54,0
7.56,19,324,15.24,2,22.02,0,0,6,0,1,1,1,0.304,23.29,0
21.26,11,88,19.56,0,20.06,0,0,5,0,1,0,0,0.062,0.0,0
93.9,19,479,20.11,1,33.5,0,1,37,0,0,1,1,0.213,13.27,0
95.32,7,1139,10.19,2,60.44,0,0,98,0,1,1,1,0.026,12.36,0
25.24,18,1339,8.15,1,2.04,1,0,117,0,1,1,0,0.335,21.34,0
14.37,20,685,36.0,2,5.56,0,0,27,0,1,1,1,0.363,19.67,0
77.94,15,153,10.31,2,56.18,0,0,12,0,1,0,1,0.129,29.13,1
97.86,20,1021,3.65,3,19.08,0,0,30,0,1,1,1,0.182,8.68,0
9.35,17,1098,11.06,0,51.23,0,1,65,0,1,0,0,0.247,8.12,0
8.99,8,229,0.53,1,8.86,0,0,8,0,1,1,1,0.24,0.0,0
37.53,3,101,19.27,1,25.69,1,0,3,0,1,1,0,0.165,18.61,0
56.22,8,1038,2.04,1,9.3,0,0,43,0,1,1,0,0.346,12.15,0
22.22,1,1082,1.78,1,35.07,0,0,45,0,1,1,1,0.074,5.31,0
59.1,8,53,43.88,1,20.1,0,0,2,0,1,1,1,0.085,13.58,0
14.73,8,1705,22.21,2,7.88,0,0,158,0,1,1,1,0.062,17.78,0
3.62,17,381,8.02,2,41.82,0,0,28,0,1,1,1,0.218,18.26,0
19.61,10,2536,4.11,4,40.5,0,0,43,0,1,1,1,0.257,32.31,0
31.92,12,294,27.82,1,20.74,0,0,14,0,0,1,1,0.062,2.79,0
22.74,5,381,51.91,0,17.12,1,0,11,0,1,1,1,0.225,14.72,0
9.41,8,155,10.65,1,55.73,0,0,11,0,1,1,0,0.197,14.72,0
4.88,15,1146,13.02,2,34.81,0,0,112,0,1,1,1,0.075,5.39,0
17.92,3,293,4.18,3,25.82,0,0,17,0,1,1,1,0.064,24.5,0
73.53,1,843,13.35,1,9.98,3,0,82,0,1,1,1,0.335,39.13,0
105.24,6,42,7.68,3,128.4,1,0,1,0,1,1,1,0.284,22.88,1
98.27,14,776,28.02,3,25.24,0,0,50,0,1,1,1,0.094,19.62,0
13.25,5,337,7.1,0,101.72,0,0,20,0,1,1,1,0.243,0.0,0
9.45,10,3,15.7,1,16.85,0,0,0,0,1,1,0,0.458,17.8,0
49.24,19,128,3.41,1,19.37,0,0,4,0,1,1,1,0.069,24.74,0
56.55,16,108,1.43,2,17.46,0,0,4,0,1,0,1,0.129,21.16,0
44.71,3,697,0.62,2,30.63,0,0,32,0,1,1,0,0.319,27.39,0
4.0,18,324,8.06,2,26.35,0,0,21,0,1,1,1,0.174,18.77,0
12.59,6,87,2.68,1,45.92,0,0,2,0,1,1,1,0.186,13.85,0
29.09,10,148,75.49,2,22.38,1,1,14,0,1,1,0,0.022,40.35,0
48.78,12,351,24.02,3,35.9,1,0,19,0,1,1,1,0.009,36.59,0
64.54,20,10,17.73,1,40.91,0,0,0,0,1,1,1,0.247,13.92,1
34.61,2,276,24.39,2,8.39,0,0,14,0,1,1,1,0.309,19.86,0
41.71,13,567,4.57,1,11.06,0,0,27,0,1,1,1,0.02,5.38,0
32.62,1,365,31.71,0,9.9,0,0,19,0,1,1,1,0.305,2.41,0
59.48,17,456,81.52,2,45.9,0,1,16,0,1,1,0,0.055,5.97,0
40.97,4,198,5.13,1,66.19,0,0,5,0,1,1,0,0.249,12.58,0
32.0,12,101,62.65,1,18.26,1,1,5,0,1,1,0,0.128,23.06,0
22.91,12,830,5.79,0,42.05,0,0,60,0,1,1,1,0.325,9.9,0
32.5,23,1180,0.18,1,18.41,0,0,54,0,1,1,0,0.092,12.11,0
48.65,23,357,6.86,3,45.59,0,0,9,0,1,1,1,0.021,29.25,0
39.15,13,182,89.96,0,280.63,0,1,10,0,1,1,1,0.137,0.0,0
43.85,11,358,15.12,2,94.11,0,1,21,0,1,1,0,0.073,18.67,0
114.75,20,1056,17.83,4,79.51,0,1,32,1,1,0,1,0.144,30.83,1
39.06,12,588,4.08,3,113.59,0,0,26,0,1,1,0,0.317,29.01,0
15.66,17,978,2.37,3,41.05,0,0,80,0,1,1,1,0.348,25.12,0
72.5,12,199,32.51,2,66.56,0,0,3,0,1,1,0,0.353,17.84,1
7.64,3,622,8.0,2,17.99,0,0,15,0,0,1,1,0.025,11.32,0
10.16,22,529,0.06,3,48.35,0,0,39,0,1,1,0,0.18,28.06,0
41.92,21,424,5.23,4,12.78,1,0,27,0,1,1,1,0.037,35.72,0
50.22,9,376,3.27,2,92.65,0,0,24,0,1,1,1,0.148,16.22,0
8.63,22,400,13.89,0,13.16,0,0,21,0,1,1,1,0.212,5.52,0
20.43,4,947,21.17,1,25.2,0,0,22,0,1,1,1,0.213,15.63,0
16.34,17,1238,10.32,2,19.84,0,0,26,0,1,1,1,0.394,15.65,0
18.42,7,60,3.09,2,28.88,1,0,2,0,1,1,1,0.174,24.84,0
76.98,13,421,0.9,1,40.49,0,0,9,0,1,1,1,0.063,5.33,0
60.73,1,1253,5.64,0,7.23,1,0,79,0,1,1,1,0.191,12.54,0
29.4,7,72,24.6,1,27.02,1,1,5,0,1,1,1,0.103,11.51,1
17.36,15,266,8.16,1,77.89,0,0,18,0,1,1,0,0.203,0.0,0
7.77,6,47,4.36,1,26.37,0,0,3,0,1,1,1,0.114,4.11,0
123.99,2,60,0.31,1,50.02,0,0,5,0,1,1,0,0.336,15.88,0
54.17,3,1172,10.28,0,5.9,0,0,114,1,1,1,0,0.234,0.0,0
14.78,6,295,17.32,2,12.68,1,0,11,1,1,1,0,0.344,15.32,0
61.53,3,584,3.17,1,102.56,0,0,23,0,1,1,0,0.172,1.81,0
27.93,8,75,11.56,2,14.67,1,1,5,0,1,1,0,0.233,36.86,0
22.49,22,11,8.19,1,18.42,1,0,1,0,1,1,1,0.2,7.8,0
46.3,16,1106,18.26,2,22.3,0,0,56,0,1,1,0,0.099,24.37,0
14.27,16,427,29.56,2,20.07,0,0,13,0,1,1,1,0.144,8.2,0
21.25,19,10,5.5,1,2.42,0,0,0,0,1,1,0,0.327,11.08,0
33.83,13,2436,35.27,2,49.46,0,0,118,0,1,1,0,0.13,21.3,0
18.18,13,339,18.41,1,37.94,0,0,7,0,1,1,1,0.14,17.1,0
58.5,12,323,0.57,0,54.27,0,0,25,0,1,1,1,0.267,6.55,0
194.23,3,485,23.5,5,33.95,0,0,24,0,1,1,1,0.139,41.04,0
14.09,12,4,10.24,1,16.4,0,0,0,0,1,1,1,0.082,6.81,0
5.67,20,421,43.63,0,37.16,0,0,31,0,1,1,0,0.211,10.83,0
4.05,16,496,5.87,2,16.45,0,1,42,0,1,1,1,0.477,13.77,0
25.78,14,176,13.42,2,38.07,0,0,12,0,1,1,0,0.174,25.55,0
15.44,17,649,46.9,1,67.45,0,0,61,0,1,1,1,0.039,1.58,0
36.89,10,237,4.74,1,59.83,1,0,13,0,1,0,0,0.04,11.07,0
34.21,3,633,9.58,1,22.12,1,0,38,0,1,1,1,0.068,15.51,0
6.03,19,78,20.94,2,9.47,0,0,3,0,1,1,1,0.079,30.91,0
4.88,10,1225,17.62,1,34.75,0,0,33,0,1,1,1,0.261,1.54,0
40.28,9,1058,27.37,2,28.93,2,1,73,0,1,1,1,0.147,36.18,0
34.31,21,82,11.0,0,16.06,1,0,3,0,1,1,1,0.092,14.11,0
19.57,12,1394,5.76,1,65.22,0,0,106,0,1,1,1,0.103,19.35,0
5.71,21,408,11.49,2,31.91,0,0,27,0,1,1,1,0.048,12.18,0
48.01,7,605,6.46,2,48.74,1,0,24,0,1,1,1,0.176,15.58,0
106.9,12,917,2.91,1,3.85,0,0,57,0,1,1,0,0.033,6.81,0
39.57,8,44,12.14,2,4.36,0,0,4,1,1,1,1,0.083,16.0,0
12.84,0,93,0.74,3,45.52,0,0,8,0,1,1,0,0.334,8.46,0
31.33,0,172,0.56,0,46.27,0,0,8,1,1,1,1,0.247,0.0,0
7.64,14,324,1.0,2,13.05,1,0,23,0,1,1,1,0.209,24.98,0
86.31,21,212,16.75,4,67.75,0,0,6,0,1,1,1,0.172,54.27,1
32.52,3,352,7.84,2,70.22,0,0,6,0,1,1,1,0.142,12.72,0
5.11,19,103,10.22,0,25.15,0,0,8,0,1,1,1,0.195,17.03,0
22.18,0,573,6.31,1,55.09,0,0,29,0,1,1,0,0.189,6.21,0
47.62,11,29,4.39,5,49.62,1,0,0,0,1,1,0,0.182,45.14,0
21.48,10,224,6.65,2,68.8,1,0,9,0,1,0,0,0.029,25.32,0
22.74,18,99,3.22,3,31.4,0,0,9,0,1,1,1,0.484,26.79,0
8.81,14,655,17.03,2,39.57,0,0,59,0,1,1,1,0.099,3.49,0
52.8,20,1076,1.61,1,42.63,0,0,76,1,1,0,0,0.046,0.33,0
15.67,9,41,10.91,1,14.99,0,0,0,0,1,1,1,0.234,5.38,0
3.47,0,769,9.72,0,9.55,1,0,58,0,1,1,1,0.251,11.39,0
20.67,23,1130,5.39,1,14.81,1,0,102,0,1,1,0,0.176,19.99,0
79.93,2,1824,1.62,1,51.76,0,1,170,0,1,1,0,0.103,2.26,0
20.35,13,433,18.23,2,17.44,1,0,21,0,0,1,1,0.373,21.99,0
170.37,14,198,12.64,1,7.42,0,0,6,0,1,1,1,0.131,18.48,0
46.02,0,194,24.87,0,3.75,0,0,18,1,1,1,0,0.234,5.45,0
42.05,9,238,4.03,1,27.0,0,0,20,0,1,1,0,0.072,6.38,0
26.35,21,474,23.52,1,61.84,0,0,24,0,1,1,0,0.084,17.14,0
27.99,0,337,5.18,4,15.03,1,1,23,1,1,1,0,0.496,34.86,1
23.02,14,530,1.79,2,24.15,0,0,26,0,0,1,0,0.081,27.11,0
22.15,2,20,2.17,2,15.3,0,0,1,1,1,1,0,0.16,20.6,0
50.95,20,56,3.75,2,19.68,1,0,2,0,1,1,0,0.058,34.0,0
11.75,19,1876,17.21,0,18.61,0,0,39,1,1,1,0,0.211,7.22,0
10.22,22,2689,4.19,2,12.39,1,1,268,0,1,1,1,0.11,31.29,0
9.75,21,687,13.89,0,72.08,0,0,25,0,1,1,0,0.386,0.0,0
231.75,11,148,4.45,2,40.35,0,0,6,0,1,1,0,0.113,23.1,0
50.92,18,1533,6.82,0,10.51,0,0,67,0,1,1,1,0.125,0.0,0
40.63,15,120,33.07,1,16.13,0,0,4,0,1,1,1,0.097,6.34,0
10.41,7,657,10.41,1,20.89,0,0,28,0,1,1,1,0.22,11.03,0
55.89,23,61,13.75,1,28.48,0,0,3,0,0,1,1,0.099,20.01,0
26.67,13,523,3.15,1,32.37,0,0,12,0,1,1,1,0.148,9.09,0
37.12,17,713,2.11,1,20.05,0,0,16,0,1,1,0,0.125,2.65,0
11.28,22,982,8.0,0,23.12,0,0,54,0,1,1,0,0.086,0.0,0
35.17,0,663,29.01,1,33.44,0,0,49,0,1,1,1,0.116,25.35,0
19.61,1,1285,4.13,1,18.07,1,0,44,0,1,1,1,0.13,22.02,0
13.93,23,368,14.58,1,74.85,0,0,22,1,1,1,0,0.186,6.01,0
62.43,11,566,30.85,4,58.35,0,0,30,0,1,1,1,0.239,25.42,0
6.44,16,231,40.87,0,22.92,0,0,12,0,1,1,0,0.294,0.0,0
52.71,1,5,76.22,4,69.78,0,0,0,0,1,1,1,0.397,26.69,1
59.41,16,707,21.59,1,39.13,0,0,46,0,1,1,1,0.162,5.13,0
12.43,20,1020,1.17,0,36.99,0,0,56,1,1,1,1,0.225,0.0,0
13.19,6,96,30.77,2,86.19,0,0,3,0,1,1,1,0.177,10.73,0
23.97,5,15,32.53,0,53.44,0,0,0,0,1,1,1,0.115,0.0,0
39.73,5,90,12.22,1,60.81,0,0,2,1,1,1,0,0.189,7.24,0
25.72,21,1128,1.05,1,10.39,0,0,57,0,1,1,0,0.141,21.79,0
46.23,7,175,9.71,3,25.68,1,0,4,0,1,1,1,0.315,27.32,0
174.68,4,133,3.55,1,14.92,0,0,5,0,1,1,1,0.103,3.42,0
18.03,14,7,8.75,2,8.77,0,0,0,0,1,1,0,0.02,23.53,0
5.39,6,176,19.32,0,7.15,1,0,14,0,1,1,1,0.064,22.41,0
68.44,2,629,16.52,1,48.0,2,0,22,0,1,1,0,0.162,29.8,0
161.31,9,1598,22.71,2,31.79,1,0,112,0,1,1,0,0.416,15.15,1
44.38,2,188,9.71,1,8.42,0,1,7,0,1,1,0,0.093,24.03,0
10.1,13,138,10.72,1,26.43,0,0,7,0,1,1,1,0.069,7.24,0
26.47,21,1095,41.16,2,17.67,0,0,101,0,1,1,0,0.14,26.56,0
9.79,2,957,14.96,0,11.73,0,2,24,0,1,1,0,0.132,0.0,0
56.99,0,199,20.65,1,47.93,0,0,19,0,1,1,1,0.154,5.71,0
7.76,0,36,16.38,0,21.91,1,0,2,0,1,1,1,0.028,0.44,0
22.2,18,2413,15.35,0,57.16,0,0,162,0,1,1,0,0.476,0.0,0
10.98,3,571,36.72,1,17.37,0,0,19,0,1,1,1,0.206,14.7,0
34.02,1,1306,6.61,0,4.21,0,0,42,0,1,1,0,0.119,12.64,0
20.77,10,209,8.37,0,28.9,0,0,19,0,1,1,1,0.218,0.0,0
35.76,23,522,7.16,1,34.32,1,0,15,0,1,1,0,0.096,24.15,0
30.64,11,561,21.74,1,23.66,0,0,17,0,1,1,0,0.136,17.44,0
11.17,12,1031,30.42,2,32.74,0,1,77,0,1,1,1,0.145,30.32,0
56.09,15,2485,6.64,4,18.24,0,0,187,0,1,1,0,0.071,31.39,0
28.54,15,58,2.3,2,22.83,0,0,2,0,1,1,1,0.275,14.78,0
11.15,18,499,10.22,2,28.31,0,0,46,0,1,1,1,0.074,12.42,0
281.72,22,205,62.34,1,53.8,0,0,19,0,0,1,1,0.043,10.81,1
48.25,19,835,3.42,1,23.12,1,0,72,0,1,1,1,0.278,11.22,0
25.71,20,702,9.02,3,14.34,1,0,12,1,1,1,1,0.084,12.87,0
123.37,19,1115,4.75,4,17.83,1,0,46,0,0,0,1,0.351,35.64,0
189.01,8,211,38.4,1,24.27,0,0,8,0,1,1,0,0.187,5.38,0
25.91,15,102,12.01,1,9.48,1,0,2,0,1,1,0,0.064,29.67,0
42.41,6,11,12.97,1,12.51,1,0,1,0,1,1,0,0.058,19.34,0
11.16,12,148,0.12,2,25.76,0,0,14,0,1,1,0,0.241,15.26,0
25.86,3,229,15.87,4,105.3,0,0,6,0,1,1,0,0.205,35.32,0
24.56,12,1460,5.49,3,49.58,0,0,59,0,1,1,1,0.112,29.82,0
36.05,7,338,10.81,1,24.65,0,0,6,1,1,1,1,0.201,11.82,0
41.79,1,406,11.36,2,12.51,0,0,10,0,1,1,0,0.337,3.96,0
52.45,6,1061,13.46,0,8.48,0,0,61,0,1,1,1,0.153,9.94,0
38.0,10,1082,26.02,4,63.68,0,0,51,0,1,1,0,0.138,33.46,0
8.93,16,375,5.33,1,50.88,0,1,19,0,0,1,0,0.151,8.23,0
11.72,23,60,4.44,1,42.49,0,0,4,0,1,1,1,0.17,12.37,0
17.35,13,158,23.83,0,22.56,0,1,3,0,1,0,0,0.465,12.49,0
22.6,12,305,19.03,0,14.43,0,0,26,0,1,1,0,0.092,0.0,0
85.69,14,695,3.84,0,9.89,0,0,61,0,1,1,0,0.024,1.0,0
9.37,21,622,0.01,2,31.07,0,0,18,0,1,0,0,0.355,15.02,0
20.96,20,515,16.45,0,8.9,0,0,35,0,1,1,0,0.218,0.0,0
77.71,8,1061,2.56,1,36.24,0,0,78,0,1,1,1,0.165,4.18,0
22.2,2,811,47.2,1,26.65,1,0,25,1,1,1,1,0.084,17.57,0
47.49,12,2012,13.91,1,26.33,1,0,96,0,1,0,1,0.12,10.18,0
26.06,12,1100,28.42,1,25.48,0,0,81,0,1,1,0,0.525,11.24,0
38.74,8,109,24.57,1,29.13,0,0,7,0,1,1,1,0.137,6.86,0
23.84,17,30,12.24,1,73.32,0,0,2,0,1,1,0,0.157,10.56,0
58.39,4,268,8.65,0,26.83,1,0,7,0,1,1,1,0.105,15.95,0
6.39,10,481,10.3,2,24.05,0,1,20,0,1,1,0,0.085,20.63,0
20.84,1,515,24.37,1,28.34,0,0,40,1,1,1,0,0.263,2.13,0
40.31,16,156,15.34,2,20.35,0,0,5,0,1,1,0,0.075,15.9,0
51.1,22,983,3.45,0,10.45,0,1,60,0,1,1,0,0.21,1.65,0
133.35,19,200,14.1,0,41.43,0,0,5,0,1,1,0,0.104,0.0,0
20.27,20,1257,7.78,4,5.87,1,2,37,0,1,1,1,0.459,40.75,0
131.56,3,319,0.95,1,20.28,0,0,12,0,1,1,0,0.414,3.34,0
15.5,21,5,7.2,1,16.02,0,0,0,0,1,0,1,0.043,14.04,0
113.14,17,88,3.87,2,8.3,0,1,1,0,1,1,1,0.236,10.4,0
67.86,23,54,27.36,1,66.38,0,0,4,0,1,1,0,0.136,13.61,0
12.02,19,23,1.66,2,22.63,0,0,0,0,1,1,1,0.089,20.11,0
40.73,7,626,6.71,1,37.75,0,0,50,0,1,1,0,0.245,16.03,0
28.47,18,107,17.84,3,41.31,0,0,4,0,1,1,1,0.026,18.71,0
56.01,11,912,34.15,5,26.44,0,0,45,0,1,0,1,0.085,32.65,0
23.97,10,154,6.13,4,96.31,1,0,9,0,1,1,1,0.058,40.42,0
22.04,15,16,13.99,0,38.52,0,0,0,0,1,1,0,0.492,0.0,0
117.81,4,859,7.02,3,36.07,0,0,19,0,0,1,0,0.418,29.41,0
27.15,2,314,3.4,0,57.64,1,0,30,0,0,1,0,0.325,8.87,0
68.47,11,458,5.91,1,27.03,0,0,39,0,0,1,1,0.442,9.31,0
23.92,14,205,15.15,0,25.45,0,0,16,0,1,1,0,0.368,10.84,0
158.64,15,24,18.9,1,53.24,0,1,1,0,1,1,0,0.081,21.31,0
15.21,12,231,6.94,0,19.35,0,0,16,0,1,1,1,0.212,0.0,0
16.21,6,365,2.48,2,17.74,0,1,32,0,1,1,1,0.113,15.4,0
137.62,14,6,2.25,1,11.59,0,0,0,0,1,1,1,0.493,7.51,1
19.2,2,427,25.12,0,13.97,0,0,10,0,1,1,0,0.243,0.0,0
148.57,11,1118,15.89,0,29.94,0,1,96,0,1,1,0,0.203,0.0,0
73.1,7,123,19.53,1,132.6,1,1,2,0,1,1,0,0.2,9.03,0
25.67,11,1307,10.05,1,14.88,0,0,121,0,1,0,0,0.272,6.68,0
4.89,17,51,9.17,1,30.63,0,0,3,0,1,1,1,0.211,12.17,0
29.39,2,873,3.56,0,37.99,0,0,46,0,1,0,0,0.064,0.0,0
33.17,11,917,2.76,2,15.98,0,0,62,0,1,1,1,0.323,0.0,0
96.28,22,149,2.51,1,43.2,0,0,9,0,1,1,0,0.037,11.17,0
146.71,20,1583,72.03,4,10.8,0,0,79,1,0,1,0,0.287,42.09,0
15.1,22,269,25.8,1,12.48,0,0,7,0,1,1,0,0.275,12.78,0
66.77,1,76,14.76,0,23.6,1,0,6,0,1,1,1,0.221,19.81,0
64.42,13,448,3.62,4,10.64,1,0,29,0,1,1,1,0.182,52.97,0
87.66,13,2844,6.18,3,8.53,1,0,213,0,1,1,0,0.146,22.09,0
49.34,3,1148,6.48,0,6.39,0,0,39,1,1,1,0,0.18,0.0,0
4.3,16,163,9.74,1,19.59,1,1,5,1,1,1,1,0.181,25.99,0
25.65,14,430,8.22,2,151.32,0,0,37,0,1,1,1,0.095,20.94,0
9.43,15,61,40.81,5,63.47,0,0,3,0,1,1,1,0.114,38.39,0
24.47,4,310,19.14,4,6.48,0,0,16,0,1,1,0,0.05,35.55,0
79.84,23,370,1.27,3,10.12,1,0,9,0,1,1,0,0.445,24.24,0
40.66,16,189,6.69,0,18.88,2,0,9,0,1,1,0,0.277,29.57,0
94.45,22,331,2.14,1,30.76,0,1,24,1,1,1,0,0.081,7.79,0
42.17,6,1262,4.91,0,29.65,1,0,31,0,1,1,1,0.11,7.8,0
8.18,22,347,47.87,2,22.41,0,0,6,0,0,1,1,0.152,19.87,0
2.41,14,889,18.33,2,19.02,0,1,55,0,1,1,0,0.281,4.0,0
34.77,16,191,0.12,1,7.73,0,1,8,0,1,1,0,0.05,0.0,0
24.19,11,1777,5.98,3,13.52,1,0,163,0,1,0,1,0.179,16.42,0
11.28,10,49,8.66,2,15.51,0,0,3,0,1,1,1,0.116,26.37,0
5.47,18,440,13.84,0,5.29,0,0,18,0,0,1,0,0.225,0.0,0
14.37,10,780,10.39,3,12.79,0,0,33,0,1,1,1,0.34,13.15,0
24.67,1,841,1.08,4,77.51,0,1,23,0,1,1,1,0.17,33.01,0
58.32,14,110,10.87,1,21.05,0,0,5,0,1,1,1,0.129,6.93,0
36.18,4,257,2.09,0,35.29,0,0,5,0,1,1,1,0.332,0.0,0
149.62,17,489,10.98,0,100.46,0,0,26,0,1,1,0,0.108,0.0,0
10.64,20,190,4.24,1,88.76,0,0,5,0,1,1,1,0.197,12.78,0
72.32,20,537,2.34,2,10.61,0,0,39,0,1,1,0,0.164,19.61,0
31.42,15,238,5.09,1,34.9,0,0,16,0,1,1,1,0.145,8.7,0
60.02,3,216,1.57,4,53.56,0,0,18,0,1,1,1,0.175,28.91,0
19.37,22,57,5.01,1,14.44,0,1,5,0,1,0,1,0.144,0.0,0
87.5,9,20,30.25,0,39.05,0,0,1,0,1,1,0,0.12,4.92,0
40.25,21,902,5.5,1,25.05,0,1,26,0,1,1,0,0.279,24.04,0
15.19,1,336,9.53,0,40.47,0,0,19,1,1,1,0,0.056,0.0,0
29.61,14,414,11.0,1,32.54,0,0,39,1,1,1,1,0.241,10.73,0
23.58,3,233,2.95,0,58.18,0,0,7,0,1,1,1,0.239,3.38,0
48.87,15,74,8.75,2,13.67,0,0,3,0,1,1,0,0.482,6.45,0
9.21,6,299,28.76,1,33.01,0,1,23,0,1,1,0,0.172,20.63,0
29.1,11,130,1.26,1,102.45,0,0,10,0,0,1,0,0.133,16.93,0
44.49,2,909,38.42,2,41.84,0,0,87,0,1,0,1,0.296,31.66,0
30.97,16,2163,30.73,0,49.89,1,0,80,1,1,1,0,0.413,0.0,0
115.23,8,1100,29.05,2,11.26,1,0,97,0,1,1,0,0.03,21.3,0
64.98,7,376,3.32,1,5.54,0,0,7,0,1,1,1,0.066,1.05,0
29.74,22,495,9.93,1,25.07,0,0,14,0,1,1,1,0.09,14.47,0
37.21,5,1479,14.36,2,65.86,1,0,140,0,1,0,1,0.067,11.25,0
40.27,14,387,1.58,1,20.18,0,0,34,0,1,1,0,0.277,0.0,0
44.85,9,509,12.21,4,20.71,0,0,11,0,1,1,1,0.16,29.92,0
4.83,22,496,27.49,2,13.82,0,0,11,0,1,1,0,0.12,10.95,0
22.16,5,616,41.36,0,17.13,0,0,28,1,1,1,1,0.082,5.46,0
6.79,14,511,4.89,1,21.7,0,0,25,0,1,1,0,0.129,7.8,0
107.58,13,555,5.11,2,62.79,0,0,30,0,1,1,1,0.135,19.89,0
28.2,18,647,4.74,2,81.8,0,0,40,0,1,1,1,0.173,29.92,0
24.7,12,828,2.5,1,15.28,0,0,22,0,1,1,0,0.022,7.42,0
73.46,13,258,8.45,4,9.55,0,0,25,0,1,1,0,0.078,34.63,0
45.71,2,685,23.02,8,16.58,0,0,66,0,1,1,0,0.147,78.14,0
9.69,3,53,18.68,1,26.76,1,1,2,0,1,1,1,0.18,24.83,0
27.91,13,1044,34.59,3,37.93,0,0,59,0,1,0,0,0.341,20.28,0
21.43,13,171,6.59,2,12.31,0,1,8,0,1,1,0,0.065,15.41,0
5.24,7,258,12.74,0,200.37,0,0,18,0,1,1,0,0.131,0.09,0
15.03,9,814,21.82,0,20.38,0,0,61,0,1,1,1,0.047,0.0,0
24.94,8,507,34.27,1,28.97,0,0,31,0,1,1,1,0.147,30.58,0
26.71,13,185,30.81,1,38.13,0,0,17,0,1,1,1,0.018,0.0,0
6.81,7,128,9.4,1,11.42,0,0,5,0,1,1,0,0.059,24.81,0
94.79,10,1582,35.6,0,64.95,0,0,60,0,1,1,1,0.231,8.66,0
27.06,9,46,8.81,2,109.03,2,0,3,0,1,1,1,0.137,34.53,0
31.11,17,2,34.97,2,13.68,0,0,0,0,1,1,1,0.05,14.82,0
44.73,3,559,22.51,1,52.18,0,1,36,0,1,1,1,0.077,13.67,1
13.63,3,477,3.76,1,20.25,0,0,20,0,1,1,1,0.144,18.55,0
47.29,11,669,39.82,0,18.35,0,0,18,0,1,1,1,0.235,0.0,0
20.76,17,658,4.17,3,24.62,0,0,28,0,1,1,1,0.36,26.84,0
12.22,7,995,35.86,1,26.95,0,0,33,0,1,1,0,0.044,11.26,0
53.17,2,1276,14.32,2,36.07,0,0,88,1,1,1,0,0.103,2.98,0
133.18,17,746,16.51,1,49.34,0,0,15,0,1,1,0,0.173,12.05,0
61.86,6,132,1.74,4,21.67,1,0,11,0,1,1,0,0.12,37.52,0
75.41,0,311,1.02,0,26.15,0,0,20,0,1,1,0,0.241,0.0,0
17.8,21,513,51.79,2,82.34,0,0,45,0,1,0,0,0.167,0.0,0
6.06,12,388,6.16,0,13.46,0,0,11,0,1,1,0,0.344,8.32,0
132.97,2,87,27.9,2,38.21,1,1,4,0,1,1,1,0.203,21.6,1
233.81,2,445,18.29,2,10.85,1,0,32,0,1,1,1,0.208,38.68,1
140.16,14,1088,13.9,2,47.86,0,0,31,0,1,1,0,0.265,8.82,0
21.42,20,271,17.34,1,23.95,0,0,4,0,1,1,0,0.262,11.1,0
9.44,18,553,1.4,1,19.56,0,0,52,0,1,0,1,0.268,11.45,0
10.32,3,478,7.98,5,8.49,0,1,39,0,1,1,0,0.25,31.03,0
5.56,12,237,14.01,0,29.94,1,0,19,0,1,1,0,0.098,13.67,0
26.91,12,417,30.32,2,26.11,1,2,38,0,1,1,1,0.357,24.42,0
149.26,14,118,18.81,0,42.11,1,0,7,0,1,1,0,0.217,16.97,0
26.01,18,395,4.37,2,12.06,2,0,27,0,1,1,1,0.064,33.45,0
40.54,15,802,62.92,0,82.64,0,0,27,1,1,1,1,0.18,12.43,0
118.58,6,711,15.45,2,16.64,0,0,39,0,1,1,0,0.154,10.42,0
20.0,2,222,10.44,2,12.67,0,0,6,0,1,1,1,0.226,22.82,0
229.41,19,59,22.81,0,49.23,0,0,1,0,1,1,1,0.487,0.0,0
219.66,1,805,13.85,1,18.58,0,1,30,0,1,1,0,0.119,0.0,0
26.28,17,154,18.57,1,95.98,0,0,8,0,1,1,0,0.373,0.0,0
16.82,10,27,14.4,1,8.51,0,0,1,0,1,0,1,0.244,5.51,0
60.17,0,295,2.96,0,23.55,0,0,17,0,1,1,0,0.424,0.0,0
21.17,15,673,11.76,1,81.82,0,0,61,0,1,1,1,0.259,17.43,0
9.43,16,826,4.99,0,29.16,0,0,36,0,1,1,1,0.129,0.0,0
107.9,15,2014,12.67,4,13.31,0,0,175,0,0,1,1,0.394,15.45,0
101.13,9,105,2.01,2,28.64,0,0,5,1,1,1,1,0.334,7.53,0
35.01,16,174,3.96,1,25.43,0,1,4,0,1,1,1,0.285,8.57,0
8.48,2,470,24.81,1,64.63,0,2,41,0,0,1,0,0.104,0.0,0
8.76,17,834,7.79,1,109.32,0,0,47,0,1,1,1,0.125,0.0,0
33.36,18,133,16.8,3,22.85,1,1,3,0,1,1,0,0.274,29.95,0
18.18,13,264,10.33,1,22.2,0,0,8,0,1,1,0,0.174,8.02,0
21.3,20,262,6.25,1,19.45,0,0,5,0,1,1,0,0.149,15.22,0
83.26,1,741,10.25,0,33.05,0,0,52,0,1,1,1,0.073,0.0,0
62.38,11,138,25.21,1,41.6,1,0,6,0,1,1,1,0.302,20.89,0
118.88,10,1733,4.96,2,35.02,0,0,168,0,1,1,1,0.285,6.41,0
11.13,16,357,8.21,2,9.31,0,0,21,1,1,1,1,0.256,5.01,0
21.26,5,166,3.4,1,11.52,0,2,6,0,0,1,1,0.155,6.33,0
64.01,18,167,6.49,1,76.58,1,0,10,0,1,1,1,0.091,19.29,0
46.9,12,9,32.46,1,9.63,1,0,0,0,1,1,0,0.164,4.5,0
138.71,6,590,23.11,1,18.56,1,0,10,0,1,1,1,0.136,13.43,0
45.63,21,748,7.02,0,123.11,0,0,23,0,1,1,0,0.175,0.0,0
190.21,10,16,2.13,2,29.65,1,0,1,0,1,1,1,0.361,20.45,1
51.42,6,441,8.17,1,29.69,0,1,8,0,1,1,0,0.159,2.31,0
86.68,12,761,22.16,2,19.2,0,1,73,0,1,1,0,0.437,9.37,0
21.68,12,236,0.67,0,37.81,0,0,16,0,1,0,0,0.285,6.38,0
30.4,20,283,20.52,2,58.67,0,0,10,0,1,1,0,0.129,11.1,0
74.51,0,224,17.09,1,37.43,0,0,5,0,1,1,1,0.333,0.0,0
150.35,18,190,1.0,0,22.77,1,0,4,0,1,1,0,0.299,13.06,0
62.13,18,338,15.14,3,20.54,0,0,29,0,1,0,0,0.232,34.45,0
27.57,22,91,5.32,0,26.42,1,0,7,0,1,1,0,0.199,14.0,0
118.79,14,291,2.93,1,37.58,0,0,25,1,1,1,0,0.368,6.69,0
3.35,13,1422,7.29,4,4.91,0,1,137,0,1,1,0,0.267,40.57,0
7.23,2,14,3.45,0,38.26,0,0,0,0,1,1,0,0.301,0.0,0
59.24,20,90,26.11,2,54.15,0,0,8,0,1,1,1,0.232,23.59,0
30.39,19,752,20.32,0,22.44,0,0,22,0,1,1,1,0.249,10.07,0
54.9,3,71,59.26,2,15.76,0,0,6,0,1,1,1,0.137,19.36,0
31.96,6,158,11.46,0,13.27,0,0,5,0,1,1,1,0.22,2.01,0
53.03,0,303,1.4,0,5.61,2,0,15,0,1,0,1,0.168,16.98,0
13.27,22,1434,6.88,1,27.26,0,0,85,1,1,1,0,0.164,8.21,0
53.01,23,101,27.36,2,33.86,0,0,8,0,1,1,0,0.332,15.7,0
81.0,18,1283,7.58,0,52.25,0,0,63,0,1,1,1,0.514,0.0,0
101.55,2,634,9.12,0,200.9,0,0,28,0,1,1,0,0.312,18.68,0
224.43,19,556,7.96,0,29.14,1,0,54,0,1,1,0,0.097,9.12,0
38.25,14,643,4.03,0,63.33,0,0,14,0,1,1,0,0.08,0.0,0
39.41,12,16,1.14,1,7.46,0,0,0,0,1,1,1,0.257,8.35,0
6.53,21,52,2.99,1,18.61,0,1,1,0,1,1,0,0.307,0.0,0
17.61,13,204,6.79,1,60.89,1,2,18,0,1,0,0,0.222,5.24,0
24.7,6,38,4.22,0,30.45,1,0,1,0,1,1,1,0.38,24.34,0
85.65,0,2195,12.76,2,66.59,0,0,44,0,1,1,1,0.118,14.04,0
16.26,12,434,14.28,3,65.21,1,0,33,0,1,1,0,0.253,46.43,0
66.44,3,334,12.66,0,106.08,0,0,23,0,1,1,1,0.156,0.0,0
29.92,11,770,1.33,1,49.21,0,0,63,0,1,1,0,0.13,8.26,0
25.1,6,1885,16.49,0,24.16,0,1,113,0,1,1,0,0.41,0.0,0
38.43,1,1552,7.28,3,55.07,0,0,48,0,1,1,1,0.058,38.45,0
20.26,16,788,31.58,1,12.32,0,0,32,0,1,0,1,0.055,8.48,0
19.51,0,237,11.19,2,148.05,0,1,5,0,1,0,1,0.192,20.52,0
5.45,13,34,1.32,2,18.39,0,0,2,0,1,1,1,0.08,16.08,0
23.38,21,52,0.14,0,26.74,0,0,3,0,1,1,1,0.168,1.61,0
18.54,20,1,18.19,0,34.52,0,0,0,0,1,1,0,0.067,0.0,0
17.89,0,1,7.68,0,46.69,0,1,0,0,1,1,1,0.143,11.54,0
45.46,2,1378,5.1,1,72.94,0,0,29,0,1,1,0,0.155,10.5,0
57.9,10,1309,8.89,2,14.49,1,0,28,0,0,1,1,0.271,29.79,0
37.8,6,551,1.13,1,10.55,0,0,43,0,1,1,1,0.1,9.85,0
81.08,8,649,7.46,1,13.75,0,0,63,0,0,1,1,0.252,24.51,0
53.28,21,360,5.67,0,31.6,0,1,22,0,1,1,1,0.035,8.59,0
22.31,2,136,24.16,1,46.37,0,0,11,0,1,1,1,0.375,5.94,0
18.86,0,1229,2.88,1,44.35,0,0,82,0,1,1,1,0.188,0.0,0
40.97,18,163,21.18,0,35.66,0,0,15,0,1,1,1,0.194,0.0,0
53.18,1,673,10.41,1,34.89,0,0,22,0,1,1,0,0.307,15.4,0
121.25,20,141,1.28,0,65.26,0,0,6,0,1,1,1,0.097,0.0,0
98.61,23,1021,52.44,0,53.56,0,0,69,1,1,1,0,0.082,7.99,0
17.44,4,527,19.88,0,8.74,0,0,17,0,1,1,1,0.362,0.0,0
27.06,16,515,4.52,1,39.15,0,1,44,1,0,1,1,0.138,12.88,0
58.62,18,51,13.08,2,43.99,0,1,4,0,1,1,0,0.105,21.83,0
87.18,4,272,34.53,3,15.24,1,0,20,0,1,1,1,0.068,42.38,0
76.63,22,372,40.06,1,51.53,0,1,25,0,1,1,0,0.425,10.35,0
28.11,20,174,19.7,1,25.99,1,0,6,0,1,0,1,0.022,10.16,0
8.55,13,1064,19.51,0,48.82,0,0,94,0,1,1,1,0.284,0.0,0
11.03,9,909,4.87,1,9.65,1,0,58,0,1,1,0,0.029,20.92,0
39.36,20,340,68.72,1,11.49,0,0,11,0,1,1,1,0.202,1.98,0
42.19,6,208,4.19,1,60.55,0,1,16,0,1,1,1,0.3,0.0,0
9.99,7,809,1.4,0,51.84,0,0,15,0,1,1,1,0.297,13.52,0
31.33,7,110,56.83,2,5.09,2,0,3,0,0,1,1,0.082,38.26,0
56.33,6,37,2.49,3,23.56,0,0,1,0,1,1,0,0.255,22.19,1
9.48,12,23,11.06,2,3.95,0,0,0,0,1,1,0,0.112,17.12,0
90.47,13,20,9.47,0,134.14,0,0,0,0,1,1,1,0.267,0.0,0
20.54,18,336,28.28,1,17.75,0,1,29,0,1,1,1,0.235,9.1,0
105.38,10,147,7.58,1,21.4,1,0,3,0,1,1,0,0.028,17.24,0
17.58,1,586,10.46,1,15.18,1,0,50,0,1,1,1,0.047,15.87,0
10.73,16,531,0.67,1,20.75,0,0,16,0,1,0,1,0.293,6.62,0
18.95,5,390,3.49,0,16.98,1,0,33,0,1,1,1,0.065,11.52,0
27.24,8,218,26.85,2,70.55,0,0,4,0,1,1,1,0.347,11.01,0
20.32,18,950,9.76,2,23.71,0,0,77,0,1,1,0,0.209,12.62,0
24.14,4,618,3.94,0,17.24,0,0,37,0,1,1,1,0.219,0.79,0
41.84,8,158,6.9,0,38.31,1,1,5,0,1,1,0,0.074,7.19,0
25.25,6,348,5.03,1,5.7,0,0,17,0,1,1,1,0.127,30.35,0
28.05,3,85,12.19,0,16.49,0,0,2,0,1,1,1,0.229,0.0,0
5.42,17,199,0.79,1,22.57,1,0,5,0,1,1,1,0.388,19.13,0
44.33,17,2928,3.82,2,10.89,0,0,138,0,1,1,1,0.064,9.36,0
27.41,19,127,6.58,2,41.8,0,0,6,1,1,1,0,0.187,14.91,0
149.95,16,599,39.51,2,25.74,1,0,48,0,1,1,1,0.093,26.7,0
11.71,3,136,14.64,2,42.87,0,0,10,0,1,1,0,0.135,9.41,0
4.91,21,1391,10.53,2,42.0,0,0,51,0,1,1,0,0.156,8.55,0
55.59,15,186,3.18,0,85.61,0,0,5,0,1,1,1,0.041,0.0,0
42.37,21,213,12.24,2,12.48,0,0,6,0,1,0,1,0.112,18.89,0
10.93,22,451,39.68,2,58.24,0,0,29,0,1,1,1,0.113,11.52,0
6.49,4,444,12.53,2,17.75,0,0,28,1,1,0,1,0.143,17.21,0
139.41,8,433,2.7,0,29.6,0,2,11,0,1,1,0,0.227,0.0,0
123.24,1,426,87.74,0,39.1,0,0,19,1,1,1,0,0.14,0.0,0
2.49,1,187,10.36,1,64.15,0,0,16,0,1,1,1,0.069,0.0,0
18.95,3,285,5.78,1,28.97,0,0,27,0,1,1,1,0.126,10.89,0
158.25,19,450,10.5,1,57.84,0,0,43,0,1,0,1,0.474,19.57,0
18.61,19,556,4.59,1,86.8,1,0,41,0,1,1,1,0.316,13.63,0
18.35,16,146,0.46,1,20.24,0,0,2,0,1,1,1,0.196,2.0,0
22.58,19,604,33.04,3,21.63,0,0,34,0,1,1,1,0.023,29.56,0
9.77,20,1284,8.4,3,14.11,0,0,47,0,1,1,0,0.08,16.54,0
5.45,18,709,20.97,1,17.75,0,2,64,0,1,1,1,0.188,0.57,0
85.85,2,44,53.24,1,32.72,0,1,0,0,1,1,0,0.145,12.97,0
4.74,4,317,15.02,2,24.15,0,0,8,0,1,1,0,0.148,8.38,0
38.37,9,286,17.65,1,23.37,0,1,11,0,1,1,1,0.186,13.15,0
72.72,5,205,43.03,1,34.83,0,0,15,0,1,1,0,0.159,17.95,0
7.02,2,338,10.9,3,22.83,0,0,32,1,1,1,1,0.152,22.71,0
11.89,16,290,5.78,1,8.8,0,0,14,0,1,1,0,0.054,5.77,0
100.8,9,3,38.15,0,13.49,0,0,0,0,1,0,1,0.329,0.0,0
51.05,23,135,1.07,2,37.2,0,0,11,0,1,1,1,0.152,14.98,0
16.16,11,120,3.62,1,34.37,3,0,10,0,1,1,1,0.185,37.46,0
99.71,0,215,6.26,1,13.84,1,0,5,0,1,0,0,0.209,12.66,0
100.14,17,96,22.86,1,16.32,0,0,9,0,1,1,0,0.136,1.45,0
39.21,18,35,35.14,0,15.58,0,0,2,0,1,1,0,0.215,0.0,0
12.18,21,109,9.02,0,20.98,0,1,10,0,1,1,0,0.123,0.0,0
19.82,19,963,5.06,1,55.17,0,0,17,0,1,0,0,0.341,15.64,0
39.9,3,797,6.54,1,96.9,0,0,72,1,1,1,1,0.176,4.47,0
24.81,14,292,16.03,3,32.98,0,0,7,0,1,1,1,0.073,30.05,0
76.63,8,1051,2.58,3,91.02,0,0,85,0,1,1,1,0.272,32.12,0
6.49,5,132,11.89,1,20.36,1,0,2,0,1,1,1,0.165,15.11,0
6.72,11,439,13.32,2,36.08,0,0,12,0,0,1,0,0.086,16.3,0
35.9,17,77,18.46,1,22.6,0,0,2,0,1,1,1,0.212,12.52,0
18.33,22,896,13.89,1,46.98,0,0,60,1,1,1,0,0.105,0.0,0
16.01,14,70,1.53,3,53.61,0,1,5,0,1,1,1,0.396,25.7,0
5.11,18,16,17.51,3,17.34,0,0,0,0,1,1,1,0.321,18.56,0
30.56,8,160,0.33,5,65.27,1,1,8,0,1,1,0,0.2,47.94,0
28.42,21,1156,7.42,1,17.86,0,0,86,0,1,1,1,0.233,10.58,0
57.6,23,69,8.1,1,11.12,0,0,6,0,1,1,1,0.393,3.57,0
32.1,12,201,1.86,1,64.44,0,0,6,0,1,1,1,0.339,2.69,0
26.24,15,190,0.15,0,35.45,0,0,9,0,1,1,0,0.023,3.71,0
97.22,12,809,1.11,0,30.91,0,0,28,0,1,1,0,0.423,0.07,0
8.06,0,274,8.87,0,34.95,0,0,5,0,1,1,0,0.482,2.36,0
51.23,17,473,4.12,3,20.92,1,0,25,0,1,1,1,0.386,29.49,0
5.63,21,259,1.07,1,44.13,0,1,13,0,1,1,1,0.106,18.27,0
12.96,2,401,4.44,2,9.91,0,0,34,0,1,1,1,0.129,8.41,0
8.91,16,32,11.29,3,127.31,0,0,2,0,1,1,1,0.129,15.48,0
65.49,21,234,20.33,3,13.45,1,0,10,0,1,1,0,0.423,27.77,0
28.07,4,966,7.97,0,11.04,0,0,73,0,0,1,1,0.36,0.0,0
29.56,5,587,14.25,2,45.44,1,1,38,0,1,1,1,0.357,23.54,0
9.91,20,2004,13.62,1,12.71,0,0,161,0,1,1,0,0.217,5.78,0
22.2,16,775,34.0,2,55.76,0,0,22,0,1,1,0,0.193,26.44,0
13.96,16,300,2.97,0,48.32,0,0,25,0,1,1,1,0.24,11.53,0
43.97,0,564,9.71,3,11.01,0,0,37,0,1,1,1,0.227,20.42,0
11.12,6,748,14.99,0,25.0,0,0,60,0,1,1,1,0.042,5.91,0
113.27,21,157,11.0,0,92.99,0,0,8,0,1,1,0,0.435,2.49,0
5.61,15,31,8.98,2,18.41,1,1,0,0,0,1,1,0.282,11.01,0
13.38,4,260,54.44,2,15.01,0,0,24,0,1,0,1,0.157,18.11,0
160.32,15,78,42.71,0,24.69,0,0,6,0,1,1,1,0.064,0.0,0
19.39,3,162,14.18,1,41.17,0,0,12,0,1,1,1,0.354,3.52,0
8.05,10,1467,8.69,4,18.58,0,0,82,0,1,1,0,0.129,29.41,0
37.3,13,939,21.12,1,14.78,1,0,19,0,1,1,0,0.081,19.26,0
18.63,12,449,10.79,3,47.33,0,1,12,0,1,1,0,0.201,34.32,0
12.99,23,256,81.29,0,127.77,0,0,13,0,1,1,0,0.276,0.0,0
10.02,7,153,17.37,2,27.04,1,0,12,0,1,1,0,0.278,34.64,1
477.41,20,424,1.06,2,16.79,1,0,38,0,1,1,0,0.199,23.2,0
23.3,19,381,7.71,1,22.11,0,0,20,0,1,1,1,0.273,18.02,0
4.37,14,759,19.65,2,8.06,0,0,75,0,1,1,0,0.18,20.68,0
133.45,17,1316,27.71,0,26.19,0,0,129,1,0,1,1,0.473,6.11,0
55.21,6,199,25.18,5,41.8,0,0,9,0,1,1,1,0.213,40.79,0
13.92,20,116,56.74,0,16.4,0,0,2,0,1,1,0,0.389,0.0,0
11.79,18,258,10.07,2,7.47,0,0,14,0,1,1,1,0.222,3.35,0
58.76,8,288,2.26,3,56.15,0,1,28,0,1,1,1,0.079,12.77,0
23.41,10,20,15.84,2,8.08,0,0,0,0,1,1,0,0.187,23.97,0
4.37,9,989,1.1,1,22.81,0,1,45,0,1,1,0,0.194,12.11,0
178.97,13,2712,54.47,1,93.91,1,0,113,0,1,1,0,0.131,26.03,0
19.41,15,1283,21.32,1,36.53,0,1,122,0,1,1,0,0.178,22.88,0
133.7,7,985,60.38,4,5.74,0,0,31,0,1,1,0,0.17,25.55,0
107.6,0,2453,7.1,3,10.42,0,0,129,0,1,1,1,0.162,17.06,0
11.01,11,1192,0.24,1,14.11,0,3,40,0,1,0,0,0.078,1.05,0
84.2,2,583,11.05,3,10.83,0,1,15,0,1,1,1,0.172,20.81,0
15.62,1,91,1.94,2,8.87,0,0,4,0,1,1,0,0.257,17.49,0
4.63,15,85,17.07,4,11.76,1,2,7,0,1,1,1,0.22,34.43,0
19.6,3,25,10.32,1,44.61,1,0,0,0,1,1,1,0.191,19.98,0
44.6,1,265,21.0,1,54.59,1,0,15,0,1,1,0,0.062,9.35,0
18.86,11,827,5.16,0,7.19,1,0,48,0,1,1,0,0.379,0.0,0
22.04,23,337,26.51,2,148.06,0,0,7,0,1,1,1,0.053,11.23,0
94.03,16,228,15.78,1,55.89,0,0,22,0,1,0,0,0.567,12.79,0
33.33,19,58,65.98,0,112.12,0,0,1,0,1,1,1,0.078,0.0,0
12.89,20,27,2.95,2,11.1,0,0,2,0,0,0,1,0.443,14.6,0
60.46,9,255,0.79,1,10.02,0,0,9,0,1,1,0,0.103,6.19,0
36.51,19,53,28.56,0,53.95,1,0,3,0,1,1,0,0.226,13.72,0
2.41,7,55,6.2,2,39.56,0,0,4,0,1,1,1,0.441,9.03,0
45.99,17,252,8.46,0,36.38,0,1,24,0,1,1,0,0.124,15.74,0
44.34,17,349,38.99,0,20.97,1,0,17,0,1,1,1,0.129,12.49,0
30.57,17,103,8.72,0,22.59,1,0,2,0,1,1,1,0.036,11.01,0
73.09,1,577,5.31,2,53.97,1,0,10,0,1,1,1,0.139,20.81,0
15.3,11,271,0.92,2,16.18,0,1,24,0,1,1,0,0.052,14.99,0
41.95,9,48,8.78,4,8.07,0,1,2,0,1,1,1,0.147,24.18,0
6.25,7,507,15.96,0,35.06,0,0,14,1,1,1,1,0.375,2.05,0
45.02,18,221,4.7,1,80.95,0,0,12,0,1,1,1,0.188,13.4,0
211.25,9,27,18.98,2,8.2,0,0,0,0,1,1,1,0.146,15.68,0
11.08,10,1478,9.76,2,26.45,1,0,110,0,1,1,0,0.022,29.76,0
14.02,13,423,29.29,0,4.81,0,0,21,0,1,1,0,0.473,0.0,0
14.73,14,325,2.65,1,68.17,0,0,25,0,1,1,1,0.043,8.0,0
34.12,23,980,21.23,0,13.25,0,0,78,0,1,1,0,0.369,4.76,0
10.35,22,1380,40.45,1,27.41,0,0,66,0,1,1,0,0.232,7.37,0
45.66,9,124,20.29,1,28.38,0,0,8,0,1,1,0,0.064,4.79,0
69.88,3,831,7.81,0,29.17,0,1,67,0,1,1,0,0.106,0.0,0
51.13,6,889,3.93,2,41.35,0,0,18,0,1,1,1,0.421,9.64,0
5.11,10,28,1.55,3,94.12,0,1,0,1,1,1,0,0.275,33.95,1
81.06,23,622,15.42,1,20.91,1,0,61,0,1,1,0,0.165,15.49,0
76.51,21,33,2.31,2,22.68,0,0,0,0,1,1,1,0.429,35.21,0
68.73,21,452,27.33,2,11.02,1,0,19,0,1,1,0,0.162,34.1,0
43.5,2,553,48.56,1,6.48,0,0,45,0,1,1,1,0.03,3.45,0
37.34,4,229,2.19,3,17.0,0,0,9,0,1,1,1,0.384,4.65,0
84.13,1,1063,7.08,1,38.34,0,0,90,0,1,1,0,0.309,4.37,0
205.1,11,806,41.53,1,22.46,0,0,22,1,1,0,0,0.149,0.0,0
11.55,20,1302,9.54,1,77.07,0,0,116,0,1,1,1,0.602,0.39,0
88.07,4,189,11.5,3,26.57,0,0,10,0,1,1,0,0.296,18.47,0
27.49,6,11,20.65,2,85.06,0,0,0,0,0,1,0,0.102,7.79,0
26.32,3,834,3.55,4,30.16,0,0,57,0,1,1,0,0.17,19.42,0
6.45,10,126,58.06,1,17.44,0,0,5,0,1,1,1,0.201,13.66,0
22.54,21,315,22.77,3,9.54,0,0,23,0,1,1,0,0.264,14.6,0
11.05,8,850,2.64,1,4.18,0,0,78,1,1,1,1,0.04,12.27,0
18.84,3,122,1.77,1,15.78,1,0,2,0,1,1,0,0.268,26.15,0
9.99,21,187,40.99,0,47.06,0,0,6,0,1,1,1,0.122,0.0,0
19.13,8,289,17.33,0,19.14,0,0,14,0,1,1,0,0.215,6.03,0
19.96,11,159,0.59,1,12.57,0,0,15,0,1,1,1,0.172,1.86,0
33.01,15,309,2.3,1,24.8,0,0,15,0,1,1,0,0.054,4.43,0
5.96,0,5,0.74,1,25.41,1,0,0,0,1,1,1,0.165,9.92,0
7.06,7,119,54.79,1,18.42,0,0,4,0,1,1,0,0.188,2.08,0
43.03,0,894,10.33,1,41.93,0,0,16,0,1,1,0,0.252,15.07,0
13.5,19,267,9.3,0,22.96,0,0,8,0,1,1,0,0.547,0.0,0
87.75,18,506,46.78,2,92.67,1,0,34,1,1,1,1,0.308,24.02,0
37.53,3,132,10.54,1,18.08,0,0,4,0,1,0,0,0.435,10.58,0
54.97,13,525,10.94,2,15.45,0,1,48,0,1,1,0,0.188,30.57,0
122.82,22,3650,62.12,1,21.25,1,0,277,0,1,1,0,0.271,6.59,0
21.98,13,452,1.77,2,51.82,0,0,33,0,1,1,1,0.149,27.27,0
16.87,8,495,63.77,2,41.07,0,0,26,0,1,1,1,0.172,13.18,0
71.64,8,59,2.72,1,17.61,1,1,4,0,1,1,0,0.109,17.63,0
49.87,16,258,9.61,4,12.06,1,0,8,0,1,0,0,0.126,49.07,0
24.85,14,986,6.18,0,9.34,0,0,52,0,1,0,0,0.213,9.1,0
120.48,9,899,46.66,1,10.63,0,0,89,0,1,1,1,0.032,16.24,0
24.23,16,369,9.97,2,94.31,1,1,14,0,1,1,0,0.205,23.61,0
30.96,8,1169,0.35,0,14.5,0,0,58,1,1,1,1,0.202,5.63,0
30.61,3,77,3.76,2,14.3,0,0,2,0,0,1,0,0.23,25.14,0
11.77,13,537,8.45,0,48.1,0,0,12,0,1,1,0,0.518,6.02,0
32.38,2,143,16.92,2,27.18,0,0,7,0,1,1,1,0.132,22.4,0
121.12,20,519,12.38,0,61.91,0,1,14,0,1,1,0,0.114,10.54,0
46.76,11,46,28.45,0,76.2,0,0,2,0,1,1,1,0.503,0.0,0
30.91,21,1438,26.44,3,66.72,0,0,114,0,1,1,1,0.129,21.82,0
25.49,0,772,13.39,2,18.2,0,0,67,0,1,1,1,0.171,3.64,0
41.72,0,112,12.71,2,3.47,0,0,3,0,1,1,0,0.04,23.75,0
63.42,12,507,4.89,1,7.47,0,0,46,0,1,1,1,0.279,2.4,0
55.1,13,712,47.52,2,28.75,0,0,33,0,1,1,0,0.265,17.59,0
21.5,15,118,1.2,3,65.36,0,0,6,0,1,1,0,0.05,33.58,0
41.46,6,49,7.59,2,12.8,1,0,3,0,1,1,1,0.224,28.38,0
48.42,9,217,16.22,1,37.81,0,0,6,0,1,1,1,0.22,1.5,0
10.94,14,73,43.69,1,19.5,0,0,6,0,1,0,0,0.181,17.05,0
35.45,7,417,10.44,3,99.49,0,0,34,0,1,1,0,0.457,32.22,0
3.45,10,276,33.94,1,17.3,0,1,15,0,1,1,0,0.046,17.08,0
48.55,23,310,1.66,0,51.9,1,0,13,0,1,1,1,0.143,14.98,0
57.99,13,391,11.38,1,24.29,1,0,22,0,1,1,1,0.006,17.37,0
63.28,12,2010,5.7,1,34.46,0,0,143,0,1,1,0,0.038,0.0,0
20.19,22,787,23.82,0,18.12,1,0,59,1,1,1,1,0.259,0.0,0
40.81,12,496,8.83,0,35.54,1,0,26,0,1,0,1,0.423,4.82,0
124.46,8,226,9.67,2,5.33,0,0,4,0,1,0,1,0.368,15.05,0
123.2,16,14,1.0,3,9.56,0,0,1,0,1,1,0,0.288,18.46,0
29.1,17,62,8.64,0,12.43,0,0,2,0,1,0,0,0.147,0.0,0
34.44,18,656,1.26,1,44.53,0,0,58,0,1,1,0,0.058,14.95,0
91.0,12,230,5.34,0,20.55,0,0,11,0,1,1,0,0.04,15.63,0
6.68,11,204,2.04,2,4.51,1,0,16,0,1,1,0,0.598,23.69,0
21.69,20,1099,6.11,1,27.51,0,0,51,0,1,1,1,0.072,21.28,0
113.93,19,331,3.87,1,8.06,0,0,15,0,1,1,0,0.257,9.87,0
79.46,19,1149,5.04,1,54.07,0,1,92,0,1,1,0,0.231,12.14,0
43.35,7,1089,2.41,0,40.81,0,0,67,0,1,1,1,0.227,0.0,0
6.65,23,42,8.69,3,8.42,0,0,1,0,1,1,0,0.134,21.06,0
28.51,10,1454,10.32,3,37.4,0,0,125,0,1,1,1,0.182,25.62,0
16.61,6,40,27.18,0,98.98,0,0,2,0,1,1,0,0.058,0.0,0
41.72,0,1655,11.61,4,9.2,0,0,115,0,1,1,0,0.172,27.59,0
13.34,9,301,3.9,1,29.22,0,0,24,0,0,1,1,0.099,4.9,0
10.74,14,715,19.97,1,32.86,0,0,49,0,1,1,1,0.16,13.57,0
3.8,3,612,5.29,1,16.51,0,0,23,0,1,1,0,0.42,18.19,0
101.68,0,365,21.18,0,34.66,0,0,6,0,1,1,1,0.11,7.52,0
20.09,10,483,7.34,1,17.32,0,0,39,0,1,1,0,0.095,0.0,0
35.06,4,1497,10.81,2,9.03,1,0,144,0,1,1,0,0.275,23.37,0
29.9,18,1311,10.51,0,42.9,0,0,100,0,1,1,0,0.225,0.0,0
10.3,18,531,46.73,0,17.51,0,0,45,0,1,1,1,0.14,0.0,0
8.51,3,536,2.5,0,9.94,0,0,47,0,1,1,1,0.148,0.0,0
10.96,1,142,41.84,1,38.57,0,0,5,0,1,1,1,0.206,8.13,0
14.54,6,882,12.38,2,32.61,0,0,40,0,1,1,1,0.395,10.62,0
43.23,12,501,75.98,4,92.51,0,1,38,0,1,1,0,0.226,18.35,1
13.52,19,875,12.77,0,40.18,1,0,46,0,1,1,0,0.105,19.65,0
171.83,20,536,16.02,1,19.39,1,1,37,1,1,1,0,0.385,22.31,0
83.69,11,178,20.77,3,46.11,0,0,6,0,1,1,1,0.132,8.19,0
67.25,1,105,25.87,0,12.09,0,0,8,0,1,1,0,0.243,2.12,0
26.58,21,40,9.74,1,87.35,0,0,2,1,1,1,1,0.036,0.0,0
136.22,8,441,17.03,0,16.96,0,1,42,0,0,1,1,0.27,10.61,0
24.09,15,167,14.31,0,7.1,0,1,15,0,1,1,1,0.057,0.0,0
29.04,7,498,7.84,2,16.77,0,0,31,0,1,1,0,0.075,21.31,0
35.52,23,30,25.79,3,17.8,0,0,1,0,1,1,1,0.112,10.72,0
60.45,17,236,3.21,0,56.67,0,0,11,0,1,1,1,0.254,0.0,0
56.65,3,151,2.74,0,11.84,2,1,11,0,0,1,0,0.244,17.85,0
18.63,23,231,20.0,2,18.45,0,0,11,0,0,1,1,0.022,23.47,0
17.58,10,28,15.22,3,27.97,0,0,2,0,1,1,1,0.184,27.75,0
56.82,16,644,5.73,2,27.02,0,0,23,0,1,1,1,0.201,14.44,0
61.27,7,62,15.12,0,96.34,1,1,5,0,1,1,0,0.331,9.39,0
20.22,18,7,22.09,0,44.97,1,0,0,0,1,1,0,0.298,26.2,0
6.13,7,1462,3.67,3,14.11,0,1,46,0,1,1,0,0.061,23.49,0
24.35,5,107,13.06,0,45.7,0,0,2,1,1,1,0,0.252,0.0,0
55.9,22,880,26.12,2,20.43,0,0,58,0,1,0,1,0.179,16.3,0
182.26,1,1669,7.95,1,110.52,0,0,135,0,1,1,1,0.463,12.76,0
9.04,14,382,12.72,2,22.19,0,1,36,0,1,1,1,0.214,21.21,0
19.56,0,373,1.23,2,49.78,0,1,27,0,1,1,1,0.499,27.09,0
20.3,5,229,26.62,0,64.98,1,0,16,1,1,1,1,0.108,12.99,0
116.26,18,277,23.85,2,21.13,0,0,14,0,1,1,0,0.126,29.46,0
28.94,3,329,9.14,2,24.37,0,0,14,0,1,1,0,0.308,10.76,0
12.09,12,82,1.9,1,19.21,2,1,4,0,1,1,1,0.196,32.88,0
52.39,14,227,16.2,0,44.98,0,1,16,0,1,1,1,0.118,0.0,0
19.99,8,847,12.76,3,196.9,0,1,83,0,1,1,1,0.263,13.16,0
8.81,2,101,37.79,1,43.24,0,1,7,0,1,1,1,0.136,7.93,0
12.27,1,654,4.92,4,35.78,0,0,42,0,1,1,1,0.396,31.78,0
169.7,15,527,0.49,2,14.43,1,1,26,0,1,1,1,0.171,17.39,0
44.0,17,30,4.41,0,64.01,0,0,1,0,1,1,0,0.031,0.0,0
33.37,17,11,8.38,0,31.25,0,0,0,0,1,1,1,0.382,12.98,0
23.34,5,217,2.53,2,172.32,0,0,12,0,1,1,1,0.265,12.41,0
40.13,17,589,58.48,0,108.19,0,0,31,0,1,1,1,0.216,0.0,0
39.66,10,201,3.77,2,29.86,1,0,17,0,1,1,0,0.158,16.21,0
40.13,6,551,16.99,1,35.24,0,0,9,0,1,1,0,0.292,0.0,0
33.61,22,547,9.08,1,26.87,0,1,34,0,1,1,0,0.262,1.69,0
71.44,22,821,12.15,0,12.35,0,1,71,0,1,1,1,0.212,0.0,0
30.66,13,52,40.47,3,51.02,0,0,2,0,1,1,0,0.31,25.5,0
11.27,17,430,11.38,0,22.94,0,0,38,0,1,0,1,0.127,0.0,0
16.24,6,32,5.46,2,148.9,1,0,2,0,1,1,0,0.118,34.08,0
4.14,9,97,3.74,1,28.64,0,0,3,0,1,1,1,0.075,14.59,0
227.42,7,197,33.38,2,10.08,0,0,6,0,1,0,1,0.089,22.3,0
71.01,23,614,64.83,1,38.79,0,1,12,0,1,1,1,0.05,11.72,0
13.06,13,1822,4.35,1,53.49,0,0,137,0,1,0,1,0.066,23.61,0
22.6,17,210,19.2,3,41.95,0,0,14,0,1,1,1,0.299,33.92,0
15.85,4,368,10.57,1,34.84,0,0,30,0,1,0,0,0.143,12.37,0
140.13,13,150,17.99,1,24.5,0,0,14,0,1,1,1,0.069,0.09,0
7.24,21,563,49.95,3,33.76,0,0,24,0,0,1,0,0.36,31.63,0
33.6,21,228,4.85,2,31.18,0,0,8,0,1,1,1,0.137,22.29,0
26.88,21,329,20.2,2,10.95,0,1,13,0,1,1,1,0.062,17.05,0
68.5,9,419,8.64,2,133.57,0,0,26,0,1,1,1,0.246,9.03,0
27.0,14,580,15.86,0,34.83,2,0,32,0,1,1,1,0.216,33.03,0
5.16,5,31,7.83,1,27.7,1,0,0,0,1,1,1,0.14,10.61,0
23.31,8,405,18.48,0,104.53,0,1,14,0,1,1,1,0.161,6.92,0
11.33,9,282,6.18,2,8.95,0,1,17,0,1,1,1,0.458,19.13,0
32.45,22,72,10.05,1,162.92,0,0,7,0,1,1,1,0.13,1.8,0
125.74,16,117,18.51,1,14.49,0,0,9,0,1,0,1,0.189,3.84,0
5.26,0,1077,0.65,2,86.38,0,0,106,0,1,1,0,0.147,27.06,0
13.46,13,1027,5.96,1,12.49,2,0,78,1,1,1,0,0.106,32.64,0
17.24,3,17,11.85,1,13.23,1,0,1,1,1,1,1,0.286,7.91,0
20.46,1,585,1.16,3,43.86,0,0,21,0,1,0,1,0.194,21.18,0
62.81,2,404,18.22,2,32.26,0,0,37,0,1,1,1,0.127,12.35,0
25.19,6,1405,25.17,1,12.88,0,1,101,0,1,1,1,0.203,17.49,0
45.41,22,1193,2.67,1,13.83,1,0,79,0,1,1,1,0.09,18.38,0
16.03,13,433,19.83,0,19.73,0,0,32,0,1,1,1,0.354,5.89,0
37.71,11,75,15.59,0,65.33,1,0,4,0,1,1,0,0.259,11.37,0
65.22,18,308,7.94,2,34.22,0,1,14,0,1,1,1,0.063,7.47,0
14.41,17,646,2.7,1,42.44,1,0,54,0,1,1,1,0.09,12.96,0
65.45,14,1516,46.48,0,17.7,0,0,72,1,1,1,0,0.458,0.38,0
31.58,0,226,9.35,1,39.63,0,0,11,0,1,0,1,0.563,14.58,0
85.24,2,768,3.04,0,8.97,0,0,63,0,0,1,0,0.328,8.28,0
24.5,14,575,19.0,2,13.67,1,0,56,1,1,0,0,0.252,18.65,0
43.87,3,41,14.04,1,58.6,0,0,1,0,1,1,0,0.049,12.73,0
28.77,14,408,25.41,3,34.8,2,0,40,0,1,0,0,0.381,48.18,0
27.22,9,101,83.19,2,115.98,0,0,9,0,0,1,1,0.382,30.34,1
38.82,5,575,0.69,1,45.51,0,1,19,0,1,1,0,0.209,11.1,0
51.25,12,471,20.17,1,9.9,2,1,14,0,1,1,1,0.133,23.04,0
8.59,6,1807,67.83,0,51.85,0,0,153,0,1,1,1,0.144,0.0,0
125.67,21,1370,11.59,2,9.42,0,0,30,0,1,1,1,0.039,15.36,0
4.67,0,5,18.87,2,47.04,0,0,0,0,1,1,0,0.114,7.66,0
15.11,21,42,8.73,0,22.26,1,0,1,0,1,1,1,0.177,15.09,0
27.27,10,733,6.62,0,15.53,0,0,13,0,1,1,0,0.183,0.0,0
45.26,13,579,17.88,3,27.57,0,0,41,0,0,1,0,0.175,27.66,0
144.92,5,807,66.45,1,10.49,1,0,51,0,1,1,1,0.381,13.03,0
4.67,4,155,1.44,3,21.04,0,0,14,0,1,1,1,0.654,45.75,0
18.03,18,946,8.23,2,5.16,1,0,26,0,1,1,0,0.2,35.91,0
3.57,18,292,42.36,1,64.73,0,0,9,0,1,1,0,0.384,8.66,0
30.93,12,152,1.8,0,34.46,0,0,11,0,1,1,1,0.214,9.61,0
39.32,6,5,15.79,1,24.08,0,1,0,0,1,1,1,0.403,5.7,0
147.05,7,1025,8.44,2,40.4,0,1,70,0,1,1,0,0.333,20.03,0
33.81,13,383,7.1,4,10.96,0,1,7,0,0,1,1,0.043,28.93,0
85.12,18,1852,3.53,1,22.23,0,0,155,0,1,1,1,0.182,0.0,0
53.72,18,627,2.91,3,43.99,1,0,24,0,1,1,1,0.266,39.02,0
19.39,22,42,10.89,2,13.79,1,0,2,0,1,1,0,0.142,14.92,0
7.32,11,444,7.11,1,69.77,0,0,33,0,1,1,1,0.538,7.26,0
39.45,22,9,10.15,2,22.68,0,1,0,0,1,1,0,0.36,17.48,0
6.74,8,408,3.27,0,6.42,0,1,9,0,1,0,1,0.158,8.95,0
109.42,13,216,6.47,1,32.89,0,0,3,0,1,0,1,0.321,5.51,0
25.48,5,515,84.48,3,21.29,0,0,11,0,1,1,1,0.242,30.28,0
99.01,14,390,6.88,0,133.35,0,0,36,0,1,1,1,0.214,5.87,0
18.54,12,151,7.98,1,21.73,0,0,9,0,1,1,1,0.062,10.1,0
39.21,6,89,0.3,0,53.2,0,0,1,0,1,1,0,0.264,0.0,0
36.94,10,259,7.19,2,19.75,0,0,25,1,1,0,1,0.299,1.93,0
28.64,9,2165,21.62,1,7.51,0,1,52,0,1,1,1,0.364,9.81,0
19.44,0,286,10.87,4,34.43,0,0,26,0,1,1,0,0.353,49.23,0
44.37,6,691,16.05,0,35.06,0,0,24,0,0,1,1,0.264,13.31,0
11.87,17,29,12.2,1,57.07,0,0,2,0,1,0,0,0.103,9.34,0
8.94,22,238,1.67,1,6.88,0,0,8,0,1,1,0,0.104,8.01,0
103.84,2,434,6.06,2,40.25,0,1,43,0,1,1,0,0.053,17.43,0
62.0,8,696,17.77,1,38.22,1,0,22,0,1,1,0,0.15,33.28,0
32.0,4,376,11.91,1,35.83,2,0,17,0,1,1,1,0.168,23.61,0
158.4,22,362,16.86,1,3.61,0,0,10,0,1,1,1,0.16,25.26,0
22.93,23,722,6.7,2,61.32,0,0,41,0,1,1,0,0.438,16.7,0
112.47,12,188,3.23,2,11.43,1,0,9,0,1,1,1,0.289,23.03,0
35.72,15,47,26.56,0,55.94,0,0,3,0,1,1,1,0.095,0.0,0
10.75,15,213,7.08,2,107.47,0,1,18,0,1,1,0,0.172,18.64,0
190.19,11,87,15.96,3,51.57,0,0,7,0,1,1,0,0.218,29.77,1
80.7,17,1690,7.2,3,33.29,0,0,33,0,1,1,0,0.115,19.35,0
26.55,10,431,39.31,0,23.5,0,1,13,0,1,1,0,0.37,3.35,0
62.0,16,296,72.31,2,30.63,0,0,20,0,1,1,1,0.243,14.66,0
20.01,6,1216,15.7,1,11.96,0,0,81,0,1,1,1,0.091,9.84,0
68.66,14,1153,13.83,0,38.3,0,0,96,0,1,1,1,0.177,0.0,0
2.74,5,269,27.57,2,23.72,0,0,21,0,1,1,0,0.128,20.8,0
10.81,5,1039,10.89,2,10.74,0,1,35,0,0,1,0,0.093,9.25,0
79.78,17,33,30.55,1,12.54,1,0,1,0,1,1,1,0.169,9.61,0
23.34,18,1085,7.99,1,26.36,0,0,69,0,1,1,1,0.09,13.42,0
36.88,19,186,0.49,1,9.45,1,0,16,0,1,1,1,0.189,5.68,0
7.79,18,416,39.18,0,28.18,1,0,25,0,1,1,0,0.075,0.0,0
190.16,1,157,19.18,1,73.51,0,0,11,0,1,1,0,0.154,0.0,0
98.55,2,2093,10.72,4,31.57,0,0,102,0,1,1,0,0.171,25.48,0
24.52,13,37,43.48,1,23.31,1,0,0,1,1,1,1,0.174,28.33,0
19.99,21,296,32.67,0,14.56,0,0,15,0,1,0,1,0.21,8.06,0
83.9,3,485,1.72,0,37.8,0,0,14,1,1,1,0,0.018,2.74,0
217.56,21,478,14.69,0,8.28,0,0,22,0,1,1,0,0.48,0.0,0
77.77,16,671,11.59,0,24.98,0,0,28,1,1,1,0,0.158,7.14,0
262.91,5,644,22.47,0,30.16,0,0,23,0,1,1,1,0.165,9.77,0
11.91,18,788,5.37,0,16.3,0,0,58,0,1,1,0,0.304,7.94,0
13.21,8,133,0.12,1,33.8,0,0,4,0,1,1,1,0.064,3.44,0
9.13,3,231,3.08,5,128.63,0,0,16,0,1,1,0,0.187,50.62,0
46.61,6,241,3.55,0,40.65,1,0,4,0,1,1,0,0.121,21.89,0
35.72,3,1560,5.17,2,70.09,1,0,113,0,1,1,0,0.089,23.66,0
25.74,10,263,6.94,4,53.59,1,0,5,0,1,1,1,0.073,33.41,0
67.31,21,125,18.39,3,88.84,1,0,3,0,1,1,1,0.033,36.75,0
102.75,22,500,1.16,3,18.59,0,0,29,0,1,1,0,0.284,19.81,0
6.52,1,279,10.0,1,5.46,0,0,27,0,1,1,1,0.16,0.0,0
16.49,9,144,10.36,0,21.22,0,0,10,0,1,1,0,0.205,5.66,0
68.04,5,628,14.35,1,12.56,0,0,10,0,1,1,0,0.083,0.0,0
18.77,7,107,5.58,3,17.77,0,1,8,0,1,1,1,0.049,3.86,0
13.49,14,502,4.51,0,14.74,0,0,22,0,1,1,0,0.049,1.53,0
82.97,12,282,9.92,1,40.14,0,0,28,0,1,1,1,0.026,0.0,0
8.25,21,192,16.16,0,84.51,0,0,12,0,1,1,0,0.291,6.29,0
22.16,1,1459,0.68,0,69.17,0,0,136,0,1,1,1,0.419,8.74,0
41.62,19,196,5.21,3,25.07,0,1,4,0,1,1,1,0.241,24.11,0
16.88,0,213,23.22,3,6.21,0,0,10,1,1,1,0,0.169,31.32,0
65.57,14,1023,9.93,2,14.61,0,0,41,0,1,0,1,0.341,23.78,0
16.96,6,69,45.49,1,8.53,0,0,3,0,1,1,1,0.242,6.23,0
122.56,23,57,30.32,0,25.78,0,0,2,0,1,1,0,0.081,0.0,0
26.42,17,166,6.32,2,49.8,0,0,6,0,1,1,0,0.261,20.76,0
58.63,9,448,19.43,4,146.43,0,0,25,0,1,1,0,0.359,26.45,0
63.18,14,242,4.81,3,29.13,0,0,19,0,1,1,0,0.461,31.91,0
16.0,4,469,2.89,2,4.75,0,0,33,0,1,0,0,0.202,24.45,0
3.84,23,87,31.93,2,7.78,0,0,4,0,1,1,1,0.109,0.64,0
42.98,10,152,6.47,2,23.43,1,0,10,0,1,1,0,0.155,27.28,0
32.21,7,416,3.41,2,123.14,0,0,38,0,1,1,1,0.25,18.78,0
52.24,20,122,50.28,2,62.31,0,0,4,0,1,1,0,0.377,18.12,0
23.89,7,275,0.47,1,6.74,0,0,16,0,1,1,1,0.195,4.93,0
19.48,5,425,6.86,2,8.06,0,0,39,0,1,1,0,0.112,6.63,0
223.29,14,1818,0.59,0,3.84,0,0,141,0,1,1,0,0.238,3.76,0
6.87,14,42,10.52,1,46.4,1,0,1,0,1,1,0,0.269,15.54,0
62.42,4,308,7.69,2,16.22,1,0,25,0,1,1,0,0.248,30.25,0
16.87,12,252,19.13,1,15.9,0,0,21,0,1,1,1,0.031,0.0,0
21.42,13,869,46.2,1,59.17,0,0,68,0,1,1,1,0.415,25.19,0
21.82,10,1153,11.0,1,12.03,0,0,76,0,1,1,1,0.088,11.0,0
13.42,19,1188,5.04,5,12.53,1,0,31,0,1,1,1,0.177,60.79,0
53.05,20,235,30.86,4,31.42,0,0,13,0,1,0,1,0.206,39.5,0
120.38,11,182,13.92,0,23.6,0,0,4,0,1,1,1,0.127,0.0,0
47.94,19,298,12.09,3,55.8,0,0,17,0,1,1,0,0.196,3.99,0
33.23,0,211,3.13,0,11.57,0,0,10,0,0,1,1,0.094,0.0,0
11.17,2,634,0.62,3,33.8,0,0,10,1,1,1,1,0.062,6.0,0
50.24,7,120,9.28,4,18.64,0,0,9,0,1,1,1,0.192,33.51,0
258.88,22,537,11.26,2,23.28,0,0,38,0,1,1,1,0.048,28.99,0
20.48,11,1309,2.04,5,23.16,0,2,48,0,1,1,1,0.336,58.98,0
20.57,14,164,0.92,1,17.79,0,0,11,0,1,0,1,0.276,4.04,0
17.1,22,565,3.65,0,52.87,0,0,35,0,1,0,0,0.096,9.29,0
18.37,2,77,0.98,3,30.43,0,1,4,0,1,1,0,0.04,20.86,0
1.92,21,65,0.87,0,9.72,0,1,3,0,1,1,1,0.203,0.0,0
44.93,7,61,8.81,0,31.91,0,1,1,0,1,0,0,0.042,0.0,0
12.86,23,75,24.93,2,19.51,1,1,7,0,1,1,1,0.17,21.23,0
5.99,18,122,16.36,2,18.44,0,0,7,0,1,1,0,0.032,20.95,0
63.64,19,414,17.06,0,45.73,0,1,8,1,1,1,0,0.197,5.0,0
10.16,5,728,4.57,0,21.62,0,1,15,0,1,1,0,0.093,0.0,0
21.36,17,68,0.17,2,29.98,0,0,5,0,1,1,0,0.287,10.27,0
129.86,10,1020,8.99,2,44.93,0,0,46,1,1,1,1,0.256,17.29,0
7.32,11,925,7.1,0,26.45,0,0,48,0,1,1,1,0.127,4.89,0
6.47,22,650,44.13,1,4.12,0,1,44,0,1,0,1,0.13,18.12,0
39.22,1,278,1.12,0,60.58,0,0,4,0,1,1,0,0.161,0.0,0
94.58,4,1,22.47,1,5.75,0,0,0,0,1,1,0,0.572,16.6,0
6.21,3,664,7.3,0,10.97,2,1,49,0,1,1,1,0.315,13.56,0
45.05,8,1056,26.55,0,19.71,0,1,52,0,0,0,0,0.031,0.0,0
53.57,12,204,10.25,4,26.03,0,0,6,0,1,1,0,0.243,29.43,0
3.82,12,633,25.76,2,7.25,1,0,55,0,1,1,0,0.05,18.15,0
66.59,14,32,9.43,2,32.0,0,0,1,0,0,1,0,0.115,18.52,0
72.0,1,618,7.71,0,56.6,0,1,61,0,1,1,0,0.048,0.0,0
21.94,22,35,49.74,2,22.44,0,0,2,0,0,1,0,0.134,20.74,0
104.83,12,442,6.9,2,20.27,0,1,12,0,1,1,0,0.191,15.15,0
93.36,6,455,24.54,2,69.11,0,0,10,0,1,1,0,0.028,28.66,0
33.22,22,180,1.04,1,18.19,1,0,6,0,1,1,1,0.071,14.94,0
19.08,16,41,0.97,1,3.78,1,0,3,0,1,1,1,0.034,27.19,0
11.33,7,1491,8.65,2,33.2,0,0,85,0,1,0,0,0.128,17.55,0
28.86,17,383,13.21,1,17.53,0,0,32,0,1,1,0,0.342,7.08,0
52.97,14,433,14.07,2,15.55,0,0,31,0,1,1,1,0.033,13.05,0
21.67,14,477,0.56,1,98.65,0,0,42,0,1,1,1,0.085,0.0,0
3.33,4,1108,17.9,3,12.22,0,0,66,0,1,0,0,0.245,24.78,0
106.56,1,31,2.09,2,16.07,0,0,2,0,1,1,1,0.027,15.72,0
36.24,15,1119,46.63,0,12.48,0,0,106,0,1,1,0,0.211,11.31,0
20.5,4,137,6.09,3,45.61,0,0,3,0,1,1,0,0.341,14.89,0
70.61,22,41,4.55,3,57.95,0,0,4,0,1,1,1,0.165,31.07,0
137.64,5,535,5.16,1,45.57,0,0,41,0,1,0,1,0.123,7.14,0
1.82,11,1886,41.55,1,31.2,0,0,121,0,1,1,1,0.34,18.49,0
46.26,4,29,9.89,3,35.93,0,1,2,0,1,1,0,0.173,7.06,0
7.19,19,278,8.56,2,40.92,0,0,8,1,1,1,0,0.176,8.54,0
49.36,7,377,12.52,2,65.57,0,0,26,0,1,1,1,0.085,13.54,0
34.05,10,145,40.05,1,153.34,0,0,4,0,1,1,0,0.304,24.73,0
56.58,13,2034,5.53,5,38.43,0,0,120,0,1,1,0,0.094,35.33,0
18.19,23,512,2.99,1,16.24,0,0,10,0,1,1,1,0.329,0.0,0
4.6,16,930,13.58,1,4.96,0,0,42,0,1,1,1,0.092,0.37,0
19.1,9,269,10.15,4,58.95,0,0,24,0,1,1,0,0.179,33.42,0
45.01,1,218,0.96,1,72.54,0,0,17,0,1,1,0,0.242,21.07,0
82.71,2,403,11.07,1,17.29,0,0,20,0,1,0,0,0.206,7.42,0
9.28,12,286,12.4,0,29.77,0,0,8,0,1,1,0,0.053,8.31,0
83.69,16,628,17.77,1,49.77,1,0,13,0,1,1,0,0.452,21.84,0
15.68,2,154,81.2,1,7.8,0,0,14,0,0,1,0,0.257,28.56,0
43.05,9,299,8.21,2,5.26,0,0,15,0,1,1,1,0.09,21.7,0
18.0,7,1128,10.71,5,18.76,0,0,86,0,1,1,0,0.018,41.64,0
35.95,3,706,1.17,2,14.52,0,0,65,0,1,1,1,0.117,19.93,0
73.1,12,92,26.72,0,90.0,0,0,7,0,1,1,1,0.129,0.0,0
8.78,6,1090,1.55,1,28.65,1,1,60,0,1,1,1,0.488,25.05,0
15.18,6,445,40.73,2,55.27,0,0,21,0,1,1,1,0.255,29.77,0
36.05,15,569,6.43,1,5.04,0,0,50,0,1,1,1,0.473,24.05,0
330.82,4,174,6.18,3,22.86,0,0,7,0,1,1,0,0.074,15.09,1
12.64,16,291,5.98,4,18.66,0,1,12,0,1,1,0,0.088,34.99,0
230.47,9,822,45.08,2,31.56,0,0,65,0,1,1,0,0.136,22.46,0
222.39,3,201,58.76,0,50.83,0,0,13,0,1,1,1,0.255,2.93,1
27.19,22,90,54.31,1,20.23,1,0,4,0,1,1,1,0.312,19.7,0
22.24,13,238,18.3,2,61.6,0,0,12,1,1,1,0,0.26,5.46,0
15.0,4,36,1.77,2,25.87,1,1,2,1,1,1,0,0.078,26.95,1
27.99,1,633,7.33,1,15.7,0,0,33,0,1,1,0,0.125,7.76,0
7.34,13,80,5.12,5,21.75,0,1,3,0,1,1,0,0.25,37.54,0
27.76,23,168,18.49,2,4.49,0,0,15,0,1,0,0,0.111,9.36,0
133.87,17,1065,10.18,1,66.3,0,2,62,0,1,1,1,0.179,0.67,0
16.26,23,389,14.38,1,25.1,0,0,12,0,1,1,1,0.218,11.56,0
23.55,10,194,0.13,1,41.29,0,0,5,0,1,1,0,0.317,0.82,0
5.47,15,397,22.91,1,70.83,0,1,16,0,1,1,1,0.021,12.93,0
43.56,17,123,45.56,0,6.46,0,0,12,0,1,1,0,0.139,0.0,0
39.04,15,13,16.6,1,3.48,0,1,1,0,1,1,1,0.373,11.04,0
31.93,20,463,28.65,0,89.17,0,0,11,0,1,1,1,0.115,3.98,0
24.12,3,626,9.76,3,12.82,1,0,14,0,1,1,0,0.104,37.75,0
22.36,0,1059,0.31,0,27.24,1,0,51,0,1,1,0,0.172,4.33,0
49.5,13,739,69.8,0,18.27,0,0,43,0,1,1,0,0.176,8.23,0
29.11,11,1306,0.91,3,28.78,1,0,54,0,1,1,0,0.016,34.53,0
41.06,23,2133,3.21,5,62.26,1,0,152,0,1,1,1,0.383,42.5,0
37.15,9,683,0.81,1,11.02,0,0,35,0,1,1,0,0.272,12.14,0
92.15,18,1012,14.71,1,106.76,0,0,62,0,1,1,0,0.088,3.53,0
58.97,3,560,13.13,2,21.03,0,0,22,0,1,1,0,0.192,14.13,0
36.34,19,94,3.53,0,101.53,1,0,2,0,1,1,0,0.138,15.54,0
136.79,20,100,47.08,1,4.27,2,0,7,0,1,1,0,0.28,25.04,1
45.62,2,58,36.71,4,14.14,0,0,4,0,1,1,1,0.151,34.02,0
110.49,3,1432,4.92,1,10.16,0,0,80,0,1,1,0,0.156,12.87,0
54.98,14,559,16.13,1,9.65,0,0,49,0,1,1,1,0.065,0.0,0
4.75,10,780,28.99,0,74.4,0,2,32,0,1,1,0,0.493,0.52,0
110.48,15,201,6.69,2,12.37,1,0,15,0,1,1,0,0.214,24.57,0
34.3,3,308,4.39,0,60.39,0,0,20,0,1,1,1,0.241,0.0,0
28.45,5,20,4.44,0,49.03,1,0,1,0,1,1,1,0.148,9.1,0
39.7,7,1099,25.76,4,66.61,0,0,37,0,1,1,1,0.21,37.98,0
21.22,12,959,9.33,1,6.9,0,1,68,1,1,1,1,0.195,1.34,0
37.6,22,768,18.85,2,45.71,0,1,23,0,1,0,1,0.245,11.04,0
16.58,19,30,15.76,0,75.89,0,1,2,0,1,1,1,0.145,0.0,0
107.15,3,96,5.48,0,60.89,1,0,3,0,1,1,0,0.053,16.9,0
26.75,4,203,3.5,0,25.8,0,0,3,0,1,1,0,0.202,0.0,0
20.44,9,153,2.02,3,6.85,0,0,6,0,1,0,0,0.269,29.53,0
11.88,4,912,0.36,1,28.33,0,0,80,1,1,1,1,0.211,14.87,0
39.2,11,108,1.27,1,42.92,0,0,2,0,1,1,1,0.205,0.0,0
36.13,0,380,4.44,1,18.25,0,0,8,1,1,1,1,0.067,12.85,0
44.19,23,424,18.76,3,25.3,0,0,25,0,1,1,1,0.043,23.1,0
10.73,9,277,2.52,1,58.83,0,0,4,0,1,1,1,0.323,22.41,0
6.04,4,138,11.12,2,32.2,1,0,9,0,1,1,1,0.096,28.75,0
56.01,18,1613,4.22,3,88.76,2,0,110,0,1,1,1,0.242,39.21,0
132.24,18,267,10.76,2,32.47,0,0,9,0,1,0,0,0.093,18.77,0
10.74,19,650,20.8,3,22.66,1,0,34,0,1,1,0,0.185,34.13,0
146.85,11,102,4.64,2,57.25,0,0,8,0,1,1,1,0.298,26.43,0
39.8,22,865,6.41,1,49.67,0,0,28,0,1,1,0,0.115,5.11,0
29.75,15,122,19.26,3,23.88,0,0,8,1,1,1,1,0.213,25.75,0
20.13,4,562,11.86,2,74.61,0,1,29,0,1,1,1,0.244,0.0,0
7.5,16,353,1.49,2,9.98,0,0,17,0,1,0,1,0.175,19.85,0
80.46,13,79,21.29,2,21.45,0,0,3,0,1,1,0,0.081,10.52,0
13.8,11,13,4.87,3,179.91,0,0,0,0,1,1,1,0.017,30.89,0
13.74,12,1335,7.29,3,81.34,0,0,50,0,1,1,0,0.161,29.96,0
80.8,20,67,4.22,3,58.43,1,0,4,0,1,1,0,0.45,43.56,0
4.56,13,610,11.76,0,12.91,1,1,15,1,1,0,0,0.16,18.3,0
6.53,4,529,18.45,0,5.74,1,0,46,0,1,1,0,0.15,7.63,0
29.43,21,209,24.38,1,21.86,0,0,16,1,1,1,0,0.168,9.35,0
40.18,22,103,38.29,1,39.63,0,0,5,0,1,1,1,0.302,14.43,0
48.65,4,98,6.68,1,70.49,0,0,3,0,1,1,1,0.098,0.19,0
22.16,17,440,40.46,1,11.19,0,0,21,0,1,0,0,0.173,2.63,0
376.29,13,396,14.39,2,32.23,0,0,28,0,1,1,1,0.203,12.86,0
23.86,17,1043,7.4,0,21.45,0,0,49,0,1,1,0,0.127,1.47,0
23.79,19,511,32.74,0,30.56,0,0,12,0,1,1,1,0.15,2.57,0
13.5,0,855,13.0,1,39.44,0,1,22,0,1,1,1,0.145,0.18,0
33.92,6,16,9.08,2,21.48,0,0,1,0,1,1,0,0.038,17.43,0
55.42,16,556,0.17,1,16.59,0,0,48,0,1,1,0,0.17,0.62,0
99.84,2,133,18.96,1,23.62,1,0,11,0,1,1,1,0.081,28.35,0
6.76,9,146,1.21,1,41.72,0,0,11,0,1,1,0,0.136,3.26,0
23.43,6,638,5.12,2,41.57,0,0,51,0,1,1,1,0.074,25.11,0
46.84,11,789,48.93,3,11.76,0,1,77,0,1,1,0,0.316,22.88,1
53.9,21,232,2.53,2,10.16,0,0,6,0,1,1,1,0.376,20.17,0
30.16,14,781,5.6,0,59.38,1,0,48,0,1,0,0,0.021,20.62,0
51.54,22,293,40.4,2,9.39,1,1,11,0,1,1,1,0.202,43.96,0
13.34,20,975,6.18,2,16.31,0,0,34,0,1,1,1,0.126,10.31,0
142.3,15,13,5.98,4,23.23,0,0,0,0,1,1,0,0.067,15.95,0
80.85,7,44,15.66,0,28.04,0,0,1,0,1,1,0,0.163,13.84,0
7.81,5,749,2.11,3,26.08,1,0,53,0,1,1,1,0.33,36.36,0
10.23,3,489,54.04,5,46.07,0,0,25,0,1,0,1,0.134,42.52,0
10.52,10,409,4.82,1,93.97,0,0,16,0,1,1,0,0.214,7.62,0
59.03,16,476,23.1,2,25.78,0,0,11,0,1,1,1,0.441,31.83,0
8.29,1,1331,5.09,1,12.9,2,0,54,0,1,1,1,0.346,39.54,0
21.52,5,533,4.83,1,33.89,0,0,30,0,1,1,1,0.124,0.0,0
47.21,3,521,0.89,0,21.63,0,0,35,0,1,1,0,0.24,5.17,0
28.05,2,712,1.91,2,18.93,1,0,49,0,1,1,0,0.269,31.68,0
38.82,6,1007,11.07,0,48.48,1,0,34,0,0,1,1,0.479,0.0,0
10.32,6,152,12.9,0,10.49,1,1,7,1,1,1,1,0.065,19.16,0
54.32,15,480,25.38,1,17.63,0,0,24,0,0,1,1,0.236,12.36,0
16.23,1,439,0.93,0,23.17,1,0,7,0,1,1,0,0.024,20.41,0
21.66,7,72,6.6,1,52.27,0,1,6,0,1,1,1,0.564,0.65,0
38.01,14,367,3.35,2,44.31,0,0,26,0,1,1,0,0.227,15.99,0
33.22,15,36,6.64,0,59.42,0,0,2,0,1,1,1,0.277,5.71,0
30.69,0,102,6.56,0,15.57,1,0,6,0,1,1,0,0.183,9.44,0
14.15,9,1221,6.56,1,107.04,0,0,67,0,1,0,1,0.09,13.52,0
22.21,6,63,5.56,0,21.02,0,0,2,0,1,1,1,0.211,5.12,0
30.03,15,432,21.66,3,43.47,0,0,21,0,1,1,1,0.118,37.54,0
7.58,9,195,17.55,1,31.8,1,1,6,0,1,1,1,0.157,5.14,0
18.87,11,405,6.27,1,15.1,1,0,34,0,1,1,0,0.072,0.0,0
44.15,16,134,2.38,1,20.95,0,0,4,0,1,1,1,0.511,8.59,0
8.35,12,294,10.96,3,43.51,0,0,11,0,1,1,1,0.06,20.21,0
95.26,11,1010,37.67,2,41.93,1,0,17,0,1,0,1,0.276,27.7,0
106.66,14,236,1.98,1,35.88,0,0,11,0,1,1,0,0.103,0.0,0
8.63,13,218,20.98,1,68.38,1,0,16,0,1,1,0,0.199,13.4,0
116.47,18,295,13.72,1,75.22,0,0,9,0,1,1,1,0.295,0.0,0
25.96,18,53,13.32,1,23.4,0,0,3,1,1,1,0,0.136,6.1,0
45.54,13,245,40.92,1,14.42,0,1,23,1,1,1,0,0.19,12.73,0
18.24,17,3,46.83,1,10.86,0,0,0,0,1,1,1,0.102,13.16,0
75.42,4,350,4.19,2,39.45,0,0,29,0,1,1,0,0.261,17.36,0
44.97,19,942,24.79,2,83.65,0,0,78,0,1,1,1,0.15,13.54,0
13.27,5,402,14.55,0,32.51,0,0,28,0,1,1,1,0.334,5.26,0
9.34,17,468,7.89,1,23.71,0,0,22,0,1,1,0,0.221,0.0,0
6.96,13,16,16.43,1,61.73,0,0,1,0,1,1,0,0.116,15.87,1
36.16,3,981,46.84,0,13.86,0,0,93,0,1,1,0,0.25,0.0,0
53.12,22,243,10.91,1,25.05,0,0,9,0,1,1,1,0.293,7.13,0
57.45,0,1842,42.22,0,11.69,1,1,107,1,1,1,1,0.113,10.33,0
26.63,12,64,15.45,1,45.95,0,0,4,0,1,0,1,0.201,0.0,0
9.42,10,1447,9.89,1,10.98,0,0,95,0,1,1,1,0.168,1.28,0
15.15,2,503,15.5,2,60.03,0,1,25,0,1,1,0,0.095,24.96,0
94.85,16,27,13.84,1,19.69,0,0,1,0,1,1,0,0.096,6.6,0
18.46,17,1782,8.21,3,129.34,0,0,37,0,1,0,0,0.133,19.82,0
34.58,9,7,12.4,1,4.55,0,1,0,1,1,0,1,0.492,6.01,0
10.22,15,656,18.22,1,33.63,0,1,61,0,1,1,1,0.346,0.0,0
41.95,20,1102,27.38,0,37.04,0,0,68,0,1,1,0,0.124,0.0,0
18.96,12,97,5.44,2,18.91,0,2,3,1,1,1,1,0.085,34.14,0
85.35,19,210,0.22,1,143.26,0,0,8,0,1,0,1,0.159,28.95,0
64.95,11,412,12.02,0,95.04,0,0,31,0,1,1,0,0.065,0.0,0
18.25,3,569,10.08,2,45.09,0,0,42,0,1,1,0,0.191,23.46,0
26.4,7,1027,0.84,2,18.46,0,1,73,0,1,1,1,0.088,25.6,0
17.27,11,716,15.02,3,19.13,0,0,26,0,1,1,1,0.289,31.63,0
7.25,18,226,42.56,0,12.97,0,2,19,0,1,1,1,0.225,0.0,0
12.71,14,862,7.72,1,40.6,1,0,19,0,1,1,1,0.275,26.95,0
36.53,15,1692,33.72,2,6.84,0,0,87,0,1,0,1,0.313,16.7,0
41.48,11,129,25.16,0,29.24,0,0,10,0,1,0,1,0.378,2.79,0
34.76,19,38,2.65,3,30.15,0,1,1,0,1,1,1,0.274,15.18,0
22.16,17,278,23.22,2,11.4,0,0,10,0,1,1,1,0.301,16.25,0
76.18,21,1066,10.91,1,39.91,0,0,17,0,0,1,1,0.142,13.82,0
31.93,11,81,37.63,2,19.7,0,1,4,0,1,1,1,0.182,19.2,0
60.54,15,1085,3.15,0,27.75,0,0,101,0,1,1,0,0.04,0.0,0
5.08,19,2428,2.0,3,25.31,1,1,144,1,1,1,1,0.097,31.96,0
1.0,10,28,4.14,2,17.84,1,0,2,0,1,1,0,0.192,36.56,0
39.8,21,342,0.92,4,21.48,1,0,11,0,1,1,1,0.089,53.06,0
7.21,19,199,5.79,3,41.92,0,0,9,0,1,1,1,0.225,37.0,0
24.23,13,250,4.99,1,66.01,0,0,24,0,1,1,0,0.255,3.51,0
22.15,1,300,8.07,1,51.75,0,0,24,0,1,1,1,0.131,16.49,0
146.55,12,673,9.33,1,60.96,0,2,43,0,1,1,0,0.107,0.0,0
44.7,13,447,2.34,0,8.22,0,0,10,0,1,1,1,0.138,0.0,0
35.37,5,1625,14.49,0,13.91,0,1,44,0,1,1,0,0.118,0.0,0
69.2,11,202,3.8,3,12.0,0,0,10,0,1,0,0,0.079,29.98,0
43.31,6,390,1.95,0,10.96,0,0,32,0,1,1,1,0.024,6.52,0
18.96,3,839,18.51,0,19.47,0,0,65,0,1,1,1,0.064,0.0,0
87.49,6,233,0.34,2,10.26,0,0,20,1,1,1,0,0.125,17.67,0
9.88,12,313,6.89,0,20.8,0,0,15,0,1,1,0,0.17,12.84,0
41.4,10,578,2.34,1,16.29,1,1,37,0,1,0,1,0.127,7.73,0
6.38,7,986,32.16,3,76.93,1,0,41,0,1,1,1,0.156,33.57,0
36.74,18,269,26.1,1,23.92,0,0,16,0,1,1,1,0.149,22.48,0
36.34,1,380,0.94,2,106.96,1,0,25,0,1,1,1,0.101,13.88,0
160.21,20,1847,11.99,4,92.94,0,0,110,0,1,1,0,0.097,34.4,0
6.27,17,22,5.25,3,22.97,0,0,0,0,1,1,1,0.201,15.59,0
16.43,20,297,3.21,0,24.95,0,0,13,0,1,0,1,0.104,0.0,0
68.22,9,505,5.6,3,50.39,0,0,34,0,1,1,1,0.248,23.43,0
41.9,5,4,25.38,3,8.42,0,0,0,0,1,1,1,0.158,29.07,1
35.88,23,454,0.89,1,52.1,0,0,24,0,1,1,1,0.253,10.51,0
11.52,21,29,15.67,1,91.53,1,0,0,0,1,1,1,0.091,0.0,0
16.6,3,974,36.69,1,14.12,0,0,53,0,1,1,1,0.244,4.68,0
104.07,18,823,8.91,0,29.51,0,0,52,0,1,1,0,0.329,10.84,0
28.46,13,16,34.77,1,17.23,0,0,0,0,1,1,1,0.189,0.12,0
43.61,13,25,35.6,1,60.49,0,0,0,0,1,1,1,0.166,0.0,0
26.7,17,700,14.11,1,104.57,0,0,41,0,1,1,1,0.495,11.46,0
9.18,16,231,9.13,1,9.38,0,1,11,0,1,0,0,0.178,18.65,0
76.23,17,428,20.07,0,29.12,0,0,31,0,1,1,0,0.267,0.8,0
49.56,17,158,37.19,1,36.25,0,0,4,0,1,1,1,0.046,9.11,0
300.56,4,95,17.09,3,47.6,0,0,5,0,1,1,0,0.225,23.5,0
10.85,8,176,3.53,0,16.06,0,1,16,0,1,0,0,0.188,6.04,0
68.21,0,142,25.73,1,17.86,0,0,13,0,1,1,1,0.141,0.0,0
8.07,3,297,45.4,0,91.6,0,0,26,0,1,0,0,0.126,0.0,0
35.07,6,687,7.92,2,7.82,0,0,57,0,1,0,0,0.2,10.72,0
79.56,10,404,17.94,4,30.01,0,0,38,0,1,1,0,0.074,44.35,0
3.77,13,470,10.95,0,17.8,0,0,45,0,1,1,1,0.223,0.0,0
24.41,9,318,1.78,1,20.6,0,0,12,0,1,1,0,0.485,0.0,0
17.06,18,196,6.46,1,108.18,0,0,11,0,1,1,0,0.104,4.06,0
14.85,7,77,2.68,1,27.84,0,0,5,0,1,1,0,0.07,0.0,0
44.05,2,219,16.79,2,88.63,1,0,12,1,1,1,0,0.092,14.37,0
91.9,7,547,13.09,1,83.61,1,0,50,0,1,0,1,0.509,9.07,0
26.23,17,662,0.51,5,65.88,0,0,64,0,1,1,1,0.153,37.7,0
36.8,4,317,0.95,3,8.57,1,0,18,0,1,1,1,0.164,19.06,0
33.59,19,518,4.53,1,26.87,1,0,22,0,1,0,1,0.262,16.54,0
30.02,10,118,20.49,2,69.21,1,0,5,0,1,1,1,0.141,33.82,0
10.08,8,983,2.03,3,72.43,1,0,71,0,1,1,1,0.088,35.01,0
90.78,18,1005,3.44,1,30.6,0,0,77,0,1,1,0,0.092,12.42,0
40.25,11,193,35.73,1,33.26,0,0,9,0,1,1,0,0.167,5.63,0
44.47,4,397,11.85,1,12.62,0,0,34,0,1,1,1,0.366,1.72,0
13.38,15,467,14.55,1,3.58,0,0,12,0,1,1,0,0.166,17.86,0
18.93,12,320,9.13,5,14.5,1,1,5,0,1,1,1,0.216,59.34,0
25.13,5,1210,5.35,3,109.44,0,0,118,1,0,1,1,0.041,24.42,0
6.46,15,673,4.3,1,10.28,1,0,62,0,1,1,1,0.231,7.87,0
5.54,17,558,13.35,3,34.05,0,0,23,0,1,1,1,0.115,16.95,0
16.43,16,367,9.55,2,49.58,0,0,35,0,1,0,0,0.109,30.57,0
50.53,11,44,7.74,1,16.24,0,1,1,0,1,0,1,0.356,0.0,0
15.59,0,57,17.78,1,19.43,0,1,3,0,1,1,1,0.083,7.17,0
10.82,6,178,7.77,1,20.3,1,0,10,0,0,1,1,0.488,16.14,0
13.27,13,119,0.56,0,26.57,1,0,8,0,1,1,0,0.268,22.76,0
19.0,17,1524,27.46,2,41.86,0,0,92,0,1,1,1,0.583,3.82,0
21.03,22,264,5.75,1,42.99,0,0,24,0,1,1,1,0.231,10.97,0
261.26,0,1046,43.89,3,12.06,0,0,66,0,1,1,1,0.457,25.44,1
86.02,19,852,31.75,3,81.09,0,0,16,0,1,1,1,0.064,20.77,0
83.49,9,837,4.0,0,25.55,0,0,26,0,1,0,0,0.131,0.0,0
96.41,14,121,50.49,2,4.16,1,0,11,0,1,1,1,0.077,16.59,0
11.04,10,296,28.82,3,10.68,0,0,6,0,1,1,1,0.107,21.51,0
8.83,3,191,63.01,3,20.58,0,0,15,0,1,1,0,0.139,16.15,0
9.91,14,1760,17.0,2,15.28,0,0,172,0,0,1,1,0.293,23.36,0
113.81,20,1047,40.05,3,10.89,0,0,20,0,1,1,0,0.122,25.12,0
17.34,15,144,17.57,2,24.51,0,0,12,0,0,1,1,0.316,15.55,0
8.57,14,188,28.97,1,77.83,1,0,14,1,1,1,1,0.225,6.13,0
19.47,16,376,14.14,1,43.07,0,0,7,1,1,1,0,0.033,17.56,0
23.6,22,163,39.71,1,12.85,0,0,10,0,1,1,1,0.136,3.14,0
39.19,10,870,10.95,3,111.84,1,0,80,0,1,1,0,0.139,34.68,0
38.51,17,855,20.01,5,53.26,0,0,45,0,1,1,1,0.362,35.04,0
13.09,15,644,37.33,0,11.78,1,0,50,0,1,1,0,0.166,0.0,0
59.48,14,584,8.23,2,12.55,2,0,25,0,1,1,1,0.071,31.95,0
15.81,10,396,0.4,1,24.88,0,0,19,0,1,1,0,0.169,15.92,0
25.63,12,213,1.8,4,39.79,0,0,15,0,1,1,1,0.163,33.22,0
59.55,17,907,53.59,0,64.96,1,0,17,0,1,1,1,0.202,7.49,0
15.77,7,979,30.98,0,8.26,0,2,76,0,1,1,1,0.061,4.03,0
16.96,8,25,9.91,2,26.47,0,0,0,0,1,1,1,0.108,8.48,0
54.15,21,254,48.62,1,32.72,0,1,22,0,1,1,1,0.404,0.0,0
12.71,10,13,3.08,1,33.76,0,0,0,0,1,1,0,0.189,9.06,0
20.39,16,915,1.76,1,18.02,0,0,37,0,1,1,1,0.165,0.0,0
52.23,0,97,13.8,1,34.6,0,0,7,0,1,1,1,0.165,12.74,0
233.71,10,560,7.22,0,46.4,0,1,52,0,1,1,1,0.161,2.33,0
54.89,6,221,6.23,1,7.25,0,0,13,0,1,1,1,0.16,14.02,0
48.07,7,847,19.87,2,26.73,0,1,74,0,1,1,1,0.314,0.0,0
50.95,18,356,2.44,1,4.98,1,0,33,0,0,0,0,0.23,15.71,0
10.25,3,196,22.61,0,8.35,0,0,9,0,1,1,1,0.08,10.6,0
33.64,3,196,6.68,1,8.68,0,1,16,0,0,1,0,0.512,17.34,0
29.09,18,198,64.84,1,12.0,0,0,16,1,1,1,0,0.447,9.64,0
41.33,23,777,24.81,0,38.34,0,0,48,0,1,1,0,0.146,7.94,0
33.67,8,621,15.59,0,18.03,1,0,13,0,1,1,0,0.014,20.92,0
43.8,16,192,3.91,2,54.61,0,0,16,0,1,1,0,0.086,23.43,0
21.94,17,337,47.0,3,30.26,0,0,7,0,1,1,0,0.383,31.56,0
31.77,0,40,0.5,1,32.05,0,0,3,0,1,1,1,0.173,13.9,0
8.78,13,879,3.79,0,61.44,1,0,48,0,1,1,0,0.121,10.09,0
21.76,3,155,0.56,0,10.67,0,1,2,0,1,1,0,0.21,0.0,0
120.4,9,1100,50.95,1,31.34,0,0,39,1,1,1,0,0.179,14.08,0
41.22,22,454,30.77,0,28.7,0,0,16,0,1,0,1,0.214,0.0,0
29.34,13,419,45.58,1,24.34,1,0,37,0,1,1,1,0.48,13.81,0
199.56,6,89,18.83,0,74.62,0,0,2,0,1,1,1,0.148,0.0,0
7.68,11,36,0.42,0,39.88,0,0,1,0,1,0,1,0.245,0.0,0
9.88,21,402,40.21,5,16.66,0,0,18,0,1,1,1,0.223,47.91,0
166.12,15,316,8.2,3,14.5,0,0,9,0,1,1,0,0.295,33.42,1
31.37,4,64,6.89,0,24.26,1,0,2,0,1,1,0,0.318,5.03,0
23.51,10,903,5.01,3,63.51,1,1,31,1,1,1,0,0.153,25.95,0
9.03,3,270,5.07,0,44.37,0,0,7,0,1,1,1,0.174,8.47,0
46.88,12,151,24.19,2,34.45,0,0,10,0,1,1,1,0.244,18.64,0
51.65,7,776,4.44,1,15.16,0,0,17,0,1,1,0,0.471,0.0,0
10.03,6,1221,3.77,2,19.44,0,0,56,0,1,1,1,0.334,20.92,0
26.04,10,183,17.96,1,4.47,0,0,13,0,1,1,1,0.057,18.67,0
21.42,10,748,5.08,0,52.09,1,0,31,0,1,1,1,0.019,18.38,0
38.71,16,529,0.2,0,41.2,2,0,23,0,1,1,0,0.016,10.72,0
9.78,21,2289,40.27,1,223.77,0,0,184,0,1,1,1,0.237,0.0,0
104.79,13,114,5.64,2,33.04,0,0,9,0,1,1,1,0.077,21.4,0
74.88,1,1618,21.68,0,66.91,0,0,126,1,1,1,1,0.315,1.22,0
20.84,19,189,9.49,4,38.66,0,1,8,0,1,1,1,0.04,23.88,0
24.13,20,265,2.16,0,27.18,0,0,16,0,1,1,1,0.153,0.0,0
26.14,7,222,16.27,0,38.99,0,0,19,0,1,1,0,0.063,0.0,0
13.76,21,156,3.95,4,40.02,0,0,8,0,1,1,0,0.113,19.18,0
19.23,1,591,5.09,3,27.36,0,0,23,0,1,1,0,0.221,10.71,0
22.87,20,445,0.49,0,42.36,0,1,8,0,1,1,1,0.187,4.45,0
150.34,14,182,0.25,1,88.45,0,0,11,0,1,0,1,0.119,7.84,0
77.22,4,71,10.81,1,30.59,0,0,2,0,1,1,1,0.365,6.7,0
76.3,5,191,0.89,1,67.16,0,1,14,0,1,1,1,0.411,4.02,0
43.38,16,240,3.52,3,71.63,1,0,5,0,1,1,0,0.215,30.08,0
9.8,7,240,38.62,0,37.04,0,1,12,0,0,1,0,0.171,2.76,0
28.75,18,221,1.3,2,57.16,0,1,9,0,1,1,0,0.305,20.41,0
79.08,4,25,5.15,4,5.92,0,0,0,0,1,0,1,0.049,44.14,0
8.51,22,312,19.45,1,19.37,1,1,30,0,1,1,1,0.105,14.16,0
56.63,18,905,32.35,2,26.04,0,1,22,0,0,1,1,0.353,22.19,0
305.7,13,99,0.71,0,30.42,0,0,1,0,1,0,0,0.441,4.37,0
86.64,9,79,3.08,1,51.32,1,0,1,0,1,1,1,0.272,17.94,0
123.23,12,319,7.36,1,15.9,0,0,8,0,1,1,1,0.228,20.46,0
37.28,21,231,6.72,2,9.2,0,1,20,1,1,1,0,0.219,24.52,0
78.88,4,412,5.11,1,26.9,0,0,12,0,1,1,0,0.274,8.04,0
14.62,6,1469,4.16,1,10.62,0,0,94,0,1,0,1,0.141,7.6,0
66.41,9,715,4.69,0,17.37,0,1,49,0,1,1,1,0.045,9.43,0
57.65,10,581,2.15,1,9.65,0,0,46,0,1,0,0,0.064,0.0,0
40.04,2,269,2.67,0,86.9,1,0,7,0,1,1,1,0.062,8.88,0
111.72,12,169,14.0,0,31.14,1,0,4,0,1,1,1,0.487,14.09,0
17.48,1,389,5.18,0,18.11,2,1,16,0,1,1,1,0.19,15.75,0
24.85,3,1083,7.65,0,13.9,0,0,27,0,1,1,0,0.305,0.0,0
32.97,2,1047,7.96,2,18.14,0,0,41,0,1,1,1,0.169,9.99,0
10.7,14,295,1.74,2,91.2,0,0,19,0,1,1,1,0.161,0.0,0
37.6,3,141,25.68,4,8.25,0,0,7,0,1,0,1,0.105,18.14,0
5.37,22,128,46.98,3,21.68,0,0,5,0,1,0,0,0.269,23.23,0
85.37,20,17,4.59,2,31.73,0,0,0,0,1,1,1,0.196,2.27,0
31.39,3,925,5.23,0,11.98,0,0,33,0,1,1,1,0.055,0.43,0
17.8,14,154,17.72,0,12.86,0,0,8,0,1,0,1,0.054,0.0,0
13.01,5,222,1.26,2,11.84,0,0,12,0,1,1,0,0.142,16.61,0
23.7,22,828,35.68,0,29.22,0,0,75,0,1,0,1,0.125,2.07,0
59.64,4,64,1.93,2,42.44,0,0,4,0,1,1,0,0.196,15.91,0
51.82,11,309,19.76,0,59.02,0,0,21,0,1,1,1,0.148,3.13,0
14.8,6,65,5.17,1,20.12,0,0,2,0,1,1,0,0.328,0.0,0
12.86,2,292,5.86,0,39.98,0,0,13,0,1,1,0,0.221,6.42,0
57.79,6,24,2.28,1,61.96,0,0,2,0,1,1,1,0.15,3.34,0
14.55,11,365,15.59,2,36.01,0,0,23,0,1,1,1,0.126,9.23,0
31.81,14,794,23.77,1,28.69,0,1,25,0,1,1,0,0.223,8.27,0
33.91,18,564,45.01,3,16.4,0,0,43,0,1,1,0,0.405,12.2,0
40.94,5,356,6.04,1,14.37,0,0,7,0,1,1,1,0.033,2.15,0
70.69,7,882,14.56,0,83.35,0,0,80,0,1,1,1,0.503,0.0,0
8.47,5,129,8.04,4,21.85,0,0,8,0,1,1,1,0.256,41.94,0
4.43,2,888,12.24,2,25.34,0,0,87,0,1,1,0,0.25,18.37,0
16.99,4,162,2.67,2,208.15,0,0,6,0,1,1,1,0.231,15.92,0
181.55,8,225,13.08,3,21.81,0,0,5,0,1,1,0,0.126,13.93,0
226.37,23,69,28.37,1,20.28,1,0,3,0,1,0,1,0.354,28.09,1
187.01,15,54,29.89,4,32.1,0,1,3,0,1,1,1,0.116,37.28,1
24.71,21,1345,9.91,1,7.87,0,0,106,0,1,1,1,0.086,17.53,0
5.04,15,105,4.03,3,17.72,0,0,7,1,1,1,1,0.331,32.91,0
2.88,8,203,27.18,3,15.99,0,0,10,0,1,1,0,0.059,24.32,0
16.22,17,377,112.01,1,14.76,0,0,12,0,1,1,0,0.061,7.97,0
24.58,12,214,7.1,2,79.29,0,0,19,0,1,1,1,0.102,2.75,0
110.02,10,1021,38.73,2,14.26,0,0,43,0,1,1,1,0.112,16.63,0
71.36,9,1155,61.53,1,15.51,0,1,39,0,1,1,1,0.247,1.97,0
37.62,9,197,7.55,2,24.97,1,0,7,0,1,1,1,0.051,31.5,0
12.31,5,48,18.9,2,14.5,0,2,2,0,1,1,0,0.14,18.7,0
11.46,15,118,13.05,2,21.23,1,0,2,0,1,0,0,0.084,14.84,0
38.63,11,322,19.21,4,19.75,1,0,26,0,1,1,0,0.522,32.77,0
60.16,3,170,2.51,1,21.19,0,0,14,0,1,1,1,0.235,13.5,0
44.34,4,302,6.85,0,9.09,0,0,27,0,1,1,0,0.357,0.0,0
10.65,1,711,0.97,1,46.87,0,0,60,1,1,1,1,0.342,16.26,0
57.44,18,273,14.25,1,35.76,1,0,6,0,1,1,0,0.141,18.27,0
45.87,0,110,39.2,1,20.83,1,0,6,0,1,1,0,0.207,0.86,0
10.27,3,222,12.32,2,32.04,0,0,6,0,1,1,1,0.118,15.85,0
13.68,11,679,1.09,1,18.74,0,0,17,0,1,1,1,0.333,21.25,0
59.65,1,276,39.97,0,25.12,1,0,4,0,1,1,1,0.123,0.0,0
23.7,11,144,2.14,0,6.01,0,0,2,0,1,1,0,0.176,0.0,0
146.81,15,279,32.18,0,39.84,1,0,12,0,1,1,0,0.033,16.27,0
49.46,1,303,18.79,1,11.61,0,0,5,0,1,1,0,0.019,11.98,0
18.42,16,176,15.17,1,23.52,0,0,9,0,1,1,0,0.339,22.64,0
29.66,1,2723,13.26,1,34.69,1,0,75,0,0,0,0,0.534,27.14,0
31.92,3,730,2.11,4,113.48,0,0,62,0,1,1,0,0.426,36.93,0
14.46,5,590,10.42,0,54.45,1,0,28,0,1,1,0,0.102,5.06,0
12.03,22,965,3.29,2,5.13,0,0,67,0,1,0,1,0.207,23.86,0
60.42,6,549,12.72,3,15.98,0,0,30,0,1,1,1,0.186,14.88,0
69.77,22,783,8.9,0,22.03,0,0,42,0,1,1,0,0.191,0.0,0
54.81,14,266,17.08,5,20.27,0,0,14,1,1,1,1,0.208,32.08,0
136.36,19,347,60.68,2,6.89,1,0,13,0,1,1,0,0.305,27.1,0
17.43,11,24,6.72,1,52.23,1,0,0,0,1,1,0,0.437,11.95,0
159.86,4,165,14.38,3,36.23,0,0,14,0,1,1,1,0.18,29.96,0
12.17,13,229,29.97,0,16.02,1,0,18,0,1,1,1,0.24,5.0,0
10.88,15,491,1.46,1,17.08,1,0,18,0,1,1,1,0.112,7.47,0
5.16,10,312,24.16,0,27.9,2,0,5,0,1,0,0,0.401,22.74,1
19.19,11,468,4.11,0,53.52,0,0,28,0,0,1,0,0.384,0.0,0
18.11,18,625,11.66,1,37.51,0,0,15,0,1,1,1,0.522,8.78,0
50.7,16,22,71.52,2,16.13,0,0,1,0,1,1,1,0.455,24.38,0
38.24,23,149,62.08,5,22.1,0,2,6,0,1,1,1,0.063,38.65,1
9.09,6,94,5.69,0,41.74,0,0,6,0,1,1,0,0.099,0.0,0
20.23,8,104,2.12,1,34.12,0,2,5,0,1,1,0,0.409,0.0,0
20.67,13,350,41.75,1,10.85,1,0,8,1,1,1,0,0.522,18.15,0
5.07,19,673,33.6,0,13.37,0,0,66,0,1,1,1,0.419,0.0,0
11.24,11,159,14.36,1,60.1,2,1,2,0,1,1,1,0.038,23.54,0
13.86,14,870,0.49,1,57.37,0,0,82,0,0,1,1,0.13,4.42,0
125.67,11,1115,20.87,0,41.4,1,1,83,0,1,1,0,0.279,3.63,0
36.29,20,216,2.63,0,47.81,1,0,13,0,1,1,0,0.283,12.06,0
58.1,20,572,42.98,1,8.59,0,0,49,0,1,0,1,0.224,2.19,0
6.7,22,62,8.57,1,6.13,0,0,1,0,1,1,0,0.201,10.26,0
98.91,12,681,14.32,1,16.43,0,0,19,0,1,1,1,0.234,10.82,0
110.07,8,90,4.95,1,52.19,0,0,5,0,1,1,1,0.176,12.45,0
4.06,23,581,9.67,3,22.7,0,0,35,0,1,1,0,0.137,18.08,0
14.8,6,274,21.08,1,21.19,0,0,17,0,1,1,0,0.094,0.88,0
49.19,0,1319,10.16,2,252.53,0,0,115,0,1,1,0,0.232,13.18,0
57.08,9,312,28.18,0,32.11,2,0,22,0,1,1,1,0.102,29.99,0
